tracking_no,accepted_at,branch_code,branch_name,sender_id,sender_name,receiver_name,receiver_phone,receiver_area,receiver_dong,region_type,category,item_name,weight_kg,width_cm,height_cm,depth_cm,volume_weight_kg,billed_weight_kg,size_grade,price,eta_date,status,delivered_at,channel,accepted_at_raw,eta_date_raw,weight_kg_raw,width_cm_raw,billed_weight_kg_raw
1200002190,2026-05-28 12:54:00,12,용산지점,CEB61B278,오승준,김규준(직접수령),010-8199-7563,서울,용산구 이태원동,일반,식품,김,2.3,33.0,20.0,18.0,1.98,2.3,소형,4000.0,2026-05-29,배송완료,2026-05-29 12:41:00,인터넷접수,2026-05-28 12:54:00,2026-05-29,2.3,33,2.3
1100000343,2026-07-18 18:47:00,11,서울지점,CE102BD38,백진경,김영진,010-2348-5349,대전,중구 은행동,일반,생활용품,빨래건조대,1.9,36.0,38.0,29.0,6.61,6.61,중형,6000.0,2026-07-20,배송완료,2026-07-20 18:27:00,편의점접수,2026-07-18 18:47:00,2026-07-20,1.9,36,6.6
1100001567,2026-05-21 15:47:00,11,서울지점,CC184A485,김성자,정주서,010-4267-2056,경남,거제시 장승포동,일반,전자·디지털,모니터,1.3,20.0,14.0,21.0,0.98,1.3,극소형,3500.0,2026-05-22,배송완료,2026-05-22 11:57:00,인터넷접수,2026/05/21 15:47,2026-05-22,1.3,20,1.3
2100000765,2026-06-24 10:28:00,21,대전지점,C080A859D,전영경,강민영,010-6692-4741,경남,진주시 충무공동,일반,생활용품,주방용품,5.1,42.0,38.0,32.0,8.51,8.51,중형,6000.0,2026-06-25,배송완료,2026-06-25 9:36:00,방문접수,2026-06-24 10:28:00,2026.06.25,5.1,42,8.5
4100000278,2026-06-15 17:53:00,41,울산지점,C12C29DEE,조민희,송은자,010-8235-9966,광주,북구 운암동,일반,화장품·미용,샴푸,2.4,39.0,23.0,17.0,2.54,2.54,소형,4000.0,2026-06-16,배송완료,2026-06-18 17:49:00,인터넷접수,2026-06-15 17:53:00,2026-06-16,2.4,39,2.5
4100002737,2026-06-16 14:29:00,41,울산지점,C3392CF74,전규자,장윤진,010-3561-1467,울산,중구 성남동,일반,식품,김치통,8.6,33.0,15.0,12.0,0.99,8.6,중형,6000.0,2026-06-17,배송완료,2026-06-17 18:55:00,방문접수,2026-06-16 14:29:00,2026-06-17,8.6,33,8.6
3100002934,2026-08-02 16:38:00,31,진주지점,C4F9F02A3,김시경,김예현,010-2760-1863,대전,유성구 노은동,일반,의류·패션,모자,1.9,41.0,42.0,29.0,8.32,8.32,중형,6000.0,2026-08-03,배달중,,방문접수,2026-08-02 16:38:00,2026-08-03,1.9,41,8.3
1200001222,2026-08-05 14:22:00,12,용산지점,CF48FA859,최태숙,김하연,010-4396-7679,경기,용인시 기흥구,일반,화장품·미용,헤어드라이어,1.0,33.0,32.0,18.0,3.17,3.17,중형,6000.0,2026-08-06,집화처리,,인터넷접수,2026-08-05 14:22:00,2026-08-06,1,33,3.2
3100000100,2026-05-12 18:40:00,31,진주지점,C04A16536,박하우,이우연,010-8113-2736,경기,남양주시 다산동,일반,화장품·미용,향수,1.2,36.0,14.0,18.0,1.51,1.51,소형,4000.0,2026-05-13,배송완료,2026-05-14 18:33:00,편의점접수,2026-05-12 18:40:00,2026-05-13,1.2,36,1.5
2100000807,2026-05-26 14:31:00,21,대전지점,CD5F03AF1,최은숙,이현영 님,010-5463-1167,울산,동구 방어동,일반,식품,김치,4.4,33.0,20.0,17.0,1.87,4.4,소형,4000.0,2026-05-27,배송완료,2026-05-27 20:15:00,방문접수,2026-05-26 14:31:00,2026-05-27,4.4,33,4.4
3200002877,2026-06-02 16:12:00,32,거제지점,C9B2127BB,이정호,이정율,010-2985-4783,서울,용산구 이태원동,일반,반려동물,강아지옷,1.0,34.0,18.0,16.0,1.63,1.63,소형,4000.0,2026-06-03,배송완료,2026-06-09 14:10:00,방문접수,2026-06-02 16:12:00,2026-06-03,1,34,1.6
1100001822,2026-07-29 09:52:00,11,서울지점,C2E974619,류지영,황아율,010-2296-7590,대전,유성구 노은동,일반,의류·패션,코트,1.6,30.0,40.0,23.0,4.6,4.6,중형,6000.0,2026-07-30,배송완료,2026-07-30 15:28:00,대리점,2026-07-29 9:52:00,2026-07-30,1.6,30,4.6
1200001582,2026-07-07 15:26:00,12,용산지점,CD902870B,이정숙,김성철,,경남,진주시 초전동,일반,전자·디지털,태블릿케이스,4.5,28.0,17.0,10.0,0.79,4.5,소형,4000.0,2026-07-08,배송완료,2026-07-08 20:28:00,편의점접수,2026-07-07 15:26:00,2026-07-08,4.5,28,4.5
1100000184,2026-07-28 18:48:00,11,서울지점,CE168433A,이현숙,박은연,103552703,전남,목포시 하당,일반,도서·문구,책 30권,7.3,33.0,20.0,26.0,2.86,7.3,중형,6000.0,2026-07-29,배송완료,2026-07-30 10:59:00,편의접수,2026-07-28 18:48:00,2026-07-29,7.3,33,7.3
3200000733,2026-07-30 14:22:00,32,거제지점,C0CACC56C,조영자,전우우,010-6354-1526,인천,연수구 송도동,일반,도서·문구,다이어리,13.0,38.0,23.0,13.0,1.89,13.0,중형,6000.0,2026-07-31,배송완료,2026-08-06 18:35:00,인터넷접수,2026-07-30 14:22:00,2026-07-31,13,38,13
2100000288,2026-06-21 15:20:00,21,대전지점,C8FD2B166,박유연,권재숙,010-7824-3123,경기,수원시 영통구,일반,식품,과일선물세트,4.5,33.0,19.0,24.0,2.51,4.5,소형,4000.0,2026-06-22,배송완료,2026-06-23 15:33:00,인터넷접수,2026/06/21 15:20,2026-06-22,4.5,33,4.5
2100000161,2026-07-08 10:13:00,21,대전지점,C22860011,임승율,김규현,010-8449-6624,서울,용산구 청파동,일반,식품,커피원두,4.8,28.0,15.0,20.0,1.4,4.8,소형,4000.0,2026-07-09,배송완료,2026-07-09 10:01:00,편의점접수,2026-07-08 10:13:00,2026-07-09,4.8,28,4.8
3100001854,2026-07-06 11:40:00,31,진주지점,C68A782B0,한채경,윤민숙,010-5680-7675,경남,양산시 물금읍,일반,전자·디지털,이어폰,2.6,35.0,14.0,21.0,1.72,2.6,소형,4000.0,2026-07-07,반품,,방문접수,2026-07-06 11:40:00,2026-07-07,2.6,35,2.6
3100001363,2026-06-22 14:27:00,31,진주지점,C831B3621,장진빈,김현란,010-7734-5862,울산,울주군 범서읍,일반,식품,라면박스,1.5,32.0,26.0,17.0,2.36,2.36,소형,4000.0,2026-06-23,배송완료,2026-06-23 20:20:00,편의점접수,2026-06-22 14:27:00,2026-06-23,1.5,32,2.4
2100000020,2026-05-15 12:05:00,21,대전지점,CA681247F,양진란,최태우,010-7400-9908,경기,고양시 일산동구,일반,전자·디지털,공유기,4.9,34.0,22.0,8.0,1.0,4.9,소형,4000.0,2026-05-18,배송완료,2026-05-18 17:33:00,편의점접수,2026-05-15 12:05:00,2026-05-18,4.9,34,4.9
3100000283,2026-07-20 11:58:00,31,진주지점,CE23C9D93,안우원,김성준,010-5867-5203,서울,은평구 응암동,일반,생활용품,수납함,3.4,42.0,34.0,15.0,3.57,3.57,중형,6000.0,2026-07-21,배송완료,2026-07-22 10:34:00,인터넷접수,2026-07-20 11:58:00,2026-07-21,3.4,42,3.6
1100002547,2026-07-09 14:12:00,11,서울지점,C77D07313,조채경,남주숙,010-6609-4908,서울,은평구 응암동,일반,의류·패션,가방,2.4,33.0,39.0,15.0,3.22,3.22,중형,6000.0,2026-07-10,배송완료,2026-07-10 20:07:00,방문접수,2026-07-09 14:12:00,2026-07-10,2.4,33,3.2
1200000794,2026-06-08 11:51:00,12,용산지점,C56DE763E,김영서,김영환,010-8252-4056,전남,순천시 조례동,일반,의류·패션,패딩,0.9,32.0,29.0,18.0,2.78,2.78,소형,4000.0,2026-06-09,배송완료,2026-06-11 13:07:00,인터넷접수,2026-06-08 11:51:00,2026-06-09,0.9,32cm,2.8
2100001435,2026-05-11 17:25:00,21,대전지점,C11C15D57,이서란,홍승식,010-2447-2048,서울,용산구 이태원동,일반,생활용품,수납함,1.1,37.0,37.0,17.0,3.88,3.88,중형,6000.0,2026-05-12,배송완료,2026-05-13 9:13:00,인터넷접수,2026-05-11 17:25:00,2026-05-12,1.1,37,3.9
4100000252,2026-07-27 16:57:00,41,울산지점,CB593B690,김윤경,고정숙,010-3341-9131,서울,강남구 역삼동,일반,화장품·미용,스킨케어세트,2.2,20.0,32.0,19.0,2.03,2.2,소형,4000.0,2026-07-28,배송완료,2026-07-28 10:46:00,인터넷접수,2026-07-27 16:57:00,2026-07-28,2.2,20,2.2
1100000553,2026-05-25 15:50:00,11,서울지점,C6488CB8E,김현율,조민빈,,제주,서귀포시 중문동,제주,식품,된장,2.9,34.0,29.0,26.0,4.27,4.27,중형,9000.0,2026-05-27,반송,,인터넷접수,2026-05-25 15:50:00,2026-05-27,2.9,34,4.3
2100000171,2026-07-21 11:14:00,21,대전지점,CC883B238,이규미,허현빈,108403311,경남,거제시 옥포동,일반,식품,김치,3.2,29.0,15.0,17.0,1.23,3.2,소형,4000.0,2026-07-22,배송완료,2026-07-22 9:45:00,방문접수,2026-07-21 11:14:00,2026-07-22,3.2,29,3.2
2100001887,2026-06-29 12:31:00,21,대전지점,C02B565C7,김시서,이나식,010-7242-1037,대전,대덕구 송촌동,일반,식품,포기김치,4.5,29.0,28.0,26.0,3.52,4.5,중형,6000.0,2026-06-30,배송완료,2026-06-30 11:11:00,방문접수,2026-06-29 12:31:00,2026-06-30,4.5,29,4.5
3100002575,2026-06-21 11:03:00,31,진주지점,CEADFE432,이예아,김하연,010-5660-8575,경남,창원시 성산구,일반,식품,쌀(햅쌀),9.5,23.0,25.0,21.0,2.01,9.5,중형,6000.0,2026-06-22,배송완료,2026-06-29 9:29:00,인터넷접수,2026-06-21 11:03:00,2026-06-22,9.5,23,9.5
1100001392,2026-06-29 19:56:00,11,서울지점,C907B0685,김규연,강지경 님,010-7339-9727,서울,은평구 응암동,일반,식품,김,2.2,26.0,23.0,15.0,1.5,2.2,소형,4000.0,2026-06-30,미배송,,인터넷접수,2026-06-29 19:56:00,2026-06-30,2.2,26,2.2
3100001915,2026-07-09 11:31:00,31,진주지점,C64D731D5,김시진,김채영,107223401,경북,경주시 황성동,일반,도서·문구,문제집,13.4,31.0,21.0,23.0,2.5,13.4,중형,6000.0,2026-07-10,배송완료,2026-07-10 18:47:00,인터넷접수,2026/07/09 11:31,2026-07-10,13.4,31,13.4
1200002267,2026-07-17 19:11:00,12,용산지점,C955174F6,강나연,장아식,010-7495-4114,서울,용산구 원효로1가,일반,식품,쌀(햅쌀),10.5,29.0,21.0,21.0,2.13,10.5,중형,6000.0,2026-07-20,배송완료,2026-07-22 10:27:00,인터넷접수,2026-07-17 19:11:00,2026-07-20,10.5,29,10.5
1200001243,2026-05-07 17:57:00,12,용산지점,C964587C1,임도환,강태우,1076737143,서울,용산구 청파동,일반,생활용품,세탁세제,1.3,48.0,40.0,21.0,6.72,6.72,중형,6000.0,2026-05-08,배송완료,2026-05-08 9:19:00,인터넷접수,2026-05-07 17:57:00,2026-05-08,1.3,48,6.7
1100002218,2026-06-29 11:19:00,11,서울지점,C9B2127BB,이정호,윤연율,010-5581-3785,경기,고양시 일산동구,일반,식품,김치,2.1,35.0,26.0,21.0,3.18,3.18,중형,6000.0,2026-06-30,배송완료,2026-06-30 20:23:00,편의점접수,2026-06-29 11:19:00,2026-06-30,2.1,35,3.2
3100002383,2026-05-24 17:52:00,31,진주지점,CFCC417C7,오은환,손성연,010-3567-9201,서울,용산구 한남동,일반,의류·패션,원피스,2.2,49.0,23.0,19.0,3.57,3.57,중형,6000.0,2026-05-25,배송완료,2026-05-25 20:58:00,인터넷접수,2026-05-24 17:52:00,2026-05-25,2.2,49,3.6
3100000952,2026-07-07 19:55:00,31,진주지점,C308429AB,서하아,최정진,010-3482-2089,대전,유성구 봉명동,일반,식품,쌀,1.3,20.0,25.0,17.0,1.42,1.42,소형,4000.0,2026-07-08,배송완료,,방문접수,2026-07-07 19:55:00,2026-07-08,1.3,20,1.4
1100002933,2026-07-30 17:56:00,11,서울지점,CB3DB8A05,김지아,최윤자 님,1033478638,울산,남구 삼산동,일반,전자·디지털,키보드,1.3,31.0,20.0,8.0,0.83,1.3,극소형,3500.0,2026-07-31,배송완료,2026-07-31 11:33:00,인터넷접수,2026-07-30 17:56:00,2026-07-31,1.3,31,1.3
1100000101,2026-07-27 18:31:00,11,서울지점,C2A8F975A,전은아,손정환,010-9160-5659,서울,노원구 상계동,일반,의류·패션,원피스,2.3,30.0,24.0,27.0,3.24,3.24,중형,6000.0,2026-07-28,배송완료,2026-07-28 12:44:00,편의점접수,2026-07-27 18:31:00,2026-07-28,2.3,30,3.2
1100001470,2026-06-22 14:57:00,11,서울지점,C625A20C7,홍호원,김시현,010-5761-5111,대전,서구 둔산동,일반,식품,향수,2.6,32.0,18.0,15.0,1.44,2.6,소형,4000.0,2026-06-23,반품,2026-06-23 9:43:00,편의점접수,2026-06-22 14:57:00,2026-06-23,2.6,32,2.6
1100002293,2026-06-12 16:21:00,11,서울지점,C7CCCC2A9,장규현,신민경,,대전,동구 가양동,일반,화장품·미용,향수,1.3,36.0,30.0,14.0,2.52,2.52,소형,4000.0,2026-06-15,배송완료,2026-06-17 14:13:00,인터넷접수,2026.06.12 16시21분,2026-06-15,1.3,36,2.5
3100000974,2026-07-06 16:23:00,31,진주지점,C9853ED58,이성원,최승서,010-9404-1016,경남,거제시 장승포동,일반,가구·침구,쿠션,5.0,56.0,39.0,47.0,17.11,17.11,대형,9000.0,2026-07-07,배송완료,2026-07-07 9:19:00,인터넷접수,2026-07-06 16:23:00,2026-07-07,5,56,17.1
1200000282,2026-05-04 16:12:00,12,용산지점,C69879385,박연준,전윤영,010-6648-8179,충북,제천시 하소동,일반,화장품·미용,샴푸,2.1,21.0,24.0,9.0,0.76,2.1,소형,4000.0,2026-05-05,배송완료,2026-05-05 18:52:00,편의점접수,2026-05-04 16:12:00,2026-05-05,2.1,21,2.1
2100001208,2026-05-19 16:00:00,21,대전지점,C831B3621,장진빈,양하진,010-9619-6903,인천,서구 청라동,일반,의류·패션,모자,1.4,37.0,23.0,14.0,1.99,1.99,소형,4000.0,2026-05-20,배송완료,2026-05-20 9:15:00,편의점접수,26-05-19 16:00,2026-05-20,1.4,37,2
1100002016,2026-07-22 15:02:00,11,서울지점,C793EC812,김은진,이연미,1060948010,서울,마포구 서교동,일반,생활용품,주방용품,3.0,32.0,32.0,16.0,2.73,3.0,소형,4000.0,,배송완료,2026-07-24 17:41:00,방문접수,2026-07-22 15:02:00,,3,32,3
1100002869,2026-06-24 16:11:00,11,서울지점,CAD196612,이시빈,김재경,010-6253-3333,울산,중구 성남동,일반,화장품·미용,스킨케어세트,2.5,30.0,26.0,22.0,2.86,2.86,소형,4000.0,2026-06-25,배송완료,2026-06-26 11:14:00,편의점접수,2026-06-24 16:11:00,2026-06-25,2.5,30,2.9
4100000655,2026-06-29 17:43:00,41,울산지점,CCD2D12EE,강나연,정아우,010-6135-5338,경남,양산시 물금읍,일반,의류·패션,모자,0.8,39.0,34.0,19.0,4.2,4.2,중형,6000.0,2026-06-30,배송완료,2026-07-01 20:55:00,인터넷접수,2026-06-29 17:43:00,2026-06-30,0.8,39,4.2
1100002273,2026-05-15 15:31:00,11,서울지점,CAB692E8B,이윤준,이주경,010-3953-4701,경기,용인시 기흥구,일반,의류·패션,가방,1.7,39.0,28.0,18.0,3.28,3.28,중형,6000.0,2026-05-18,배송완료,2026-05-19 13:06:00,인터넷접수,2026-05-15 15:31:00,2026-05-18,1.7,39,1.7
2100001816,2026-05-25 14:04:00,21,대전지점,C3C090540,이나경,류승영,010-7293-3501,부산,해운대구 우동,일반,생활용품,세제(대용량),3.7,41.0,38.0,25.0,6.49,6.49,중형,6000.0,2026-05-26,미배송,,대리점,05/25/2026 14:04,2026-05-26,3.7,41,6.5
4100001044,2026-07-13 16:49:00,41,울산지점,CC2AC64EF,조승아,송민자,010-8264-4363,경기,성남시 분당구,일반,도서·문구,노트류,11.5,25.0,27.0,13.0,1.46,11.5,중형,6000.0,2026-07-14,배송완료,2026-07-14 14:54:00,인터넷접수,2026-07-13 16:49:00,2026-07-14,11.5,25,11.5
4100002452,2026-07-22 17:16:00,41,울산지점,CCBBCB2F6,김성환,오성현,010-6606-9099,경남,거제시 고현동,일반,생활용품,세탁세제,3.9,39.0,42.0,29.0,7.92,7.92,중형,9000.0,2026-07-23,배송완료,2026-07-23 16:50:00,인터넷접수,2026-07-22 17:16:00,2026-07-23,3.9,39,7.9
1100000403,2026-05-06 16:56:00,11,서울지점,C7C71A86E,유유식,이준자,010-8111-4973,대전,서구 둔산동,일반,도서·문구,필기구세트,3.9,36.0,29.0,21.0,3.65,3.9,중형,6000.0,2026-05-07,배송완료,2026-05-07 9:47:00,인터넷접수,2026-05-06 16:56:00,2026-05-07,3.9,36,3.9
4100001888,2026-07-30 17:45:00,41,울산지점,C7CB18132,박예현,안규현,010-9907-5050,부산,부산진구 부전동,일반,의류·패션,운동화,0.6,42.0,29.0,19.0,3.86,3.86,중형,6000.0,2026-07-31,배송완료,2026-07-31 15:46:00,방문접수,2026-07-30 17:45:00,2026-07-31,0.6,42,3.9
1100000697,2026-06-01 12:18:00,11,서울지점,CB5A8A574,정하아,정은환,010-8753-8839,경남,창원시 성산구,일반,식품,건어물,11.6,35.0,28.0,28.0,4.57,11.6,중형,6000.0,2026-06-02,배송완료,2026-06-02 12:06:00,대리점,2026-06-01 12:18:00,2026-06-02,11.6,35,11.6
1200001383,2026-05-31 14:56:00,12,용산지점,C357FBA9F,송승영,이연아,010-5182-8334,대구,북구 침산동,일반,식품,쌀,5.1,29.0,23.0,16.0,1.78,5.1,중형,6000.0,2026-06-01,배송완료,2026-06-01 12:32:00,편의점접수,2026-05-31 14:56:00,2026-06-01,5.1,29,5.1
1100001477,2026-05-18 13:25:00,11,서울지점,C244BB45C,신주아,허준원,010-8625-4073,인천,부평구 부평동,일반,생활용품,청소기필터,3.7,31.0,30.0,19.0,2.94,3.7,소형,4000.0,2026-05-19,배송완료,2026-05-19 10:07:00,,2026-05-18 13:25:00,2026-05-19,3.7,31,3.7
1100002380,2026-07-26 19:44:00,11,서울지점,CB773279E,백은환,이유영,010-6144-9665,인천,서구 청라동,일반,전자·디지털,이어폰,0.7,22.0,32.0,18.0,2.11,2.11,소형,4000.0,2026-07-27,배송완료,2026-07-27 18:46:00,편의점접수,2026-07-26 19:44:00,2026-07-27,0.7,22,2.1
2100000455,2026-07-20 19:56:00,21,대전지점,C68EF7228,김연자,홍진식,010-9547-1435,강원,원주시 무실동,일반,의류·패션,원피스,1.4,46.0,29.0,25.0,5.56,5.56,중형,6000.0,2026-07-21,배송완료,2026-07-21 18:24:00,편의점접수,2026-07-20 19:56:00,2026-07-21,1.4,46,5.6
3200000509,2026-05-19 17:36:00,32,거제지점,C4A9D925C,김서희,박정현,010-6350-3893,인천,서구 청라동,일반,화장품·미용,스킨케어세트,1.9,33.0,18.0,24.0,2.38,2.38,소형,4000.0,2026-05-20,미배송,,인터넷접수,2026-05-19 17:36:00,2026-05-20,1.9,33,2.4
2100001821,2026-06-05 17:37:00,21,대전지점,CC2AC64EF,조승아,백재우,010-2074-2158,서울,용산구 한남동,일반,의류·패션,청바지,0.7,32.0,24.0,17.0,2.18,2.18,소형,4000.0,2026-06-08,배송완료,2026-06-08 11:42:00,편의점접수,2026-06-05 17:37:00,2026-06-08,0.7,32,2.2
1100002862,2026-07-31 16:38:00,11,서울지점,C34AC72D4,송윤빈,이규란,010-6760-6015,대전,서구 둔산동,일반,도서·문구,다이어리,12.3,20.0,30.0,14.0,1.4,12.3,중형,6000.0,2026-08-03,배송완료,2026-08-03 20:51:00,편의점접수,2026-07-31 16:38:00,2026-08-03,12.3,20,12.3
3100002510,2026-07-15 17:07:00,31,진주지점,C702C4381,이호숙,이채아,010-5471-7391,서울,노원구 상계동,일반,식품,건어물,7.7,35.0,21.0,21.0,2.57,7.7,중형,6000.0,2026-07-16,배송완료,2026-07-16 10:28:00,편의점접수,2026-07-15 17:07:00,2026-07-16,7.7,35,7.7
2100000260,2026-05-21 15:27:00,21,대전지점,CDBF463CD,김성철,박승호,010-9107-6321,충남,당진시 수청동,일반,식품,쌀(햅쌀),4.9,38.0,18.0,16.0,1.82,4.9,소형,4000.0,2026-05-22,미배송,,인터넷접수,2026-05-21 15:27:00,2026-05-22,4.9,38,4.9
1100000230,2026-07-03 14:57:00,11,서울지점,C160F7A75,박우희,박재빈,010-6038-5169,서울,용산구 이태원동,일반,도서·문구,책 30권,4.3,23.0,19.0,17.0,1.24,4.3,소형,4000.0,2026-07-06,배송완료,2026-07-06 15:51:00,인터넷접수,2026-07-03 14:57:00,2026-07-06,4.3,23,4.3
1100002648,2026-06-18 19:49:00,11,서울지점,CA933F4BA,홍시호,이서란,010-9779-8380,서울,송파구 잠실동,일반,식품,김치통,7.1,25.0,28.0,15.0,1.75,7.1,중형,9000.0,2026-06-19,배송완료,2026-06-19 10:52:00,방문접수,2026-06-18 19:49:00,2026-06-19,7.1,25,7.1
1100000940,2026-08-03 18:57:00,11,서울지점,CFB719E8C,박태희,김우숙,010-5940-9589,대전,중구 은행동,일반,생활용품,세제(대용량),6.3,49.0,28.0,30.0,6.86,6.86,중형,6000.0,2026-08-04,배송중,,편의점접수,2026-08-03 18:57:00,2026-08-04,6.3,49,6.9
1100000208,2026-08-03 12:37:00,11,서울지점,C759E8CD2,이규란,박윤호,010-6394-4814,경남,거제시 옥포동,일반,식품,커피원두,6.4,26.0,20.0,25.0,2.17,6.4,중형,6000.0,2026-08-04,배송완료,2026-08-04 9:19:00,인터넷접수,2026-08-03 12:37:00,2026-08-04,6.4,26,6.4
2100001571,2026-07-19 19:33:00,21,대전지점,CA545F97A,강호철,신윤자,010-6783-9356,울산,남구 옥동,일반,화장품·미용,샴푸,2.0,33.0,17.0,11.0,1.03,2.0,소형,4000.0,2026-07-20,배송완료,2026-07-20 16:41:00,방문,2026-07-19 19:33:00,2026-07-20,2,33,2
2100002827,2026-06-09 15:10:00,21,대전지점,CA6020EE4,신정호,박승아,010-5756-9351,경기,남양주시 다산동,일반,식품,과일선물세트,11.6,25.0,23.0,16.0,1.53,11.6,중형,6000.0,2026-06-10,배송완료,2026-06-10 10:13:00,편의점접수,2026-06-09 15:10:00,2026-06-10,11.6kg,25,11.6
1100002458,2026-05-16 17:31:00,11,서울지점,C36A15E93,문준미,강재경,010-2610-4121,서울,용산구 한남동,일반,식품,커피원두,7.9,21.0,18.0,20.0,1.26,7.9,중형,6000.0,2026-05-18,배송완료,2026-05-20 10:22:00,방문접수,2026-05-16 17:31:00,2026-05-18,7.9,21,7.9
1100001997,2026-07-05 15:33:00,11,서울지점,CF729325D,박서미,안주서,010-6139-3337,경남,거제시 고현동,일반,가구·침구,커튼,3.8,64.0,53.0,47.0,26.57,26.57,초과,,2026-07-06,배송완료,2026-07-07 20:50:00,편의점접수,2026-07-05 15:33:00,2026-07-06,3.8kg,64,26.6
1100002261,2026-05-25 15:52:00,11,서울지점,CFE79FC8A,송우식,전시연,,제주,서귀포시 중문동,제주,식품,쌀,2.0,32.0,16.0,26.0,2.22,2.22,소형,7000.0,2026-05-27,배송완료,2026-05-28 9:43:00,방문접수,2026-05-25 15:52:00,2026-05-27,2,32,2.2
2100000388,2026-07-20 16:09:00,21,대전지점,CAF82F690,최윤식,박예아,010-3936-6049,대전,동구 가양동,일반,전자·디지털,상품권,1.9,18.0,19.0,17.0,0.97,1.9,극소형,3500.0,2026-07-21,반품,2026-07-21 13:27:00,인터넷접수,2026-07-20 16:09:00,2026-07-21,1.9,18,1.9
3200002959,2026-06-08 11:08:00,32,거제지점,C0754EF95,김성철,박윤율,010-9832-9207,경남,김해시 장유동,일반,가구·침구,커튼,2.3,61.0,47.0,39.0,18.64,18.64,대형,9000.0,2026-06-09,배송완료,2026-06-14 15:15:00,인터넷접수,2026-06-08 11:08:00,2026-06-09,2.3,61,18.6
3100001299,2026-06-16 09:14:00,31,진주지점,C81E2CC1D,김준희,박성자,010-6219-4459,서울,용산구 원효로1가,일반,전자·디지털,키보드,5.7,28.0,22.0,9.0,0.92,5.7,중형,6000.0,2026-06-17,반품,2026-06-17 19:10:00,편의점접수,2026-06-16 9:14:00,2026-06-17,5.7,28,5.7
1100001660,2026-06-17 18:38:00,11,서울지점,C5809D9C3,송유빈,윤영우,010-3961-4469,서울,용산구 한남동,일반,의류·패션,청바지,1.0,34.0,28.0,24.0,3.81,3.81,중형,6000.0,2026-06-18,배송완료,2026-06-18 12:28:00,인터넷접수,2026-06-17 18:38:00,2026-06-18,1,34,3.8
2100000959,2026-07-12 18:04:00,21,대전지점,CD3F8F0B7,윤아아,황정희,010-9523-5931,부산,동래구 온천동,일반,전자·디지털,키보드,2.1,22.0,14.0,16.0,0.82,2.1,소형,4000.0,2026-07-13,배송완료,2026-07-13 10:04:00,방문접수,2026-07-12 18:04:00,2026-07-13,2.1,22,2.1
4100002070,2026-05-21 16:53:00,41,울산지점,C18D588D1,임성희,전준미,,대구,달서구 상인동,일반,도서·문구,다이어리,12.7,32.0,27.0,17.0,2.45,12.7,중형,6000.0,2026-05-22,배송완료,2026-05-25 10:38:00,편의점접수,2026-05-21 16:53:00,2026-05-22,12.7,32,12.7
2100002172,2026-06-01 10:44:00,21,대전지점,C704105DD,오하진,전주영(경비실),010-8280-3903,서울,용산구 원효로1가,일반,화장품·미용,헤어드라이어,1.0,24.0,14.0,13.0,0.73,1.0,극소형,3500.0,2026-06-02,배송완료,2026-06-03 18:45:00,인터넷접수,2026-06-01 10:44:00,2026-06-02,1,24,1
1200000299,2026-06-21 12:42:00,12,용산지점,C527DE60F,이영미,박태경,1090559028,서울,용산구 후암동,일반,식품,된장,2.1,29.0,19.0,25.0,2.3,2.3,소형,4000.0,2026-06-22,배송완료,2026-06-22 13:57:00,대리점,2026-06-21 12:42:00,2026-06-22,2.1,29,2.3
1100000606,2026-06-01 19:29:00,11,서울지점,CDD6025F9,문도진,안준희,010-6709-4915,경기,수원시 영통구,일반,식품,쌀 20kg,1.1,37.0,26.0,15.0,2.4,2.4,소형,4000.0,2026-06-02,배달완료,2026-06-02 15:31:00,대리점,2026-06-01 19:29:00,2026-06-02,1.1,37,2.4
3200001373,2026-05-25 18:19:00,32,거제지점,C023306D3,김윤원,황진준,010-6723-1018,서울,용산구 한남동,일반,생활용품,청소기필터,6.1,47.0,37.0,21.0,6.09,6.1,중형,6000.0,2026-05-26,배송완료,2026-05-26 14:21:00,편의점접수,2026-05-25 18:19:00,2026-05-26,6.1,47,6.1
1200002611,2026-06-30 17:29:00,12,용산지점,CCFDE1786,윤예아,김호자,1046757665,경북,구미시 인동,일반,전자·디지털,공유기,0.4,27.0,20.0,22.0,1.98,1.98,소형,4000.0,2026-07-01,배송완료,2026-07-01 9:27:00,인터넷접수,2026-06-30 17:29:00,2026.07.01,0.4,27,2
1100001920,2026-06-16 15:19:00,11,서울지점,C29EA383A,이서미,이정철,010-5797-8887,경북,구미시 인동,일반,식품,백미,8.6,34.0,15.0,25.0,2.12,8.6,중형,6000.0,2026-06-17,배송완료,2026-06-17 12:28:00,편의점접수,2026-06-16 15:19:00,2026-06-17,8.6,34,8.6
1200001698,2026-05-25 16:55:00,12,용산지점,C61E4B76A,박예빈,윤태우,010-5600-3461,서울,강남구 역삼동,일반,가구·침구,러그,3.4,62.0,40.0,45.0,18.6,18.6,대형,9000.0,2026-05-26,배송완료,2026-05-26 19:24:00,방문접수,2026-05-25 16:55:00,2026-05-26,3.4,62,18.6
2100002317,2026-07-13 10:10:00,21,대전지점,CAEF59841,이아원,윤승숙,010-3616-5393,서울,은평구 응암동,일반,식품,된장,1.7,27.0,26.0,24.0,2.81,2.81,소형,4000.0,2026-07-14,배송완료,2026-07-14 11:21:00,인터넷접수,2026.07.13 10시10분,2026-07-14,1.7,27,2.8
1200002221,2026-06-22 16:50:00,12,용산지점,CC8D0248F,최우경,김연환,010-2904-1501,대전,서구 둔산동,일반,식품,건어물,9.6,22.0,23.0,16.0,1.35,9.6,중형,6000.0,2026-06-23,배송완료,2026-06-23 15:09:00,편의점접수,2026-06-22 16:50:00,2026.06.23,9.6,22,9.6
2100002830,2026-07-17 11:36:00,21,대전지점,C59B431E3,장우연,이도빈,010-6824-3342,서울,은평구 응암동,일반,의류·패션,원피스,1.4,38.0,41.0,13.0,3.38,3.38,중형,6000.0,2026-07-20,배송완료,2026-07-21 14:50:00,인터넷접수,2026-07-17 11:36:00,2026-07-20,1.4,38,3.4
3100001906,2026-05-26 16:42:00,31,진주지점,C4CEE3425,박규율,이도식,010-5148-7812,경북,포항시 남구,일반,화장품·미용,스킨케어세트,1.2,18.0,16.0,15.0,0.72,1.2,극소형,3500.0,2026-05-27,배송완료,2026-05-27 13:01:00,편의점접수,2026-05-26 16:42:00,2026-05-27,1.2,18,1.2
3100002157,2026-06-01 14:19:00,31,진주지점,C5972ABFE,문정연,이규란,010-8081-5212,대전,동구 가양동,일반,식품,김치통,5.3,21.0,27.0,27.0,2.55,5.3,중형,6000.0,2026-06-02,배송완료,2026-06-02 19:15:00,방문접수,2026-06-01 14:19:00,2026-06-02,5.3,21,5.3
1100000896,2026-06-07 15:47:00,11,서울지점,C4914CDDE,오하율,이재서,010 6497 8694,경기,고양시 일산동구,일반,식품,쌀,8.2,29.0,26.0,12.0,1.51,8.2,중형,6000.0,2026-06-08,배송완료,2026-06-08 14:01:00,편의점접수,2026-06-07 15:47:00,2026-06-08,8.2,29,8.2
3100000446,2026-07-16 18:28:00,31,진주지점,C5972ABFE,문정연,박승숙,010 9673 2093,광주,서구 치평동,일반,생활용품,빨래건조대,2.2,,25.0,18.0,,2.2,중형,6000.0,2026-07-17,배송완료,2026-07-17 16:24:00,편의접수,2026-07-16 18:28:00,2026-07-17,2.2,0,3.8
1200000988,2026-06-23 18:23:00,12,용산지점,C725AFEAF,오태아,이성희,010-6421-3046,울산,울주군 범서읍,일반,화장품·미용,헤어드라이어,0.5,37.0,31.0,16.0,3.06,3.06,중형,6000.0,2026-06-24,배송완료,2026-06-24 20:29:00,인터넷접수,2026-06-23 18:23:00,2026/06/24,0.5,37,3.1
1100000609,2026-05-15 18:40:00,11,서울지점,C16B8F7F7,김예서,박예환,010-8526-4340,전북,전주시 덕진구,일반,화장품·미용,향수,1.3,39.0,31.0,19.0,3.83,3.83,중형,6000.0,,배송완료,2026-05-18 13:58:00,방문접수,2026-05-15 18:40:00,,1.3kg,39cm,3.8
3100000628,2026-05-11 19:34:00,31,진주지점,C69D027A3,이도희,권유진,010-2006-8054,경남,거제시 옥포동,일반,의류·패션,패딩,1.5,45.0,26.0,27.0,5.26,5.26,중형,6000.0,2026-05-12,배송완료,2026-05-12 13:23:00,편의점접수,2026-05-11 19:34:00,2026-05-12,1.5,45,5.3
1100001732,2026-07-17 16:37:00,11,서울지점,C8725C32F,김은빈,김우현,1054317456,대전,유성구 노은동,일반,화장품·미용,헤어드라이어,2.3,38.0,18.0,23.0,2.62,2.62,소형,4000.0,2026-07-20,배송완료,2026-07-20 20:34:00,방문접수,2026-07-17 16:37:00,2026-07-20,2.3,38,2.6
3100002768,2026-07-10 14:21:00,31,진주지점,CF0E7A60E,김규진,김진빈,1064818464,경남,진주시 초전동,일반,식품,라면박스,4.2,28.0,30.0,13.0,1.82,4.2,소형,4000.0,2026-07-13,배송완료,2026-07-13 11:12:00,편의점접수,2026-07-10 14:21:00,2026-07-13,4.2,28,4.2
3100001605,2026-05-20 17:51:00,31,진주지점,C56F3DE91,이나호,이정현,010-9912-6220,광주,북구 운암동,일반,의류·패션,티셔츠 2장,1.8,35.0,33.0,19.0,3.66,3.66,중형,6000.0,2026-05-21,배송완료,2026-05-21 13:16:00,편의점접수,2026-05-20 17:51:00,2026-05-21,1.8,35,3.7
2100002880,2026-05-14 14:08:00,21,대전지점,C284C8539,류시우,정규원,010-9855-3397,제주,제주시 노형동,제주,화장품·미용,스킨케어세트,0.4,32.0,25.0,15.0,2.0,2.0,소형,7000.0,2026-05-18,반품,,편의점접수,2026.05.14 14시08분,2026-05-18,0.4,32,2
1100002659,2026-05-15 18:04:00,11,서울지점,C812C3E36,김규진,김영아,010-3482-2888,서울,은평구 응암동,일반,도서·문구,필기구세트,13.5,28.0,21.0,28.0,2.74,13.5,중형,6000.0,2026-05-18,배송완료,2026-05-18 14:39:00,편의점접수,2026-05-15 18:04:00,2026-05-18,13.5,28,13.5
1100000034,2026-07-06 17:47:00,11,서울지점,C7F7B293D,송도빈,이재우,010-4431-5388,울산,남구 옥동,일반,화장품·미용,헤어드라이어,1.4,37.0,17.0,18.0,1.89,1.89,소형,4000.0,2026-07-07,배송완료,2026-07-07 15:29:00,방문접수,2026-07-06 17:47:00,2026-07-07,1.4,37,1.9
4100001850,2026-05-11 11:40:00,41,울산지점,C49DAB61E,송하경,강성경,010-6999-1405,전남,여수시 학동,일반,도서·문구,필기구세트,9.2,28.0,20.0,18.0,1.68,9.2,중형,6000.0,2026-05-12,배송완료,2026-05-12 12:25:00,온라인,2026-05-11 11:40:00,2026-05-12,9.2,28,9.2
1200002992,2026-06-20 19:09:00,12,용산지점,CD8893C18,정진란,최은준(경비실),010-7890-5994,전북,군산시 나운동,일반,의류·패션,원피스,2.0,38.0,25.0,14.0,2.22,2.22,소형,4000.0,2026-06-22,배송완료,2026-06-22 17:14:00,대리점,2026-06-20 19:09:00,2026-06-22,2,38,2.2
4100001152,2026-07-21 16:24:00,41,울산지점,C76B43D2D,류성경,윤유빈 님,,경기,남양주시 다산동,일반,의류·패션,원피스,2.2,42.0,39.0,24.0,6.55,6.55,중형,6000.0,,배송완료,2026-07-22 15:38:00,인터넷접수,2026-07-21 16:24:00,,2.2,42,6.6
3200000590,2026-06-17 09:31:00,32,거제지점,C22860011,임승율,장우현,1063014377,경남,양산시 물금읍,일반,생활용품,주방용품,6.8,47.0,28.0,30.0,6.58,6.8,중형,6000.0,2026-06-18,배송완료,2026-06-18 12:17:00,인터넷접수,2026-06-17 9:31:00,2026-06-18,6.8,47,6.8
1200002180,2026-07-10 11:06:00,12,용산지점,CC184A485,김성자,박은식,010-5620-7859,경북,포항시 남구,일반,생활용품,화장지,6.4,48.0,32.0,22.0,5.63,6.4,중형,6000.0,2026-07-13,배송완료,2026-07-13 13:12:00,편의점접수,2026-07-10 11:06:00,2026-07-13,6.4,48,6.4
1200002927,2026-08-04 10:35:00,12,용산지점,C6607CB09,오예준,한민호,010-6221-4761,인천,남동구 구월동,일반,의류·패션,패딩,2.2,31.0,39.0,31.0,6.25,6.25,중형,6000.0,2026-08-05,배달중,,방문접수,2026-08-04 10:35:00,2026-08-05,2.2,31,6.2
2100001396,2026-06-29 16:12:00,21,대전지점,C0EE32AEC,한서영,한채숙(경비실),010-3742-6040,대전,서구 둔산동,일반,의류·패션,코트,1.7,34.0,22.0,17.0,2.12,2.12,소형,7000.0,2026-06-30,배송완료,2026-07-01 18:44:00,편의점접수,2026-06-29 16:12:00,2026-06-30,1.7,34,2.1
2100000384,2026-07-21 15:06:00,21,대전지점,CC2A020A5,강민호,김유현,,울산,북구 명촌동,일반,전자·디지털,충전기,1.0,36.0,16.0,9.0,0.86,1.0,소형,4000.0,2026-07-22,배송완료,2026-07-22 20:53:00,,2026-07-21 15:06:00,2026-07-22,1,36,1
1100001767,2026-05-24 16:58:00,11,서울지점,C417D0795,임나진,한주자,010-9867-5065,대전,동구 가양동,일반,가구·침구,커튼,4.9,43.0,31.0,34.0,7.55,7.55,중형,6000.0,2026-05-25,배송완료,2026-05-26 13:38:00,방문접수,2026-05-24 16:58:00,2026-05-25,4.9,43,7.6
2100001062,2026-07-13 15:29:00,21,대전지점,C345C37A8,김유준,김수율,010-9477-8076,경남,거제시 고현동,일반,식품,건어물,6.7,32.0,17.0,18.0,1.63,6.7,중형,6000.0,2026-07-14,배송완료,2026-07-14 12:49:00,편의점접수,2026-07-13 15:29:00,2026-07-14,6.7,32,6.7
3100001805,2026-06-22 17:21:00,31,진주지점,CDFFF94DB,안채진,이하경,010-8227-4501,서울,노원구 상계동,일반,전자·디지털,이어폰,3.4,21.0,26.0,13.0,1.18,3.4,소형,4000.0,2026-06-23,배송완료,2026-06-23 12:55:00,인터넷접수,2026-06-22 17:21:00,2026-06-23,3.4,21,3.4
1200002814,2026-08-05 10:06:00,12,용산지점,C3883FDC0,이영자,김우자,010-9231-2603,경남,진주시 충무공동,일반,의류·패션,모자,1.0,28.0,38.0,15.0,2.66,2.66,중형,6000.0,2026-08-06,배달중,,방문접수,2026-08-05 10:06:00,2026-08-06,1,28,2.7
2100000571,2026-07-27 16:57:00,21,대전지점,CDA1A69CB,김태란,임승희,,대전,대덕구 송촌동,일반,도서·문구,다이어리,8.9,27.0,17.0,27.0,2.07,8.9,중형,6000.0,2026-07-28,배송완료,2026-07-28 13:12:00,편의점접수,2026-07-27 16:57:00,2026-07-28,8.9,27,8.9
2100000183,2026-05-21 16:44:00,21,대전지점,CB02051C0,이진자,정하연,010-7973-5596,대구,북구 침산동,일반,의류·패션,청바지,1.5,31.0,27.0,30.0,4.18,4.18,중형,6000.0,2026-05-22,미배송,,인터넷접수,2026-05-21 16:44:00,2026-05-22,1.5,31,4.2
1100000500,2026-07-20 16:47:00,11,서울지점,C080A859D,전영경,이현아,010-7824-2727,경기,고양시 일산동구,일반,식품,라면박스,4.8,24.0,29.0,13.0,1.51,4.8,소형,4000.0,2026-07-21,배송완료,2026-07-21 19:15:00,편의점접수,2026-07-20 16:47:00,2026-07-21,4.8,24,4.8
3100000379,2026-06-01 17:10:00,31,진주지점,CEB4C8966,고호원,정연식,010-3916-3114,경남,진주시 충무공동,일반,반려동물,고양이모래,0.7,29.0,22.0,15.0,1.6,1.6,소형,4000.0,2026-06-02,배송완료,2026-06-03 20:44:00,편의점접수,2026-06-01 17:10:00,2026-06-02,0.7,29,1.6
1100000580,2026-06-23 16:48:00,11,서울지점,CC3F19780,강윤빈,김성진,010-2656-8641,전북,익산시 영등동,일반,식품,쌀,5.3,33.0,28.0,27.0,4.16,5.3,중형,6000.0,2026-06-24,배송완료,2026-06-24 9:28:00,편의점접수,2026-06-23 16:48:00,2026-06-24,5.3,33,5.3
1100002687,2026-05-22 09:14:00,11,서울지점,CCBCC9760,오규우,박현연,010-8805-6451,인천,연수구 송도동,일반,도서·문구,노트,7.6,25.0,28.0,22.0,2.57,7.6,중형,6000.0,2026-05-25,배송완료,2026-05-25 18:12:00,방문접수,2026-05-22 9:14:00,2026-05-25,7.6,25,7.6
3100002349,2026-07-14 14:30:00,31,진주지점,CB516F6AA,홍도자,박정경,,대구,달서구 상인동,일반,전자·디지털,태블릿케이스,5.8,26.0,15.0,24.0,1.56,5.8,중형,6000.0,2026-07-15,배송완료,2026-07-15 19:28:00,편의점접수,2026-07-14 14:30:00,2026-07-15,5.8,26,5.8
4100001754,2026-05-09 11:47:00,41,울산지점,CB019A195,정서영,이민서,010 7968 5210,서울,용산구 한남동,일반,식품,김치,11.7,35.0,27.0,20.0,3.15,11.7,중형,6000.0,2026-05-11,배송완료,2026-05-11 16:07:00,방문접수,2026-05-09 11:47:00,2026-05-11,11.7,35,11.7
3100000854,2026-05-14 15:00:00,31,진주지점,C6D934C35,송준진,김준숙,010-2114-2930,대전,동구 가양동,일반,가구·침구,러그,1.2,43.0,39.0,38.0,10.62,10.62,중형,6000.0,2026-05-15,배송완료,2026-05-15 11:56:00,편의점접수,2026-05-14 15:00:00,2026-05-15,1.2,43,10.6
3100000913,2026-06-29 10:59:00,31,진주지점,C4E9B5A8B,정재영,박유호,010-4685-1108,경북,구미시 인동,일반,의류·패션,모자,2.2,47.0,24.0,13.0,2.44,2.44,중형,6000.0,2026-06-30,배송완료,2026-06-30 10:46:00,대리점,2026-06-29 10:59:00,2026-06-30,2.2,47,2.4
2100001414,2026-05-26 17:10:00,21,대전지점,C06436893,김시준,강민철,010-7669-2762,서울,마포구 서교동,일반,전자·디지털,살아있는 병아리,4.0,39.0,30.0,15.0,2.92,4.0,중형,6000.0,2026-05-27,미배송,2026-05-27 16:54:00,인터넷접수,2026-05-26 17:10:00,2026-05-27,4,39,4
1100001365,2026-07-30 12:14:00,11,서울지점,CA2488A42,조정숙,박태영,010-4300-9175,제주,제주시 연동,제주,식품,김치,6.9,34.0,23.0,18.0,2.35,6.9,중형,9000.0,2026-08-03,배송완료,2026-08-03 20:10:00,편의점접수,2026-07-30 12:14:00,2026-08-03,6.9,34,6.9
3200000444,2026-07-21 17:15:00,32,거제지점,CE4906BBC,강규원,김민숙,010-2967-2362,울산,동구 방어동,일반,생활용품,세제,5.0,40.0,34.0,20.0,4.53,5.0,중형,6000.0,2026-07-22,배송완료,2026-07-24 17:56:00,인터넷접수,2026-07-21 17:15:00,2026-07-22,5,40,5
3100001741,2026-06-23 16:06:00,31,진주지점,CAA47C122,황아현,문우진,106950909,대전,유성구 봉명동,일반,식품,된장,7.1,29.0,27.0,23.0,3.0,7.1,중형,6000.0,2026-06-24,배송완료,2026-06-24 20:06:00,방문접수,2026-06-23 16:06:00,2026-06-24,7.1,29,7.1
3100000158,2026-06-29 18:31:00,31,진주지점,CD0C9CCE0,정규미,양윤철,010-6575-8917,경남,김해시 장유동,일반,의류·패션,가방,0.5,46.0,25.0,28.0,5.37,5.37,중형,6000.0,2026-06-30,배송완료,2026-07-02 15:14:00,인터넷접수,2026-06-29 18:31:00,2026-06-30,0.5,46,5.4
1100000424,2026-05-05 14:05:00,11,서울지점,C395DD75C,오서숙,김하미,010-6340-2600,경남,김해시 장유동,일반,도서·문구,노트,1.3,25.0,20.0,17.0,1.42,1.42,소형,4000.0,2026-05-06,배송완료,2026-05-07 13:40:00,방문접수,2026-05-05 14:05:00,2026-05-06,1.3,25,1.4
1100000985,2026-06-08 14:18:00,11,서울지점,CCBFFD3BA,박유자,윤나율,010-4737-2627,전북,전주시 덕진구,일반,의류·패션,가방,2.2,30.0,32.0,28.0,4.48,4.48,중형,6000.0,2026-06-09,반송,,편의접수,2026-06-08 14:18:00,2026-06-09,2.2,30cm,4.5
1100001764,2026-07-22 16:00:00,11,서울지점,C2E974619,류지영,김연호,010-4185-6078,대전,유성구 노은동,일반,생활용품,세탁세제,2.0,37.0,40.0,30.0,7.4,7.4,중형,6000.0,2026-07-23,배송완료,2026-07-24 19:25:00,인터넷접수,2026-07-22 16:00:00,2026-07-23,2,37,7.4
4100001744,2026-05-07 19:10:00,41,울산지점,C417D0795,임나진,박진자,,충남,천안시 서북구,일반,식품,김치,7.0,35.0,18.0,21.0,2.2,7.0,중형,6000.0,2026-05-08,배송완료,2026-05-08 18:54:00,편의점접수,2026-05-07 19:10:00,2026-05-08,7,35,7
3100001268,2026-06-01 17:24:00,31,진주지점,CE64BF397,박재호,김아준,,대전,서구 둔산동,일반,의류·패션,패딩,1.7,,30.0,23.0,,1.7,중형,6000.0,2026-06-02,배송완료,2026-06-02 19:13:00,편의점접수,2026-06-01 17:24:00,2026-06-02,1.7,9999,3.7
3100002511,2026-05-29 18:14:00,31,진주지점,CFF26F44F,백우현,홍진숙,010-8986-6436,울산,동구 방어동,일반,식품,김치,10.6,21.0,23.0,18.0,1.45,10.6,중형,6000.0,2026-06-01,배송완료,2026-06-01 20:28:00,인터넷접수,2026-05-29 18:14:00,2026-06-01,10.6,21,10.6
3100002980,2026-05-27 09:31:00,31,진주지점,C2BAA76CB,김아준,정현숙,010 6443 8619,충북,제천시 하소동,일반,반려동물,사료,4.3,30.0,32.0,16.0,2.56,4.3,소형,4000.0,2026-05-28,배송완료,2026-05-28 19:50:00,대리점,2026-05-27 9:31:00,2026-05-28,4.3,30,4.3
2100000882,2026-07-14 10:30:00,21,대전지점,CECFD84EB,임서준,최아자,010-5797-4013,서울,마포구 서교동,일반,화장품·미용,향수,1.9,23.0,31.0,14.0,1.66,1.9,소형,4000.0,2026-07-15,배송완료,,편의점접수,2026-07-14 10:30:00,2026-07-15,1.9,23,1.9
3100000798,2026-07-23 10:56:00,31,진주지점,CB20FB5CF,한하식,김하호,010-5064-8755,서울,마포구 서교동,일반,가구·침구,쿠션,5.4,70.0,53.0,34.0,21.02,21.02,대형,9000.0,2026-07-24,배송완료,,방문접수,2026-07-23 10:56:00,2026-07-24,5.4,70,21
2100002471,2026-05-08 16:20:00,21,대전지점,CD5A4BC31,임성희,한도란,010-5341-8763,대전,동구 가양동,일반,생활용품,수납함,3.3,39.0,23.0,21.0,3.14,3.3,중형,6000.0,2026-05-11,배송완료,2026-05-11 11:02:00,인터넷접수,2026-05-08 16:20:00,2026-05-11,3.3,39,3.3
3200000320,2026-05-26 18:16:00,32,거제지점,C2EEC641D,김나호,황우환(경비실),010-6411-3615,경남,진주시 평거동,일반,반려동물,장난감,8.3,,16.0,18.0,,8.3,중형,6000.0,2026-05-27,미배송,,인터넷접수,2026-05-26 18:16:00,2026-05-27,8.3,0,8.3
1100001861,2026-08-03 16:19:00,11,서울지점,C8C5CA15D,김도현,이준자,010-5670-8807,서울,강남구 역삼동,일반,화장품·미용,샴푸,0.9,27.0,27.0,23.0,2.79,2.79,소형,4000.0,2026-08-04,배송중,,편의점접수,2026-08-03 16:19:00,2026-08-04,0.9,27,2.8
1100001043,2026-07-10 17:13:00,11,서울지점,C66B7B8CD,김호경,김지서,010-8476-4749,광주,북구 운암동,일반,의류·패션,티셔츠,1.7,29.0,42.0,32.0,6.5,6.5,중형,6000.0,2026-07-13,배송완료,2026-07-13 14:20:00,편의점접수,2026-07-10 17:13:00,2026-07-13,1.7,29,6.5
4100002356,2026-05-13 14:10:00,41,울산지점,C3FE6A3FB,이서현,강아영,010-6566-2704,대전,서구 둔산동,일반,도서·문구,다이어리,3.2,30.0,16.0,13.0,1.04,3.2,소형,4000.0,2026-05-14,배송완료,2026-05-14 12:59:00,인터넷접수,2026-05-13 14:10:00,2026-05-14,3.2,30,3.2
1100002243,2026-07-20 10:48:00,11,서울지점,C1B4374D8,최도준,정아환,010-8217-2293,부산,해운대구 우동,일반,가구·침구,이불 (겨울용),3.9,67.0,54.0,50.0,30.15,30.15,초과,,2026-07-21,배송완료,2026-07-21 19:48:00,방문접수,2026-07-20 10:48:00,2026-07-21,3.9,67,30.1
1100000685,2026-06-01 10:52:00,11,서울지점,C0A9D22DD,최호서,장도철,103486184,대구,북구 침산동,일반,의류·패션,신발,0.4,50.0,22.0,29.0,5.32,5.32,중형,6000.0,2026-06-02,배송완료,2026-06-02 11:54:00,인터넷접수,2026-06-01 10:52:00,2026-06-02,0.4,50,5.3
1100002674,2026-06-15 11:34:00,11,서울지점,C736D33D4,임예란,김하란(직접수령),010-4454-1173,경남,거제시 장승포동,일반,의류·패션,운동화,0.7,40.0,30.0,17.0,3.4,3.4,중형,6000.0,2026-06-16,배송완료,2026-06-17 9:06:00,인터넷접수,2026-06-15 11:34:00,2026-06-16,0.7,40,3.4
3100002851,2026-06-29 10:43:00,31,진주지점,CC19DBAC2,이채식,박채란,010-2147-6731,경기,화성시 동탄,일반,생활용품,청소기필터,1.2,48.0,27.0,26.0,5.62,5.62,중형,6000.0,2026-06-30,배송완료,2026-07-01 11:27:00,방문접수,2026-06-29 10:43:00,2026-06-30,1.2,48,5.6
2100000146,2026-05-25 16:53:00,21,대전지점,C1E27C84B,박영서,허재아,010-5862-8874,경남,양산시 물금읍,일반,전자·디지털,키보드,0.2,22.0,31.0,18.0,2.05,2.05,소형,4000.0,2026-05-26,배송완료,2026-05-27 15:20:00,방문접수,2026-05-25 16:53:00,2026/05/26,0.2,22,2
3200001958,2026-05-13 14:23:00,32,거제지점,CA2ED83E0,이나경,서은빈,010-3064-5860,전북,군산시 나운동,일반,의류·패션,패딩,0.9,38.0,31.0,17.0,3.34,3.34,중형,6000.0,2026-05-14,배송실패,,편의점접수,2026-05-13 14:23:00,2026-05-14,0.9,38,3.3
4100001154,2026-06-30 17:59:00,41,울산지점,C4B9949E7,황규아,김나원,010-4381-7604,경북,구미시 인동,일반,전자·디지털,이어폰,3.9,40.0,15.0,22.0,2.2,3.9,소형,4000.0,2026-07-01,반송,2026-07-02 16:16:00,편의점접수,2026-06-30 17:59:00,2026-07-01,3.9,40,3.9
2100000687,2026-05-08 15:42:00,21,대전지점,C773D1122,서진빈,박은철,1027407959,경기,부천시 원미구,일반,반려동물,고양이모래,5.2,36.0,,20.0,,5.2,중형,6000.0,2026-05-11,배송완료,2026-05-12 15:46:00,인터넷접수,2026-05-08 15:42:00,2026-05-11,5.2,36,5.2
1200001447,2026-07-27 15:53:00,12,용산지점,CC36EB31D,윤민식,권지희,010-9146-6302,서울,노원구 상계동,일반,반려동물,강아지옷,7.2,38.0,25.0,16.0,2.53,7.2,중형,6000.0,2026-07-28,배송완료,2026-07-30 16:33:00,인터넷접수,26-07-27 15:53,2026-07-28,7.2,38,7.2
1200001282,2026-08-03 18:46:00,12,용산지점,CC1633F04,강규진,조준진,107888392,경남,거제시 장승포동,일반,식품,된장,2.6,27.0,27.0,12.0,1.46,2.6,소형,4000.0,2026-08-04,배송중,,인터넷접수,2026-08-03 18:46:00,2026-08-04,2.6,27,2.6
4100002559,2026-06-08 09:29:00,41,울산지점,C4A990FC0,김규빈,황서희(경비실),010-2488-8527,광주,서구 치평동,일반,의류·패션,패딩,1.5,28.0,33.0,16.0,2.46,2.46,소형,4000.0,2026-06-09,배송완료,2026-06-09 10:56:00,방문접수,2026-06-08 9:29:00,2026-06-09,1.5,28,2.5
1200001828,2026-07-22 10:53:00,12,용산지점,CEB0CE467,서승우,정나란,010-2736-9029,경남,김해시 장유동,일반,생활용품,수납함,7.2,42.0,36.0,24.0,6.05,7.2,중형,6000.0,2026-07-23,배송완료,2026-07-23 13:40:00,편의점접수,2026-07-22 10:53:00,2026-07-23,7.2,42,7.2
1200001085,2026-06-14 10:08:00,12,용산지점,C8D3D00A2,정규숙,김윤율,010-9985-3589,대구,달서구 상인동,일반,반려동물,강아지옷,6.4,33.0,25.0,19.0,2.61,6.4,중형,6000.0,2026-06-15,배송완료,2026-06-16 10:31:00,대리점,2026-06-14 10:08:00,2026-06-15,6.4,33,6.4
1200001972,2026-07-06 18:30:00,12,용산지점,CF50E1363,김규란,윤호원,010-8999-8074,경북,포항시 남구,일반,식품,김치,9.9,32.0,29.0,16.0,2.47,9.9,중형,6000.0,2026-07-07,배송실패,,인터넷접수,2026-07-06 18:30:00,2026-07-07,9.9,32,9.9
2100002486,2026-05-09 12:54:00,21,대전지점,C67EED03A,이채자,유나숙,010-4029-1689,경남,진주시 평거동,일반,의류·패션,가방,1.4,33.0,23.0,27.0,3.42,3.42,중형,6000.0,2026-05-11,배송완료,2026-05-13 15:17:00,인터넷접수,2026-05-09 12:54:00,2026-05-11,1.4,33,3.4
1200001843,2026-06-08 14:38:00,12,용산지점,C4EA6ACC8,이나란,박수준,1049742155,경기,남양주시 다산동,일반,식품,김치,7.7,27.0,16.0,23.0,1.66,7.7,중형,6000.0,2026-06-09,배송완료,2026-06-11 15:23:00,인터넷접수,2026-06-08 14:38:00,2026-06-09,7.7,27,7.7
1100000671,2026-07-31 11:40:00,11,서울지점,C99DFCC37,이서경,김도서,010-6154-1871,서울,마포구 서교동,일반,의류·패션,코트,2.2,47.0,40.0,26.0,8.15,8.15,중형,6000.0,2026-08-03,배송완료,2026-08-03 12:04:00,방문접수,2026-07-31 11:40:00,2026-08-03,2.2,47,8.1
1100002087,2026-06-17 17:40:00,11,서울지점,CA84BCAE3,이유란,김영자,010-3442-9950,경남,거제시 옥포동,일반,생활용품,세제,2.6,45.0,25.0,21.0,3.94,3.94,중형,6000.0,2026-06-18,배송완료,2026-06-19 12:24:00,방문접수,2026-06-17 17:40:00,2026-06-18,2.6,45,3.9
3100001172,2026-07-16 17:11:00,31,진주지점,C4F6299D8,이현호,이유연,,서울,마포구 서교동,일반,의류·패션,운동화,1.0,36.0,25.0,13.0,1.95,1.95,소형,4000.0,2026-07-17,배송완료,2026-07-20 16:46:00,편의점접수,2026-07-16 17:11:00,2026-07-17,1,36,1.9
2100001750,2026-07-09 14:07:00,21,대전지점,C04F94574,강재희,김진영,,서울,용산구 한남동,일반,의류·패션,모자,0.4,35.0,27.0,24.0,3.78,3.78,중형,6000.0,2026-07-10,배송완료,2026-07-14 16:23:00,방문접수,2026-07-09 14:07:00,2026-07-10,0.4,35,3.8
3100000981,2026-05-29 12:49:00,31,진주지점,CDBBE6F88,오정율,장영경,010-3536-7041,경기,화성시 동탄,일반,의류·패션,코트,1.0,32.0,38.0,18.0,3.65,3.65,중형,6000.0,2026-06-01,배송완료,2026-06-01 19:42:00,인터넷접수,2026-05-29 12:49:00,2026-06-01,1,32,3.6
1100001386,2026-06-15 11:32:00,11,서울지점,C902C504C,이지진,홍윤원,,경남,진주시 초전동,일반,가구·침구,커튼,5.5,53.0,35.0,36.0,11.13,11.13,대형,9000.0,2026-06-16,배송완료,2026-06-16 18:41:00,방문접수,2026-06-15 11:32:00,2026-06-16,5.5,53,11.1
3100000734,2026-06-29 14:42:00,31,진주지점,C7EC5E4F3,오재율,류영자,010-5749-3051,서울,용산구 청파동,일반,의류·패션,반팔티,0.4,42.0,27.0,30.0,5.67,5.67,중형,6000.0,2026-06-30,배송완료,2026-06-30 11:44:00,편의점접수,2026-06-29 14:42:00,2026-06-30,0.4,42,5.7
1100001147,2026-05-25 14:27:00,11,서울지점,C404E1E82,김재환,최승연,010-5239-5789,대전,서구 둔산동,일반,의류·패션,모자,1.2,33.0,27.0,18.0,2.67,2.67,소형,4000.0,2026-05-26,배송완료,2026-05-27 20:01:00,방문접수,2026-05-25 14:27:00,2026-05-26,1.2,33,2.7
3100001494,2026-07-17 09:10:00,31,진주지점,C4E9B5A8B,정재영,이태우,010-6987-4350,강원,원주시 무실동,일반,의류·패션,패딩,0.7,43.0,35.0,14.0,3.51,3.51,중형,6000.0,2026-07-20,배송완료,2026-07-20 12:49:00,편의점접수,2026-07-17 9:10:00,2026-07-20,0.7,43,3.5
1200001784,2026-05-18 17:24:00,12,용산지점,CCB67C6BD,이윤진,강승희,,전남,여수시 학동,일반,식품,된장,7.6,20.0,21.0,12.0,0.84,7.6,중형,6000.0,2026-05-19,배송완료,2026-05-19 13:04:00,인터넷접수,2026-05-18 17:24:00,2026-05-19,7.6,20,7.6
1100000613,2026-06-16 19:47:00,11,서울지점,C4914CDDE,오하율,강진자,010-3026-7157,울산,남구 옥동,일반,식품,커피원두,4.1,35.0,27.0,23.0,3.62,4.1,중형,6000.0,2026-06-17,배송완료,2026-06-24 13:04:00,인터넷접수,2026-06-16 19:47:00,2026-06-17,4.1,35,4.1
1200002580,2026-06-14 14:34:00,12,용산지점,C4926B2D8,김채호,배주철,010-4587-5322,제주,제주시 노형동,제주,식품,라면박스,3.1,31.0,17.0,19.0,1.67,3.1,소형,7000.0,2026-06-16,배송완료,2026-06-16 9:27:00,인터넷접수,2026-06-14 14:34:00,2026-06-16,3.1,31,3.1
1200001433,2026-06-29 14:30:00,12,용산지점,C0B504EA5,정나율,김성희,010-9927-7151,대전,유성구 노은동,일반,의류·패션,코트,0.9,31.0,27.0,24.0,3.35,3.35,중형,6000.0,2026-06-30,배송완료,2026-06-30 13:26:00,편의점접수,2026-06-29 14:30:00,2026-06-30,0.9,31,3.3
2100002421,2026-07-21 14:27:00,21,대전지점,C975D9845,김진환,윤진미,010-6067-8278,경남,김해시 장유동,일반,생활용품,청소기필터,4.4,31.0,41.0,19.0,4.02,4.4,중형,6000.0,2026-07-22,배송완료,2026-07-22 18:07:00,인터넷접수,2026-07-21 14:27:00,2026-07-22,4.4,31,4.4
2100002535,2026-05-12 15:49:00,21,대전지점,C43051BA0,안민빈,최정원,010-4706-1019,경남,거제시 장승포동,일반,식품,김,9.7,38.0,18.0,24.0,2.74,9.7,중형,6000.0,2026-05-13,배송완료,2026-05-13 12:01:00,편의접수,2026-05-12 15:49:00,2026-05-13,9.7,38,9.7
1100000888,2026-05-13 11:07:00,11,서울지점,C2E913452,장수아,이연란,,경기,부천시 원미구,일반,도서·문구,노트 10권,9.7,27.0,22.0,25.0,2.48,9.7,중형,6000.0,2026-05-14,배송완료,2026-05-14 12:01:00,편의점접수,2026-05-13 11:07:00,2026-05-14,9.7,27,9.7
2100002287,2026-07-10 18:55:00,21,대전지점,CB278F99A,최승희,박정자,010-2399-1332,경남,진주시 초전동,일반,생활용품,주방용품,4.8,37.0,39.0,31.0,7.46,7.46,중형,6000.0,2026-07-13,배송완료,2026-07-13 9:53:00,인터넷접수,2026-07-10 18:55:00,2026-07-13,4.8,37,7.5
2100002041,2026-05-18 16:11:00,21,대전지점,C6718C8AA,김수희,김아서,010-4727-9286,울산,울주군 범서읍,일반,의류·패션,패딩,0.4,48.0,23.0,23.0,4.23,4.23,중형,6000.0,2026-05-19,배송완료,2026-05-19 11:49:00,편의점접수,2026-05-18 16:11:00,2026-05-19,0.4,48,4.2
3200000209,2026-05-11 12:28:00,32,거제지점,C3883FDC0,이영자,강연원,010-6333-9139,경남,거제시 옥포동,일반,화장품·미용,헤어드라이어,2.4,32.0,31.0,13.0,2.15,2.4,소형,4000.0,2026-05-12,배송 완료,2026-05-17 16:32:00,방문접수,2026-05-11 12:28:00,2026-05-12,2.4,32,2.4
1100001973,2026-07-13 16:38:00,11,서울지점,C8F4D5960,장진빈,김아율,010-2931-3859,충남,당진시 수청동,일반,도서·문구,다이어리,10.5,38.0,21.0,27.0,3.59,10.5,중형,6000.0,2026-07-14,배송완료,2026-07-14 16:39:00,방문접수,2026-07-13 16:38:00,2026-07-14,10.5,38,10.5
2100000498,2026-06-09 14:36:00,21,대전지점,C8FA83D92,황채우,김채란,010 7135 2402,대구,수성구 범어동,일반,식품,된장,7.2,29.0,25.0,25.0,3.02,7.2,중형,6000.0,2026-06-10,배송완료,2026-06-10 14:21:00,편의점접수,2026-06-09 14:36:00,2026-06-10,7.2,29,7.2
2100000127,2026-05-12 17:47:00,21,대전지점,C12C95BDA,권지식,손민호,010-3767-3826,서울,강남구 역삼동,일반,식품,건어물,9.6,25.0,30.0,27.0,3.38,9.6,중형,6000.0,2026-05-13,미배송,,편의점접수,2026-05-12 17:47:00,2026-05-13,9.6,25,9.6
1100000838,2026-05-18 14:31:00,11,서울지점,CF2FC398C,이호우,박영서,1050224501,서울,강남구 역삼동,일반,가구·침구,침구/이불,2.4,47.0,34.0,37.0,9.85,9.85,중형,6000.0,2026-05-19,배송완료,2026-05-19 10:43:00,방문접수,2026-05-18 14:31:00,2026-05-19,2.4,47,9.9
1100002479,2026-06-05 15:49:00,11,서울지점,CA84FC9C1,문채식,문수란(경비실),010-4529-5261,서울,마포구 서교동,일반,전자·디지털,키보드,0.4,30.0,15.0,10.0,0.75,0.75,극소형,3500.0,2026-06-08,배송완료,2026-06-08 18:50:00,인터넷접수,2026-06-05 15:49:00,2026-06-08,0.4,30,0.8
1100002999,2026-07-06 17:38:00,11,서울지점,C46365A28,권은미,김호자,010-9464-1984,대구,북구 침산동,일반,식품,커피원두,2.9,24.0,26.0,23.0,2.39,2.9,소형,4000.0,2026-07-07,배송완료,2026-07-07 14:20:00,인터넷접수,26-07-06 17:38,2026-07-07,2.9,24,2.9
2100001013,2026-07-08 17:02:00,21,대전지점,CCD34DB00,김하철,오은희,010-8954-9089,부산,동래구 온천동,일반,식품,된장,3.3,34.0,17.0,16.0,1.54,3.3,소형,4000.0,2026-07-09,반품,,인터넷접수,2026-07-08 17:02:00,2026-07-09,3.3,34,3.3
4100001412,2026-05-30 19:48:00,41,울산지점,C78A4322C,조유서,이나빈,010-9372-9508,경북,포항시 남구,일반,생활용품,빨래건조대,2.3,31.0,30.0,20.0,3.1,3.1,중형,6000.0,2026-06-01,배송완료,2026-06-02 13:16:00,방문접수,2026-05-30 19:48:00,2026-06-01,2.3,31,3.1
1200000394,2026-05-30 11:02:00,12,용산지점,CF1C330AC,김승진,임채준,010-9868-9088,경북,포항시 남구,일반,생활용품,수납함,0.9,41.0,31.0,26.0,5.51,5.51,중형,6000.0,2026-06-01,배송완료,2026-06-02 10:47:00,방문접수,2026-05-30 11:02:00,2026-06-01,0.9,41,5.5
1200000176,2026-06-22 19:03:00,12,용산지점,C532AAAD8,허시영,이정희,010-3093-1245,서울,용산구 원효로1가,일반,생활용품,화장지,4.5,50.0,23.0,12.0,2.3,4.5,중형,6000.0,2026-06-23,배송완료,2026-06-23 19:35:00,인터넷접수,2026/06/22 19:03,2026-06-23,4.5,50,4.5
4100002710,2026-07-27 14:28:00,41,울산지점,CD04BAB63,오민진,임아철,010-3657-5743,대전,유성구 노은동,일반,식품,커피원두,8.8,23.0,28.0,20.0,2.15,8.8,중형,6000.0,2026-07-28,배송완료,2026-07-28 20:11:00,인터넷접수,2026-07-27 14:28:00,2026-07-28,8.8,23,8.8
1200001221,2026-05-18 12:30:00,12,용산지점,CDDA3FA27,전서자,박진란,010-5423-3167,서울,용산구 이태원동,일반,의류·패션,청바지,1.0,38.0,39.0,15.0,3.7,3.7,중형,6000.0,,배송완료,2026-05-19 14:57:00,대리점접수,2026-05-18 12:30:00,,1,38,3.7
4100001996,2026-07-13 11:00:00,41,울산지점,C275E7C42,김호희,박도빈,010-8258-1531,경남,김해시 장유동,일반,의류·패션,가방,0.7,29.0,25.0,26.0,3.14,3.14,소형,4000.0,2026-07-14,배송완료,2026-07-15 14:42:00,편의점접수,2026-07-13 11:00:00,2026-07-14,0.7,29,3.1
1100000031,2026-06-24 11:20:00,11,서울지점,C6EE044F5,장서서,정연식,010-2773-2421,서울,용산구 이태원동,일반,의류·패션,의약품,1.9,34.0,39.0,30.0,6.63,6.63,중형,6000.0,2026-06-25,배송완료,2026-06-25 20:56:00,편의점접수,2026-06-24 11:20:00,2026-06-25,1.9,34,6.6
3200000699,2026-06-04 17:37:00,32,거제지점,CF1D74062,김지율,정아서,1068375985,대전,유성구 노은동,일반,의류·패션,모자,1.3,44.0,29.0,18.0,3.83,3.83,중형,6000.0,2026-06-05,배송완료,2026-06-11 10:13:00,방문접수,2026-06-04 17:37:00,2026-06-05,1.3,44,3.8
1200002434,2026-07-06 12:56:00,12,용산지점,C4CEE3425,박규율,윤시숙,010-9455-6631,경남,양산시 물금읍,일반,식품,쌀,1.7,,19.0,17.0,,1.7,소형,4000.0,2026-07-07,배송완료,2026-07-07 11:42:00,편의점접수,2026-07-06 12:56:00,2026-07-07,1.7,0,1.7
1200002232,2026-05-12 09:55:00,12,용산지점,C5A9F6732,이성준,박서진,010-8974-8481,경기,용인시 기흥구,일반,도서·문구,문제집,8.8,27.0,28.0,18.0,2.27,8.8,중형,6000.0,2026-05-13,배송완료,2026-05-13 18:52:00,방문접수,2026/05/12 9:55,2026-05-13,8.8kg,27,8.8
3100001161,2026-05-06 11:31:00,31,진주지점,CCEAB9A05,임나란,김규우,010-8561-6534,충남,천안시 서북구,일반,전자·디지털,키보드,,18.0,21.0,22.0,1.39,1.39,소형,4000.0,2026-05-07,배송완료,2026-05-07 20:58:00,인터넷접수,2026-05-06 11:31:00,2026-05-07,-1,18,-1
4100002925,2026-07-02 18:05:00,41,울산지점,C406DC71C,이호우,김진식,1072275973,경기,수원시 영통구,일반,도서·문구,노트,10.8,23.0,22.0,27.0,2.28,10.8,중형,6000.0,2026-07-03,미배송,,편의점접수,2026-07-02 18:05:00,2026-07-03,10.8,23,10.8
1100000013,2026-07-24 17:16:00,11,서울지점,C50EF6546,송윤율,이채우,,경기,성남시 분당구,일반,의류·패션,모자,1.6,39.0,35.0,13.0,2.96,2.96,중형,6000.0,2026-07-27,배송완료,2026-07-28 15:42:00,편의점접수,2026-07-24 17:16:00,2026-07-27,1.6,39,3
1200000322,2026-07-30 14:04:00,12,용산지점,CC0FA9AE0,김태환,최시환,010-9352-2916,세종,한솔동,일반,반려동물,강아지옷,4.7,27.0,23.0,14.0,1.45,4.7,소형,4000.0,2026-07-31,배송완료,2026-07-31 17:19:00,인터넷접수,2026-07-30 14:04:00,2026-07-31,4.7,2700,4.7
3100000092,2026-07-15 17:14:00,31,진주지점,C58A7CAC8,김채자,김민원,010-6901-7180,대전,유성구 봉명동,일반,식품,김,5.5,37.0,29.0,23.0,4.11,5.5,중형,6000.0,2026-07-16,배송완료,2026-07-16 13:48:00,인터넷접수,2026-07-15 17:14:00,2026-07-16,5.5,37,5.5
3200000167,2026-05-20 14:58:00,32,거제지점,C955174F6,강나연,최영경,,경남,창원시 성산구,일반,식품,커피원두,9.6,31.0,30.0,16.0,2.48,9.6,중형,6000.0,,미배송,,편의점접수,2026-05-20 14:58:00,,9.6,31,9.6
3100002621,2026-07-11 12:07:00,31,진주지점,C9DAEC101,양예서,이나율,010-9755-3703,인천,남동구 구월동,일반,화장품·미용,스킨케어세트,0.5,,20.0,16.0,,0.5,극소형,3500.0,2026-07-13,배송완료,2026-07-13 18:05:00,방문접수,2026-07-11 12:07:00,2026-07-13,0.5,-10,1.3
1100000174,2026-05-12 19:30:00,11,서울지점,C6E578ED8,김아현,정아식,010-4276-4410,서울,용산구 청파동,일반,반려동물,장난감,1.8,23.0,29.0,20.0,2.22,2.22,소형,4000.0,2026-05-13,배송완료,2026-05-13 10:45:00,인터넷접수,2026-05-12 19:30:00,2026-05-13,1.8,23,2.2
2100000134,2026-06-26 10:03:00,21,대전지점,CD691CA7B,김서연,김민희,,충남,천안시 서북구,일반,식품,커피원두,10.9,25.0,16.0,20.0,1.33,10.9,중형,6000.0,2026-06-29,배송완료,2026-06-29 10:13:00,편의점접수,2026-06-26 10:03:00,2026-06-29,10.9,25,10.9
1200002564,2026-06-22 16:02:00,12,용산지점,CA7101B4A,정영아,한민율,010-2470-8964,대구,달서구 상인동,일반,생활용품,빨래건조대,1.3,37.0,31.0,15.0,2.87,2.87,중형,6000.0,2026-06-23,배송완료,2026-06-23 13:55:00,인터넷접수,2026-06-22 16:02:00,2026-06-23,1.3,37,2.9
1100002822,2026-05-11 16:19:00,11,서울지점,CD355A80B,김준진,한영경,010-8670-8920,경기,부천시 원미구,일반,생활용품,휴지,2.2,44.0,31.0,15.0,3.41,3.41,중형,6000.0,2026-05-12,배송완료,2026-05-12 10:06:00,인터넷접수,2026-05-11 16:19:00,2026-05-12,2.2,44,3.4
4100001930,2026-05-04 14:53:00,41,울산지점,C3544740B,정현연,김준원,010-3049-5943,충남,천안시 서북구,일반,식품,김치,5.0,28.0,21.0,17.0,1.67,5.0,소형,4000.0,2026-05-05,배송완료,2026-05-07 9:59:00,인터넷접수,2026-05-04 14:53:00,2026-05-05,5,28,5
1100001622,2026-07-28 15:42:00,11,서울지점,C2D88FC4B,이은미,강성영,010-6559-6397,전북,전주시 덕진구,일반,생활용품,빨래건조대,3.7,45.0,28.0,29.0,6.09,6.09,중형,6000.0,2026-07-29,배송완료,2026-07-29 17:46:00,인터넷접수,2026-07-28 15:42:00,2026-07-29,3.7,45,6.1
1100002451,2026-06-08 19:43:00,11,서울지점,C32CAE732,김성란,유우식,1086184230,서울,은평구 응암동,일반,생활용품,세제(대용량),6.5,43.0,39.0,30.0,8.38,8.38,중형,6000.0,2026-06-09,배송완료,2026-06-09 10:40:00,방문접수,2026-06-08 19:43:00,2026-06-09,6.5,43,8.4
1100002907,2026-07-07 14:52:00,11,서울지점,CDB280840,박영아,류현원,010-2606-2292,충북,제천시 하소동,일반,전자·디지털,충전기,5.1,34.0,30.0,19.0,3.23,5.1,중형,6000.0,2026-07-08,배송완료,2026-07-08 17:57:00,방문접수,2026-07-07 14:52:00,2026/07/08,5.1,34,5.1
1100000984,2026-06-08 10:25:00,11,서울지점,C809CA87C,최준미,김도미,010-8481-6258,서울,용산구 청파동,일반,의류·패션,청바지,0.7,49.0,23.0,12.0,2.25,2.25,중형,6000.0,2026-06-09,배송완료,2026-06-09 9:23:00,방문접수,2026-06-08 10:25:00,2026-06-09,0.7kg,49,2.3
1100002601,2026-06-24 14:26:00,11,서울지점,CEE9504EA,홍우식,최지아,010-2060-6975,서울,용산구 이태원동,일반,화장품·미용,스킨케어세트,1.0,26.0,20.0,22.0,1.91,1.91,소형,4000.0,2026-06-25,배송완료,2026-06-25 16:57:00,편의점접수,2026.06.24 14시26분,2026-06-25,1,26,1.9
2100000481,2026-05-28 19:20:00,21,대전지점,CCFDE1786,윤예아,박아경,010-5096-8171,울산,중구 성남동,일반,전자·디지털,이어폰,3.7,33.0,26.0,23.0,3.29,3.7,중형,6000.0,2026-05-29,배송완료,2026-05-29 18:00:00,인터넷접수,2026-05-28 19:20:00,2026-05-29,3.7,33,3.7
1100001652,2026-06-27 18:49:00,11,서울지점,CCE2C1D7A,한성란,이호율,010-7326-3518,대전,대덕구 송촌동,일반,의류·패션,코트,1.1,33.0,41.0,27.0,6.09,6.09,중형,6000.0,2026-06-29,배송완료,2026-07-01 17:38:00,인터넷접수,2026-06-27 18:49:00,2026-06-29,1.1,33,6.1
1100002412,2026-05-13 17:57:00,11,서울지점,C7FAE69B9,김준율,권수미,102280261,대구,북구 침산동,일반,의류·패션,신발,2.1,32.0,35.0,19.0,3.55,3.55,중형,6000.0,2026-05-14,배송완료,2026-05-14 11:54:00,인터넷접수,2026-05-13 17:57:00,2026-05-14,2.1,32,3.5
4100002058,2026-05-25 13:58:00,41,울산지점,C949A5C41,김윤연,임우환,010-4999-3598,충북,청주시 흥덕구,일반,생활용품,청소기필터,5.3,32.0,33.0,31.0,5.46,5.46,중형,6000.0,,배송완료,2026-05-26 16:28:00,편의점접수,2026-05-25 13:58:00,,5.3,32,5.5
1100000472,2026-07-27 15:47:00,11,서울지점,C58B04FBE,김민준,윤하서,,대전,대덕구 송촌동,일반,의류·패션,신발,0.9,37.0,42.0,24.0,6.22,6.22,중형,6000.0,2026-07-28,배송완료,2026-07-30 16:15:00,편의점접수,2026-07-27 15:47:00,2026-07-28,0.9,37,6.2
4100001623,2026-07-21 14:54:00,41,울산지점,CFF5ACF04,이지빈,정태식,010-4070-5031,경남,진주시 충무공동,일반,화장품·미용,향수,1.2,40.0,14.0,8.0,0.75,1.2,소형,4000.0,2026-07-22,배송완료,2026-07-22 11:35:00,편의점접수,2026-07-21 14:54:00,2026-07-22,1.2,40,1.2
2100000154,2026-06-08 14:59:00,21,대전지점,C38F14BE4,김주란,김윤빈,010-2816-3696,서울,용산구 한남동,일반,의류·패션,패딩,1.2,47.0,34.0,30.0,7.99,7.99,중형,6000.0,2026-06-09,배송완료,2026-06-09 15:34:00,방문접수,2026-06-08 14:59:00,2026-06-09,1.2,47,8
1200000836,2026-07-03 17:26:00,12,용산지점,C35F99C6F,박서식,김영아,010-3321-9771,전남,순천시 조례동,일반,의류·패션,코트,1.6,30.0,26.0,23.0,2.99,2.99,소형,4000.0,2026-07-06,배송완료,2026-07-07 17:02:00,편의점접수,2026-07-03 17:26:00,2026-07-06,1.6,30,3
3100002926,2026-05-18 09:58:00,31,진주지점,CB721C86B,홍채란,박윤환,010-9068-9007,울산,중구 성남동,일반,화장품·미용,향수,1.7,37.0,30.0,17.0,3.14,3.14,중형,6000.0,2026-05-19,배송완료,2026-05-19 16:12:00,인터넷접수,2026-05-18 9:58:00,2026-05-19,1.7,37,3.1
1200002918,2026-05-23 10:28:00,12,용산지점,C2D8B63F9,이현식,조태진,,울산,동구 방어동,일반,화장품·미용,샴푸,1.0,34.0,32.0,22.0,3.99,3.99,중형,6000.0,2026-05-25,배송완료,2026-05-25 19:03:00,방문접수,2026-05-23 10:28:00,2026-05-25,1,34,4
3200001609,2026-07-13 14:57:00,32,거제지점,C3C46DE84,김은식,김현숙(경비실),010-3327-2845,경북,구미시 인동,일반,식품,된장,11.2,33.0,27.0,20.0,2.97,11.2,중형,6000.0,2026-07-14,배송완료,2026-07-19 10:45:00,인터넷접수,2026-07-13 14:57:00,2026-07-14,11.2,33,11.2
4100001658,2026-07-21 17:27:00,41,울산지점,C90A7639F,김현진,윤채진,010-2554-4892,서울,용산구 이태원동,일반,식품,된장,10.6,23.0,21.0,16.0,1.29,10.6,중형,6000.0,2026-07-22,배송완료,,편의점접수,2026-07-21 17:27:00,2026-07-22,10.6,23,10.6
1100002702,2026-05-27 10:28:00,11,서울지점,C12D385BE,장윤희,강호희,010-8846-2847,서울,용산구 원효로1가,일반,반려동물,장난감,5.7,37.0,23.0,26.0,3.69,5.7,중형,6000.0,2026-05-28,배송완료,2026-05-28 18:38:00,인터넷접수,2026-05-27 10:28:00,2026-05-28,5.7,37,5.7
4100000791,2026-06-08 17:40:00,41,울산지점,CFDBA502C,윤채식,이준희,1050216161,경북,안동시 옥동,일반,생활용품,화장지,7.5,30.0,24.0,23.0,2.76,7.5,중형,6000.0,2026-06-09,배송완료,2026-06-09 11:41:00,대리점접수,2026-06-08 17:40:00,2026-06-09,7.5,30,7.5
3100001315,2026-06-08 10:10:00,31,진주지점,C2E8832DB,이윤진,김재영,010-9682-7329,경남,거제시 고현동,일반,의류·패션,가방,0.8,33.0,34.0,25.0,4.68,4.68,중형,6000.0,2026-06-09,배송완료,2026-06-09 19:02:00,방문접수,2026-06-08 10:10:00,2026-06-09,0.8,33,4.7
2100000748,2026-05-28 12:44:00,21,대전지점,CF8358DC5,최태영,안성서,010-7480-6809,경기,수원시 영통구,일반,의류·패션,청바지,2.4,33.0,40.0,14.0,3.08,3.08,중형,6000.0,2026-05-29,배송완료,2026-05-29 18:07:00,인터넷접수,2026-05-28 12:44:00,2026-05-29,2.4,33,3.1
3100001678,2026-06-22 17:04:00,31,진주지점,CE75EAC6B,최하환,윤호준,010-2225-2989,경남,거제시 옥포동,일반,생활용품,주방용품,2.9,38.0,39.0,18.0,4.45,4.45,중형,6000.0,2026-06-23,배송완료,2026-06-24 12:26:00,인터넷접수,2026-06-22 17:04:00,2026-06-23,2.9,38,4.4
1200000289,2026-05-08 16:35:00,12,용산지점,C8DC413E5,김진숙,김나호,010-7463-2617,인천,남동구 구월동,일반,의류·패션,모자,1.9,37.0,22.0,17.0,2.31,2.31,소형,4000.0,2026-05-11,배송완료,2026-05-11 17:27:00,인터넷접수,2026-05-08 16:35:00,2026-05-11,1.9,37,2.3
1100000333,2026-05-11 14:13:00,11,서울지점,CC5E5092A,박재란,김정준,107942143,서울,노원구 상계동,일반,생활용품,수납함,7.0,30.0,26.0,23.0,2.99,7.0,중형,6000.0,2026-05-12,배송완료,2026-05-12 14:42:00,인터넷접수,2026-05-11 14:13:00,2026-05-12,7,30cm,7
1200000207,2026-07-01 15:29:00,12,용산지점,C4F9F02A3,김시경,이규숙,,경남,거제시 장승포동,일반,생활용품,주방용품,4.7,32.0,32.0,17.0,2.9,4.7,중형,6000.0,2026-07-02,배송완료,2026-07-02 14:49:00,편의점접수,2026-07-01 15:29:00,2026-07-02,4.7,32,4.7
1100002258,2026-06-29 15:34:00,11,서울지점,C926D2591,최민율,송연희,010-9662-1081,부산,사하구 하단동,일반,가구·침구,쿠션,1.6,62.0,41.0,32.0,13.56,13.56,대형,9000.0,2026-06-30,배송완료,2026-07-02 13:57:00,인터넷접수,2026-06-29 15:34:00,2026-06-30,1.6,62,13.6
1100002991,2026-07-16 11:57:00,11,서울지점,CE861D47B,김규미,김예식,010-5550-2232,강원,춘천시 퇴계동,일반,생활용품,수납함,2.2,37.0,39.0,18.0,4.33,4.33,중형,6000.0,2026-07-17,배송완료,2026-07-17 12:12:00,방문접수,2026-07-16 11:57:00,2026-07-17,2.2,37,2.2
4100001239,2026-07-17 16:23:00,41,울산지점,C41BD1F19,최유희,이서아,,경남,양산시 물금읍,일반,도서·문구,문제집,8.9,35.0,24.0,26.0,3.64,8.9,중형,6000.0,2026-07-20,배송완료,2026-07-20 17:33:00,편의점접수,2026-07-17 16:23:00,2026-07-20,8.9,35,8.9
1100001878,2026-05-29 19:23:00,11,서울지점,CC7E3147B,허나서,김현환,010-3120-7962,대구,달서구 상인동,일반,의류·패션,신발,0.3,37.0,35.0,23.0,4.96,4.96,중형,6000.0,2026-06-01,배송완료,2026-06-01 12:59:00,인터넷접수,2026-05-29 19:23:00,2026-06-01,0.3,37,5
1100002751,2026-07-08 14:44:00,11,서울지점,C03256092,양도경,고현연,010-4677-6915,울산,북구 명촌동,일반,식품,된장,9.4,38.0,19.0,12.0,1.44,9.4,중형,6000.0,2026-07-09,배송완료,2026-07-09 18:18:00,편의점접수,26-07-08 14:44,2026-07-09,9.4,38,9.4
3100000442,2026-06-08 11:38:00,31,진주지점,C289F79D5,이승식,안윤율,010-6205-3493,경남,양산시 물금읍,일반,식품,김,10.8,29.0,16.0,26.0,2.01,10.8,중형,6000.0,2026-06-09,배송완료,2026-06-09 17:21:00,방문접수,2026-06-08 11:38:00,2026-06-09,10.8,29,10.8
1200000751,2026-07-31 15:21:00,12,용산지점,CF872F0CD,오진영,김유철,010-3093-3619,충남,당진시 수청동,일반,의류·패션,패딩,1.4,30.0,26.0,28.0,3.64,3.64,중형,6000.0,2026-08-03,배송완료,2026-08-03 13:57:00,인터넷접수,2026-07-31 15:21:00,2026-08-03,1.4,30,3.6
1100001167,2026-07-10 15:11:00,11,서울지점,CFB582553,강하원,이호자,,대전,유성구 봉명동,일반,의류·패션,가방,1.4,35.0,30.0,28.0,4.9,4.9,중형,6000.0,2026-07-13,배송완료,2026-07-13 11:23:00,인터넷접수,2026-07-10 15:11:00,2026-07-13,1.4,35,4.9
1200000337,2026-06-05 14:57:00,12,용산지점,CC5857DD7,김시란,최태율,010-2227-9501,경남,거제시 고현동,일반,의류·패션,보조배터리,1.6,50.0,39.0,15.0,4.88,4.88,중형,6000.0,2026-06-08,미배송,2026-06-08 14:45:00,대리점,2026-06-05 14:57:00,2026-06-08,1.6,50,4.9
1200001819,2026-06-23 11:24:00,12,용산지점,C5A834CE1,이우우,김진서,010-5760-1943,울산,남구 삼산동,일반,생활용품,세제,4.8,33.0,34.0,30.0,5.61,5.61,중형,6000.0,2026-06-24,배송완료,2026-06-24 13:40:00,인터넷접수,2026-06-23 11:24:00,2026-06-24,4.8,33,5.6
2100002415,2026-05-28 17:55:00,21,대전지점,CB5CEFCF9,강도미,조수희,010-2895-9312,대전,대덕구 송촌동,일반,화장품·미용,샴푸,1.6,40.0,19.0,25.0,3.17,3.17,중형,6000.0,2026-05-29,배송완료,2026-05-29 17:36:00,인터넷접수,2026-05-28 17:55:00,2026-05-29,1.6,40,1.6
4100002533,2026-07-27 16:23:00,41,울산지점,CEC63D7FD,손아희,박지서,,대전,유성구 노은동,일반,의류·패션,코트,2.3,39.0,41.0,17.0,4.53,4.53,중형,6000.0,2026-07-28,배송완료,2026-07-28 11:45:00,대리점,2026-07-27 16:23:00,2026-07-28,2.3,39,4.5
1100001264,2026-07-14 16:13:00,11,서울지점,C2F07EB71,정시진,최예우,108358776,경남,김해시 장유동,일반,생활용품,청소기필터,1.7,37.0,25.0,29.0,4.47,4.47,중형,6000.0,2026-07-15,배송완료,2026-07-17 18:07:00,인터넷접수,2026-07-14 16:13:00,2026-07-15,1.7,37,4.5
2100002582,2026-06-22 11:28:00,21,대전지점,C90B2AD26,고현미,손서호,010-6521-3377,경남,진주시 충무공동,일반,생활용품,빨래건조대,1.1,42.0,40.0,24.0,6.72,6.72,중형,6000.0,2026-06-23,배송완료,2026-06-23 9:23:00,편의점접수,2026-06-22 11:28:00,2026-06-23,1.1,42,6.7
1100001228,2026-07-30 11:36:00,11,서울지점,C57192709,김시호,이수아,,강원,춘천시 퇴계동,일반,가구·침구,베개,4.7,44.0,55.0,43.0,17.34,17.34,대형,9000.0,2026-07-31,배송완료,2026-07-31 11:50:00,편의점접수,2026-07-30 11:36:00,2026-07-31,4.7,44,17.3
2100002784,2026-06-22 17:21:00,21,대전지점,CB18388E6,박예철,황연영(직접수령),010-2686-5255,대전,동구 가양동,일반,의류·패션,냉동식품,0.9,34.0,37.0,12.0,2.52,2.52,중형,6000.0,2026-06-23,반품,2026-06-23 15:25:00,대리점,2026-06-22 17:21:00,2026-06-23,0.9,34,2.5
3100001746,2026-05-12 17:32:00,31,진주지점,C55E2A5FD,안유철,류윤란,,울산,남구 삼산동,일반,전자·디지털,충전기,0.4,25.0,26.0,21.0,2.28,2.28,소형,4000.0,2026-05-13,배송완료,2026-05-13 20:57:00,방문접수,2026-05-12 17:32:00,2026-05-13,0.4,25,2.3
3100002734,2026-07-27 16:40:00,31,진주지점,CC9B96933,박민연,홍영식,010-5493-5597,서울,용산구 원효로1가,일반,의류·패션,모자,1.6,37.0,24.0,15.0,2.22,2.22,소형,4000.0,2026-07-28,배송완료,2026-07-28 15:28:00,인터넷접수,2026-07-27 16:40:00,2026-07-28,1.6,37,2.2
1200000787,2026-07-06 16:23:00,12,용산지점,C238AC123,김승아,홍유란,010-8328-8737,경남,창원시 성산구,일반,식품,된장,7.1,20.0,29.0,15.0,1.45,7.1,중형,6000.0,2026-07-07,배송완료,2026-07-07 10:25:00,인터넷접수,2026-07-06 16:23:00,2026-07-07,7.1,20,7.1
1200000374,2026-07-13 15:51:00,12,용산지점,C1DF86E20,오도원,최현식,010-9359-1144,인천,서구 청라동,일반,의류·패션,원피스,1.6,32.0,38.0,16.0,3.24,3.24,중형,6000.0,2026-07-14,배송완료,2026-07-14 13:38:00,인터넷접수,2026-07-13 15:51:00,2026-07-14,1.6,32,3.2
1200000528,2026-06-19 11:27:00,12,용산지점,C3E699135,조규경,한재철,010-5717-4365,서울,마포구 서교동,일반,전자·디지털,공유기,2.8,40.0,21.0,23.0,3.22,3.22,중형,6000.0,2026-06-22,배송완료,2026-06-22 13:12:00,인터넷접수,2026-06-19 11:27:00,2026-06-22,2.8,40,3.2
4100001564,2026-05-18 09:31:00,41,울산지점,CE861D47B,김규미,김주숙,010-7859-5899,경기,성남시 분당구,일반,의류·패션,청바지,0.5,49.0,29.0,30.0,7.1,7.1,중형,6000.0,2026-05-19,배송완료,2026-05-19 15:28:00,방문,2026-05-18 9:31:00,2026/05/19,0.5,49,7.1
1100001333,2026-05-12 14:54:00,11,서울지점,C18FE369E,송수아,이나서,010-9122-4712,대전,유성구 봉명동,일반,화장품·미용,향수,2.8,29.0,15.0,13.0,0.94,2.8,소형,4000.0,2026-05-13,배송완료,2026-05-13 19:25:00,방문접수,2026-05-12 14:54:00,2026-05-13,2.8kg,29,2.8
1100002071,2026-05-26 13:43:00,11,서울지점,C4CEE3425,박규율,박태경 님,010-3638-9558,서울,용산구 한남동,일반,식품,포기김치,4.7,37.0,28.0,13.0,2.24,4.7,소형,4000.0,2026-05-27,배송완료,2026-05-27 11:52:00,인터넷접수,2026-05-26 13:43:00,2026-05-27,4.7,37,4.7
1200002718,2026-06-19 16:03:00,12,용산지점,CD037D349,장도우,김아경,010-5325-6966,전북,군산시 나운동,일반,화장품·미용,샴푸,2.4,34.0,27.0,16.0,2.45,2.45,소형,4000.0,2026-06-22,배송완료,,인터넷접수,2026-06-19 16:03:00,2026-06-22,2.4,34,2.4
2100000825,2026-06-30 16:30:00,21,대전지점,CBF607BEB,김주식,박도우,010-7637-1228,부산,부산진구 부전동,일반,반려동물,사료,1.3,21.0,24.0,13.0,1.09,1.3,극소형,3500.0,2026-07-01,배송완료,2026-07-01 15:15:00,인터넷접수,2026-06-30 16:30:00,2026-07-01,1.3,21,1.3
1100001968,2026-07-20 15:41:00,11,서울지점,C33DBAE82,김하미,정서경,010-8040-3313,대전,동구 가양동,일반,전자·디지털,키보드,3.7,25.0,19.0,22.0,1.74,3.7,소형,4000.0,2026-07-21,배송완료,2026-07-21 12:50:00,편의점접수,2026-07-20 15:41:00,2026-07-21,3.7,25,3.7
2100001922,2026-07-05 13:51:00,21,대전지점,C759E8CD2,이규란,김호원,010-2880-1896,충북,충주시 연수동,일반,식품,김,9.3,26.0,22.0,15.0,1.43,9.3,중형,6000.0,2026-07-06,배송완료,2026-07-06 16:40:00,편의점접수,2026-07-05 13:51:00,2026-07-06,9.3,26,9.3
1100000508,2026-05-22 16:12:00,11,서울지점,C9132D1F9,김연연,임시진,,대전,유성구 노은동,일반,식품,김,2.3,24.0,26.0,16.0,1.66,2.3,소형,4000.0,2026-05-25,배송완료,2026-05-26 10:38:00,방문접수,2026-05-22 16:12:00,2026-05-25,2.3,24,2.3
3100000532,2026-07-20 17:39:00,31,진주지점,C5B094211,이서우,정윤아,010-2132-6398,경기,남양주시 다산동,일반,전자·디지털,충전기,1.3,33.0,25.0,22.0,3.02,3.02,소형,4000.0,2026-07-21,배송완료,2026-07-22 13:58:00,인터넷접수,2026-07-20 17:39:00,2026-07-21,1.3,33,3
2100001146,2026-07-09 09:59:00,21,대전지점,CC3F19780,강윤빈,임민서,010-4564-1943,대전,유성구 노은동,일반,가구·침구,이불 (겨울용),3.7,42.0,34.0,32.0,7.62,7.62,극소형,3500.0,2026-07-10,배송완료,2026-07-10 20:29:00,인터넷접수,2026-07-09 9:59:00,2026-07-10,3.7,42,7.6
1100000215,2026-06-01 13:08:00,11,서울지점,C6ACBFBD3,이현란,권지빈,1021826386,울산,울주군 범서읍,일반,생활용품,주방용품,3.9,30.0,26.0,31.0,4.03,4.03,중형,6000.0,2026-06-02,배송완료,2026-06-02 19:08:00,대리점접수,2026-06-01 13:08:00,2026-06-02,3.9,30,4
1200001357,2026-07-13 13:49:00,12,용산지점,C2C450478,송정율,박준서,,경남,거제시 옥포동,일반,도서·문구,노트,9.4,22.0,29.0,26.0,2.76,9.4,중형,6000.0,2026-07-14,배송완료,2026-07-15 20:45:00,인터넷접수,2026-07-13 13:49:00,2026-07-14,9.4,22,9.4
3100001367,2026-05-05 18:28:00,31,진주지점,C3EBA19A9,안우영,김주란,010-2633-1716,경남,진주시 초전동,일반,의류·패션,반팔티,1.0,37.0,23.0,29.0,4.11,4.11,중형,6000.0,2026-05-06,배송완료,2026-05-06 18:07:00,인터넷접수,2026-05-05 18:28:00,2026-05-06,1,37,4.1
3200000945,2026-06-26 18:10:00,32,거제지점,C0A9D22DD,최호서,김지원,,도서산간,흑산도 예리,도서산간,생활용품,휴지 30롤,7.4,37.0,40.0,21.0,5.18,7.4,중형,11000.0,2026-07-01,배송완료,2026-07-01 19:03:00,편의점접수,2026-06-26 18:10:00,2026-07-01,7.4,37,7.4
1200001089,2026-07-21 18:50:00,12,용산지점,C82E40049,손현숙,김도식,010-3169-4750,충북,충주시 연수동,일반,의류·패션,원피스,1.1,39.0,22.0,24.0,3.43,3.43,중형,6000.0,2026-07-22,배송완료,2026-07-24 17:11:00,인터넷접수,2026-07-21 18:50:00,2026-07-22,1.1,39,3.4
1100001217,2026-06-16 13:06:00,11,서울지점,CC5853863,송영연,최영숙,104870127,서울,송파구 잠실동,일반,식품,과일선물세트,4.7,33.0,19.0,13.0,1.36,4.7,소형,4000.0,2026-06-17,배송완료,2026-06-17 17:47:00,인터넷접수,2026-06-16 13:06:00,2026-06-17,4.7,33,4.7
1100002368,2026-06-01 12:18:00,11,서울지점,C1EF6CAB6,정현숙,이주영,1086858187,경남,진주시 충무공동,일반,생활용품,수납함,3.3,37.0,23.0,26.0,3.69,3.69,중형,6000.0,2026-06-02,미배송,,편의점접수,2026-06-01 12:18:00,2026-06-02,3.3,37,3.7
4100000651,2026-05-11 17:26:00,41,울산지점,C2EEC641D,김나호,박재숙,010-8215-5661,경남,거제시 장승포동,일반,의류·패션,원피스,2.2,45.0,31.0,20.0,4.65,4.65,중형,6000.0,2026-05-12,배송완료,2026-05-12 15:31:00,인터넷접수,2026-05-11 17:26:00,2026-05-12,2.2,45,4.7
1100000950,2026-05-25 12:10:00,11,서울지점,CB019A195,정서영,송하아,010-8229-2931,경기,남양주시 다산동,일반,도서·문구,다이어리,11.3,27.0,25.0,20.0,2.25,11.3,중형,6000.0,2026-05-26,배송완료,2026-05-26 20:20:00,방문접수,2026-05-25 12:10:00,2026-05-26,11.3,27,11.3
3100000691,2026-05-12 14:30:00,31,진주지점,C5CB82ED4,전연서,고영진,,경남,거제시 장승포동,일반,생활용품,빨래건조대,5.7,38.0,42.0,14.0,3.72,5.7,중형,6000.0,2026-05-13,배송완료,2026-05-13 14:18:00,방문접수,2026-05-12 14:30:00,2026-05-13,5.7,38,5.7
1100002405,2026-08-03 18:27:00,11,서울지점,C793EC812,김은진,이우빈,010-7257-4222,경기,용인시 기흥구,일반,도서·문구,노트,11.7,32.0,28.0,23.0,3.43,11.7,중형,6000.0,2026-08-04,배송완료,2026-08-05 20:11:00,편의점접수,26-08-03 18:27,2026-08-04,11.7,32,11.7
1100001237,2026-05-25 17:03:00,11,서울지점,CF8EF62CE,고성연,전하빈,010-7997-3081,인천,부평구 부평동,일반,식품,백미,2.7,34.0,21.0,19.0,2.26,2.7,소형,4000.0,2026-05-26,배송완료,2026-05-26 19:52:00,편의점접수,2026-05-25 17:03:00,2026-05-26,2.7,34,2.7
3200000221,2026-06-15 15:25:00,32,거제지점,C640E4879,안규호,김도영,010-5948-5362,대전,동구 가양동,일반,식품,라면박스,11.7,25.0,20.0,20.0,1.67,11.7,중형,6000.0,2026-06-16,배송완료,2026-06-16 13:36:00,인터넷접수,2026-06-15 15:25:00,2026-06-16,11.7,25,11.7
1100001303,2026-07-22 15:58:00,11,서울지점,C26607215,김은준,박성란,,부산,사하구 하단동,일반,식품,포기김치,4.3,28.0,19.0,15.0,1.33,4.3,소형,4000.0,2026-07-23,반품,,편의점접수,26-07-22 15:58,2026-07-23,4.3,28,4.3
3100002188,2026-07-28 18:52:00,31,진주지점,C5B094211,이서우,이승환 님,010-7616-8813,서울,용산구 후암동,일반,식품,건어물,8.5,29.0,25.0,14.0,1.69,8.5,중형,6000.0,2026-07-29,배송완료,2026-07-29 18:25:00,편의점접수,2026-07-28 18:52:00,2026-07-29,8.5,29,8.5
2100000093,2026-06-01 14:20:00,21,대전지점,C6F3EC86B,전연아,신예자,010-7687-5553,경기,성남시 분당구,일반,전자·디지털,모니터,1.9,32.0,18.0,11.0,1.06,1.9,소형,4000.0,2026-06-02,배송완료,2026-06-02 12:24:00,인터넷접수,2026-06-01 14:20:00,2026-06-02,1.9,32,1.9
1100002623,2026-08-04 17:41:00,11,서울지점,C99BA860C,이정서,김채빈,010-3921-1537,경남,거제시 옥포동,일반,식품,건어물,7.5,26.0,21.0,21.0,1.91,7.5,중형,6000.0,2026-08-05,간선상차,,인터넷접수,2026-08-04 17:41:00,2026-08-05,7.5,26,7.5
2100002595,2026-05-18 10:39:00,21,대전지점,C0B43DCCA,김도빈,전도희,010-7589-2449,부산,사하구 하단동,일반,화장품·미용,스킨케어세트,2.2,32.0,23.0,14.0,1.72,2.2,소형,4000.0,2026-05-19,배송완료,2026-05-20 12:55:00,대리점,2026-05-18 10:39:00,2026-05-19,2.2,32,2.2
4100000561,2026-05-04 15:15:00,41,울산지점,C0CD12F52,조민서,정지아,010-3929-1617,경기,화성시 동탄,일반,의류·패션,운동화,2.0,42.0,29.0,24.0,4.87,4.87,중형,6000.0,2026-05-05,배송완료,2026-05-05 17:55:00,방문접수,2026-05-04 15:15:00,2026-05-05,2,42,4.9
2100001265,2026-07-08 18:39:00,21,대전지점,CCEAB9A05,임나란,김우연,010-2208-9732,대전,대덕구 송촌동,일반,식품,된장,9.0,31.0,29.0,19.0,2.85,9.0,중형,6000.0,2026-07-09,미배송,,방문접수,2026-07-08 18:39:00,2026-07-09,9,31,9
1100002549,2026-07-30 19:56:00,11,서울지점,C69879385,박연준,김주호,010-6649-5081,서울,용산구 후암동,일반,전자·디지털,태블릿케이스,5.4,38.0,28.0,14.0,2.48,5.4,중형,6000.0,2026-07-31,배송완료,2026-08-03 20:50:00,편의점접수,2026-07-30 19:56:00,2026-07-31,5.4,38,5.4
1100001608,2026-05-11 11:04:00,11,서울지점,CAEE08D13,신우현,최시식,010-7150-6054,광주,광산구 수완동,일반,식품,커피원두,4.6,24.0,27.0,16.0,1.73,4.6,소형,4000.0,2026-05-12,배송완료,2026-05-12 20:07:00,편의점접수,2026-05-11 11:04:00,2026-05-12,4.6,24,4.6
3100001439,2026-07-28 17:41:00,31,진주지점,CFA8277D3,이아원,윤지식,105810949,대전,동구 가양동,일반,전자·디지털,모니터,4.9,33.0,31.0,11.0,1.88,4.9,소형,4000.0,2026-07-29,배송완료,2026-07-29 19:03:00,인터넷접수,2026-07-28 17:41:00,2026-07-29,0,33,4.9
1200000471,2026-05-19 13:30:00,12,용산지점,C8F84D295,이유희,조진연,1059775480,대전,중구 은행동,일반,의류·패션,코트,2.0,39.0,42.0,20.0,5.46,5.46,중형,6000.0,2026-05-20,배송완료,2026-05-20 9:20:00,대리점,2026-05-19 13:30:00,2026-05-20,2,39,5.5
1100000930,2026-07-27 11:02:00,11,서울지점,C96D89A94,박정빈,김호미(직접수령),010-9851-9197,울산,남구 옥동,일반,의류·패션,원피스,0.4,40.0,25.0,24.0,4.0,4.0,중형,6000.0,2026-07-28,배송완료,2026-07-28 17:00:00,방문접수,2026-07-27 11:02:00,2026-07-28,0.4,40,4
1100000693,2026-07-20 10:36:00,11,서울지점,C357FBA9F,송승영,송아빈,010-2089-3363,경남,김해시 장유동,일반,전자·디지털,충전기,2.8,28.0,29.0,16.0,2.17,2.8,소형,4000.0,2026-07-21,배송완료,2026-07-21 20:14:00,인터넷접수,2026-07-20 10:36:00,2026-07-21,2.8,28,2.8
1100001275,2026-06-09 16:40:00,11,서울지점,C6EDB81C0,강태식,홍연아,010-4641-7643,대구,달서구 상인동,일반,화장품·미용,스킨케어세트,1.9,19.0,23.0,26.0,1.89,1.9,소형,4000.0,2026-06-10,배송완료,2026-06-10 17:29:00,방문접수,2026-06-09 16:40:00,2026-06-10,1.9,19,1.9
4100000507,2026-05-19 18:09:00,41,울산지점,C17A1CFD8,조지호,김준환,010-4801-2585,경남,진주시 충무공동,일반,의류·패션,운동화,2.0,40.0,22.0,29.0,4.25,4.25,중형,6000.0,2026-05-20,배송완료,2026-05-20 11:51:00,대리점,2026-05-19 18:09:00,2026-05-20,2,40,4.3
2100001269,2026-07-07 15:35:00,21,대전지점,C4B5ECF7B,전은식,정현원,1028199673,부산,해운대구 우동,일반,도서·문구,노트류,0.9,35.0,18.0,21.0,2.2,2.2,소형,7000.0,2026-07-08,배송완료,2026-07-08 12:08:00,편의접수,2026-07-07 15:35:00,2026-07-08,0.9,35,2.2
3200001063,2026-06-16 15:46:00,32,거제지점,C6938BB54,김지호,박주호,010-8794-7352,대전,유성구 봉명동,일반,도서·문구,문제집,2.2,36.0,29.0,19.0,3.31,3.31,중형,6000.0,2026-06-17,배송완료,2026-06-17 9:26:00,인터넷접수,2026-06-16 15:46:00,2026-06-17,2.2,36,3.3
1100001458,2026-07-06 15:40:00,11,서울지점,C04F94574,강재희,양도준,010-7424-5485,경남,진주시 충무공동,일반,전자·디지털,태블릿케이스,0.9,27.0,31.0,9.0,1.26,1.26,소형,4000.0,2026-07-07,배송완료,2026-07-07 13:28:00,편의점접수,2026-07-06 15:40:00,2026-07-07,0.9,27,1.3
1100001650,2026-05-30 17:55:00,11,서울지점,C6E85BF03,이호자,이규우,010-9662-2243,경남,거제시 옥포동,일반,의류·패션,청바지,1.5,33.0,25.0,23.0,3.16,3.16,중형,6000.0,2026-06-01,배송완료,2026-06-01 15:57:00,편의점접수,2026-05-30 17:55:00,2026-06-01,1.5,33,3.2
1200001181,2026-06-25 16:14:00,12,용산지점,C2F07EB71,정시진,정영자,010-3318-7503,부산,부산진구 부전동,일반,도서·문구,도서,13.0,21.0,25.0,26.0,2.28,13.0,중형,6000.0,2026-06-26,배송완료,2026-06-26 17:05:00,방문접수,2026-06-25 16:14:00,2026-06-26,13,21,13
1100000196,2026-05-14 18:04:00,11,서울지점,C6F89B72B,이시환,이채희,010-7295-5037,울산,울주군 범서읍,일반,의류·패션,원피스,0.7,38.0,28.0,24.0,4.26,4.26,중형,6000.0,2026-05-15,배송완료,2026-05-19 18:34:00,편의점접수,2026-05-14 18:04:00,2026.05.15,0.7,38,4.3
2100001425,2026-07-14 15:21:00,21,대전지점,C4734EB05,이도식,이은서,010-8079-1566,충남,서산시 동문동,일반,의류·패션,코트,2.4,30.0,31.0,16.0,2.48,2.48,소형,4000.0,2026-07-15,배송완료,2026-07-15 15:34:00,편의점접수,2026-07-14 15:21:00,2026-07-15,2.4kg,30,2.5
1100002725,2026-05-04 19:00:00,11,서울지점,C2B8D6DC1,한유준,김우진,010-6852-7681,충북,제천시 하소동,일반,전자·디지털,충전기,4.3,33.0,27.0,15.0,2.23,4.3,소형,4000.0,2026-05-05,배송완료,2026-05-07 19:24:00,편의점접수,2026-05-04 19:00:00,2026-05-05,4.3,33,4.3
4100001825,2026-06-22 12:09:00,41,울산지점,CE80CCBF0,오태미,임정식,010-2791-9677,전남,여수시 학동,일반,전자·디지털,이어폰,4.5,35.0,18.0,19.0,2.0,4.5,소형,4000.0,2026-06-23,배송완료,2026-06-23 20:42:00,편의점접수,2026-06-22 12:09:00,2026-06-23,4.5,35,4.5
1100001159,2026-05-07 14:54:00,11,서울지점,CBC9CA22C,김정서,이영영,103216451,대전,대덕구 송촌동,일반,전자·디지털,충전기,5.7,39.0,30.0,20.0,3.9,5.7,중형,6000.0,2026-05-08,배송완료,2026-05-08 11:16:00,방문접수,26-05-07 14:54,2026-05-08,5.7,39,5.7
4100000548,2026-06-01 16:45:00,41,울산지점,CF5E18C22,서수호,유현미,010-2354-1679,울산,동구 방어동,일반,가구·침구,러그,2.7,66.0,37.0,43.0,17.5,17.5,대형,9000.0,2026-06-02,배송완료,2026-06-04 10:34:00,편의점접수,2026-06-01 16:45:00,2026-06-02,2.7,66,17.5
2100000412,2026-07-02 16:05:00,21,대전지점,CF5A74490,김채식,한연빈,010-3084-1522,충북,충주시 연수동,일반,전자·디지털,이어폰,2.2,36.0,24.0,26.0,3.74,3.74,중형,6000.0,2026-07-03,배송완료,,편의점접수,2026-07-02 16:05:00,2026-07-03,2.2,36,3.7
2100000400,2026-05-18 19:53:00,21,대전지점,CA1509D71,정현숙,오서경,010-3897-6687,경기,화성시 동탄,일반,반려동물,강아지옷,6.6,35.0,20.0,8.0,0.93,6.6,중형,6000.0,2026-05-19,배송완료,2026-05-19 13:09:00,인터넷접수,2026-05-18 19:53:00,2026-05-19,6.6,35,6.6
1100000968,2026-05-07 12:06:00,11,서울지점,CBDBB1FCD,오서철,문성아,010-6443-5789,경남,거제시 고현동,일반,화장품·미용,헤어드라이어,1.1,20.0,28.0,19.0,1.77,1.77,소형,4000.0,2026-05-08,배송완료,2026-05-08 17:42:00,방문접수,2026-05-07 12:06:00,2026-05-08,1.1,20,1.8
1100002204,2026-05-11 16:26:00,11,서울지점,C6EDB81C0,강태식,황규숙,1058317607,경남,진주시 평거동,일반,식품,된장,11.5,21.0,26.0,14.0,1.27,11.5,중형,6000.0,2026-05-12,배송완료,2026-05-12 12:35:00,편의점접수,2026-05-11 16:26:00,2026-05-12,11.5,21,11.5
3100001171,2026-07-27 15:21:00,31,진주지점,C2CF0FDCA,김수빈,김지준,010-2564-9500,경기,성남시 분당구,일반,의류·패션,원피스,1.6,47.0,28.0,28.0,6.14,6.14,중형,6000.0,2026-07-28,배송완료,2026-07-28 12:50:00,인터넷접수,2026-07-27 15:21:00,2026-07-28,1.6,47,6.1
1200002975,2026-05-21 18:42:00,12,용산지점,C22860011,임승율,임우식,010-8703-3394,인천,연수구 송도동,일반,전자·디지털,이어폰,1.9,29.0,21.0,9.0,0.91,1.9,극소형,5500.0,2026-05-22,배송완료,2026-05-22 9:02:00,방문접수,2026-05-21 18:42:00,2026-05-22,1.9,29,1.9
1100000539,2026-06-17 15:00:00,11,서울지점,C176F1945,이하경,박승숙,,대전,대덕구 송촌동,일반,도서·문구,문제집,5.8,31.0,21.0,22.0,2.39,5.8,중형,6000.0,2026-06-18,배송완료,2026-06-18 17:14:00,방문접수,2026-06-17 15:00:00,2026-06-18,5.8,31,5.8
4100000957,2026-06-18 15:11:00,41,울산지점,C38C4924B,박민자,박호경,010-3290-3836,경남,창원시 성산구,일반,생활용품,빨래건조대,7.0,40.0,33.0,17.0,3.74,7.0,중형,6000.0,2026-06-19,배송완료,2026-06-19 16:20:00,인터넷접수,2026-06-18 15:11:00,2026-06-19,7,40,7
3100001815,2026-06-24 11:48:00,31,진주지점,CA545F97A,강호철,김윤철,010-4794-3535,대전,중구 은행동,일반,의류·패션,원피스,1.3,49.0,31.0,24.0,6.08,6.08,중형,6000.0,2026-06-25,배송완료,,인터넷접수,26-06-24 11:48,2026-06-25,1.3,49,6.1
2100001989,2026-06-22 10:34:00,21,대전지점,C942A9BE7,황채철,최승희,010-7272-9698,부산,동래구 온천동,일반,의류·패션,티셔츠,0.8,31.0,36.0,20.0,3.72,3.72,중형,6000.0,2026-06-23,배송완료,2026-06-23 16:15:00,편의점접수,26-06-22 10:34,2026-06-23,0.8,31,3.7
3200002954,2026-06-01 15:25:00,32,거제지점,C3EBA19A9,안우영,박수자,010-8171-2410,강원,원주시 무실동,일반,전자·디지털,키보드,1.7,22.0,29.0,9.0,0.96,1.7,극소형,3500.0,2026-06-02,배송완료,2026-06-06 14:18:00,편의점접수,2026-06-01 15:25:00,2026-06-02,1.7,22,1.7
3200001993,2026-05-15 10:58:00,32,거제지점,CD5BB30DE,박지희,김서숙,010-7948-6541,서울,용산구 한남동,일반,전자·디지털,이어폰,0.7,38.0,30.0,26.0,4.94,4.94,극소형,6000.0,2026-05-18,배송완료,2026-05-18 16:21:00,편의점접수,2026-05-15 10:58:00,2026-05-18,0.7,38,4.9
2100000378,2026-06-11 14:43:00,21,대전지점,CD320C09F,박연준,김수호,010-8988-9059,경남,진주시 초전동,일반,도서·문구,책 30권,13.4,37.0,27.0,25.0,4.16,13.4,중형,6000.0,2026-06-12,배송완료,2026-06-12 16:16:00,편의점접수,2026-06-11 14:43:00,2026-06-12,13.4,37,13.4
1100002646,2026-07-31 13:41:00,11,서울지점,CA13CC978,김지진,송태율,,경남,거제시 고현동,일반,전자·디지털,이어폰,3.4,24.0,15.0,13.0,0.78,3.4,소형,4000.0,2026-08-03,배송완료,2026-08-03 17:59:00,인터넷접수,2026-07-31 13:41:00,2026-08-03,3.4,24,3.4
3200002187,2026-06-15 16:10:00,32,거제지점,CEF348FAF,오민란,김아아,010-8280-3293,충남,서산시 동문동,일반,식품,커피원두,2.0,31.0,19.0,22.0,2.16,2.16,소형,4000.0,2026-06-16,배송완료,2026-06-19 12:32:00,편의점접수,2026-06-15 16:10:00,2026-06-16,2,31,2.2
2100000024,2026-05-18 11:36:00,21,대전지점,CAB692E8B,이윤준,정재희,010-6471-6339,강원,춘천시 퇴계동,일반,의류·패션,청바지,0.4,43.0,41.0,12.0,3.53,3.53,중형,6000.0,2026-05-19,반품,,편의점접수,2026.05.18 11시36분,2026-05-19,0.4,43,3.5
1200002668,2026-06-29 12:42:00,12,용산지점,CD5A4BC31,임성희,강예란,010-8862-8278,서울,용산구 이태원동,일반,전자·디지털,키보드,1.2,31.0,19.0,24.0,2.36,2.36,소형,4000.0,2026-06-30,배송완료,2026-07-02 9:51:00,인터넷접수,2026-06-29 12:42:00,2026-06-30,1.2,31,2.4
1100001589,2026-07-27 15:19:00,11,서울지점,CC64B3DCE,이정서,김유숙,1081299998,서울,강남구 역삼동,일반,전자·디지털,모니터,1.5,39.0,29.0,18.0,3.39,3.39,중형,6000.0,2026-07-28,배송완료,2026-07-29 9:13:00,인터넷접수,2026-07-27 15:19:00,2026-07-28,1.5,39,3.4
1100001302,2026-07-29 12:12:00,11,서울지점,CBD5E7CA6,이호빈,유성미,010-4940-6145,전남,목포시 하당,일반,의류·패션,티셔츠,1.5,43.0,31.0,12.0,2.67,2.67,중형,6000.0,2026-07-30,배송완료,2026-07-30 18:35:00,편의점접수,2026-07-29 12:12:00,2026-07-30,1.5,43,2.7
1200002485,2026-06-04 16:25:00,12,용산지점,C8C8C562C,김재란,김현서,010-5654-7063,대구,북구 침산동,일반,생활용품,빨래건조대,3.2,33.0,39.0,17.0,3.65,3.65,중형,6000.0,2026-06-05,배송완료,2026-06-05 10:03:00,인터넷접수,2026-06-04 16:25:00,2026-06-05,3.2,33,3.6
1100000071,2026-06-01 17:09:00,11,서울지점,C7EFE86EF,조나아,박태미,010-6765-3870,광주,광산구 수완동,일반,식품,김,2.4,35.0,26.0,19.0,2.88,2.88,소형,4000.0,2026-06-02,배송완료,2026-06-02 20:06:00,인터넷접수,2026-06-01 17:09:00,2026-06-02,2.4,35,2.9
3100000057,2026-06-22 12:15:00,31,진주지점,C995150A2,김아우,송준아,010-3446-4384,대구,수성구 범어동,일반,화장품·미용,스킨케어세트,0.7,27.0,32.0,23.0,3.31,3.31,중형,6000.0,2026-06-23,배송완료,2026-06-24 19:37:00,인터넷접수,2026-06-22 12:15:00,2026-06-23,0.7,27,3.3
1100000387,2026-07-15 11:59:00,11,서울지점,C88B4F715,권성원,김성경,102979238,서울,용산구 원효로1가,일반,생활용품,빨래건조대,6.8,49.0,35.0,24.0,6.86,6.86,중형,6000.0,2026-07-16,배송완료,2026-07-16 20:21:00,방문접수,2026-07-15 11:59:00,2026-07-16,6.8,49,6.9
1100001429,2026-06-22 17:22:00,11,서울지점,C341018F7,김진아,김은미,010-8334-5756,광주,광산구 수완동,일반,도서·문구,문제집,10.7,29.0,22.0,14.0,1.49,10.7,중형,6000.0,2026-06-23,배송완료,2026-06-23 10:42:00,편의점접수,2026-06-22 17:22:00,2026-06-23,10.7,29,10.7
1100001911,2026-07-28 19:23:00,11,서울지점,CF5A74490,김채식,김수연,010-9442-1618,경북,경주시 황성동,일반,도서·문구,필기구세트,3.1,25.0,29.0,24.0,2.9,3.1,소형,4000.0,2026-07-29,배송완료,2026-07-29 10:31:00,인터넷접수,26-07-28 19:23,2026-07-29,3.1,25,3.1
1100002403,2026-06-01 17:29:00,11,서울지점,CE301D638,김은원,김은식,010-8664-4165,경기,수원시 영통구,일반,식품,김치통,8.9,32.0,29.0,17.0,2.63,8.9,중형,6000.0,2026-06-02,미배송,,대리점,2026-06-01 17:29:00,2026-06-02,8.9,32,8.9
1200002332,2026-06-12 10:32:00,12,용산지점,C3F443572,이호서,박재자,010-9128-1643,경북,경주시 황성동,일반,식품,커피원두,6.4,32.0,15.0,23.0,1.84,6.4,중형,6000.0,2026-06-15,배송완료,2026-06-15 11:05:00,방문접수,2026-06-12 10:32:00,2026-06-15,6.4,32,6.4
2100000246,2026-05-04 11:09:00,21,대전지점,C81D8AF89,최예서,이지란,010-8991-7896,경남,양산시 물금읍,일반,가구·침구,쿠션,2.2,62.0,41.0,50.0,21.18,21.18,대형,9000.0,2026-05-05,배송완료,2026-05-05 11:44:00,인터넷접수,26-05-04 11:09,2026-05-05,2.2,62,21.2
2100001211,2026-07-10 17:29:00,21,대전지점,CE02B551B,정예자,김은자,010-2367-3116,경기,수원시 영통구,일반,식품,김 치,2.2,36.0,26.0,19.0,2.96,2.96,중형,6000.0,2026-07-13,배송완료,2026-07-14 18:36:00,인터넷접수,2026-07-10 17:29:00,2026-07-13,2.2,36,3
3100002948,2026-06-01 17:03:00,31,진주지점,C404E1E82,김재환,이우경,010-3757-5041,대전,중구 은행동,일반,생활용품,세제(대용량),3.1,36.0,30.0,31.0,5.58,5.58,중형,6000.0,2026-06-02,배송완료,2026-06-02 14:59:00,방문접수,2026-06-01 17:03:00,2026-06-02,3.1,36,5.6
1100002515,2026-07-23 10:23:00,11,서울지점,C35EA4444,강수준,손주연,010-3324-8729,경남,진주시 평거동,일반,의류·패션,티셔츠 2장,1.5,49.0,26.0,21.0,4.46,4.46,중형,6000.0,2026-07-24,배송완료,,인터넷접수,2026-07-23 10:23:00,2026-07-24,1.5,49,4.5
1100002857,2026-07-14 14:43:00,11,서울지점,C74851D1E,박지연,황진경,010-4126-4498,경기,고양시 일산동구,일반,식품,김치,1.2,22.0,21.0,16.0,1.23,1.23,극소형,3500.0,2026-07-15,배송완료,2026-07-16 10:45:00,편의점접수,2026-07-14 14:43:00,2026-07-15,1.2,22,1.2
2100002872,2026-05-18 10:54:00,21,대전지점,C0F1E0F27,이주아,정진준,010-6453-7315,강원,원주시 무실동,일반,식품,라면박스,1.8,29.0,22.0,24.0,2.55,2.55,소형,4000.0,2026-05-19,배송완료,2026-05-19 13:47:00,인터넷접수,2026-05-18 10:54:00,2026-05-19,1.8,29,2.6
4100001846,2026-05-13 15:23:00,41,울산지점,C6EDB81C0,강태식,안준호,010-6149-6877,인천,서구 청라동,일반,식품,김 치,4.2,33.0,24.0,20.0,2.64,4.2,소형,4000.0,2026-05-14,배송완료,2026-05-14 13:46:00,인터넷접수,2026-05-13 15:23:00,2026-05-14,4.2,33,4.2
4100001548,2026-05-25 15:57:00,41,울산지점,C782BA3F7,이성빈,김도우,010-3760-7367,경기,수원시 영통구,일반,식품,쌀,5.3,20.0,29.0,19.0,1.84,5.3,중형,6000.0,2026-05-26,배송완료,2026-05-26 13:01:00,편의점접수,2026-05-25 15:57:00,2026-05-26,5.3,20,5.3
1100002285,2026-07-28 12:32:00,11,서울지점,C2B3163D6,한수현,김서현,,부산,부산진구 부전동,일반,의류·패션,운동화(박스포함),2.3,30.0,42.0,13.0,2.73,2.73,중형,6000.0,2026-07-29,배송완료,2026-07-30 10:24:00,인터넷접수,2026-07-28 12:32:00,2026-07-29,2.3,30,2.7
2100002859,2026-06-21 10:37:00,21,대전지점,CC2AC64EF,조승아,박윤란,010-2849-6180,서울,마포구 서교동,일반,의류·패션,패딩,1.7,36.0,39.0,16.0,3.74,3.74,중형,6000.0,2026-06-22,배송완료,2026-06-23 14:05:00,인터넷접수,2026-06-21 10:37:00,2026-06-22,1.7,36,3.7
1100001133,2026-06-19 12:47:00,11,서울지점,C5E0BECCB,김지율,박우철,010-9296-8860,서울,마포구 서교동,일반,식품,커피원두,9.5,22.0,20.0,22.0,1.61,9.5,중형,6000.0,2026-06-22,배송완료,2026-06-22 15:20:00,방문접수,2026-06-19 12:47:00,2026/06/22,9.5,22,9.5
4100000389,2026-05-09 18:45:00,41,울산지점,C7F7B293D,송도빈,이서경,010 2386 8990,부산,부산진구 부전동,일반,식품,라면박스,11.9,34.0,29.0,20.0,3.29,11.9,중형,6000.0,2026-05-11,배송완료,2026-05-11 11:59:00,방문접수,2026-05-09 18:45:00,2026-05-11,11.9,34,11.9
1100000360,2026-05-26 12:48:00,11,서울지점,C101077F7,박호란,조규자,010-5096-1410,경기,성남시 분당구,일반,의류·패션,모자,2.1,37.0,23.0,32.0,4.54,4.54,중형,6000.0,2026-05-27,배송완료,2026-05-29 18:08:00,편의점접수,2026-05-26 12:48:00,2026-05-27,2.1,37,2.1
2100001556,2026-08-03 16:23:00,21,대전지점,C9167A3F8,최윤우,이준진,010-2680-7650,경남,거제시 장승포동,일반,생활용품,세제,6.9,34.0,,25.0,,6.9,중형,6000.0,2026-08-04,미배송,,편의점접수,2026-08-03 16:23:00,2026/08/04,6.9,34,6.9
1100000682,2026-07-24 10:22:00,11,서울지점,C3438FF33,김유진,이재란,010-6581-4543,서울,은평구 응암동,일반,식품,과일선물세트,8.1,26.0,17.0,26.0,1.92,8.1,중형,6000.0,2026-07-27,배송완료,2026-07-29 9:29:00,방문접수,2026-07-24 10:22:00,2026-07-27,8.1,26,8.1
1100001183,2026-06-22 19:14:00,11,서울지점,CD902870B,이정숙,한시희,010-6492-1814,부산,동래구 온천동,일반,도서·문구,도서,5.5,30.0,23.0,25.0,2.88,5.5,중형,6000.0,2026-06-23,배송완료,2026-06-23 20:29:00,편의점접수,2026-06-22 19:14:00,2026-06-23,5.5,30,5.5
3100001451,2026-07-21 11:03:00,31,진주지점,CD30D3EB8,김나우,정민경,1060694374,대전,서구 둔산동,일반,전자·디지털,이어폰,4.2,31.0,26.0,23.0,3.09,4.2,소형,4000.0,2026-07-22,배송완료,2026-07-22 20:23:00,방문접수,2026-07-21 11:03:00,2026-07-22,4.2,31,4.2
2100000276,2026-06-06 16:48:00,21,대전지점,CBDE34D25,오유우,이시식,010-8976-1283,대전,중구 은행동,일반,식품,김,10.4,35.0,24.0,23.0,3.22,10.4,중형,6000.0,2026-06-08,배송완료,2026-06-08 9:46:00,편의점접수,2026-06-06 16:48:00,2026-06-08,10.4,35,10.4
4100002796,2026-06-23 13:15:00,41,울산지점,CE64BF397,박재호,김재진,010-3450-4539,울산,남구 삼산동,일반,의류·패션,가방,1.9,46.0,26.0,20.0,3.99,3.99,중형,6000.0,2026-06-24,배송완료,2026-06-24 14:24:00,방문접수,2026-06-23 13:15:00,2026-06-24,1.9,46,4
1200002544,2026-07-13 12:10:00,12,용산지점,CF872F0CD,오진영,고채진,010-2229-9353,경남,거제시 장승포동,일반,전자·디지털,화분(생화),1.0,20.0,31.0,19.0,1.96,1.96,소형,4000.0,2026-07-14,반품,2026-07-16 17:54:00,편의점접수,2026-07-13 12:10:00,2026-07-14,1,20,2
1200002665,2026-06-01 10:26:00,12,용산지점,CB8C4C5D7,김은현,박시진,010-7128-2681,대전,중구 은행동,일반,식품,된장,1.2,22.0,16.0,22.0,1.29,1.29,극소형,3500.0,2026-06-02,배송완료,2026-06-02 9:29:00,인터넷접수,2026-06-01 10:26:00,2026-06-02,1.2,2200,1.3
1100001480,2026-06-17 17:36:00,11,서울지점,C8FA83D92,황채우,조하희,010-8646-8205,경남,거제시 옥포동,일반,가구·침구,베개,4.8,63.0,49.0,34.0,17.49,17.49,대형,9000.0,2026-06-18,배송완료,2026-06-18 9:25:00,편의점접수,2026-06-17 17:36:00,2026-06-18,4.8,63,17.5
4100000250,2026-05-04 14:42:00,41,울산지점,C4A0E51A1,박영연,박성호,010-8070-1147,울산,울주군 범서읍,일반,의류·패션,원피스,0.9,32.0,37.0,13.0,2.57,2.57,중형,6000.0,2026-05-05,배송완료,2026-05-06 15:31:00,편의점접수,2026-05-04 14:42:00,2026-05-05,0.9,32,2.6
4100000750,2026-07-17 16:20:00,41,울산지점,C4B022074,황하영,장예진,010-5191-4379,서울,용산구 원효로1가,일반,전자·디지털,이어폰,1.8,,22.0,17.0,,1.8,소형,4000.0,2026-07-20,배송완료,2026-07-20 17:30:00,인터넷접수,2026-07-17 16:20:00,2026-07-20,1.8,9999,1.8
3200001785,2026-07-08 16:24:00,32,거제지점,C658D6ACC,서성연,김예진,010-8426-3435,서울,용산구 이태원동,일반,생활용품,주방용품,7.5,31.0,28.0,26.0,3.76,7.5,중형,6000.0,2026-07-09,미배송,,인터넷접수,2026-07-08 16:24:00,2026-07-09,7.5,31,7.5
1100000967,2026-06-29 16:51:00,11,서울지점,C25B74EA8,이하원,이우연,010 4365 2108,경기,남양주시 다산동,일반,식품,된장,9.7,24.0,18.0,14.0,1.01,9.7,중형,6000.0,2026-06-30,배송완료,2026-07-07 20:31:00,인터넷접수,2026-06-29 16:51:00,2026-06-30,9.7,24,9.7
4100001130,2026-07-28 11:45:00,41,울산지점,CFFDB980C,한아자,이현연,010-5185-8427,전북,익산시 영등동,일반,도서·문구,문제집,5.9,25.0,21.0,12.0,1.05,5.9,중형,6000.0,2026-07-29,배송완료,2026-07-29 20:16:00,인터넷접수,2026-07-28 11:45:00,2026-07-29,5.9,25,5.9
3200002347,2026-05-14 12:33:00,32,거제지점,C55F6D57C,한예진,최은경,010-2508-7837,경기,부천시 원미구,일반,의류·패션,가방,2.3,42.0,27.0,30.0,5.67,5.67,중형,6000.0,2026-05-15,배송완료,2026-05-15 15:32:00,방문접수,2026-05-14 12:33:00,2026-05-15,2.3,42,5.7
1100002038,2026-07-03 18:28:00,11,서울지점,C244BB45C,신주아,김연서,,경기,고양시 일산동구,일반,의류·패션,코트,0.9,34.0,33.0,14.0,2.62,2.62,중형,6000.0,2026-07-06,배송완료,2026-07-06 16:01:00,방문접수,2026-07-03 18:28:00,2026-07-06,0.9,34,2.6
1100001743,2026-08-05 10:08:00,11,서울지점,CE197137A,황승준,전현현(직접수령),1020538781,서울,송파구 잠실동,일반,식품,쌀 20kg,8.3,32.0,22.0,18.0,2.11,8.3,중형,6000.0,2026-08-06,간선상차,,인터넷접수,2026-08-05 10:08:00,2026-08-06,8.3,32,8.3
2100000040,2026-07-05 13:19:00,21,대전지점,C8EC787C5,최채준,김정환,010-3548-3839,경기,부천시 원미구,일반,식품,김치,6.3,38.0,30.0,22.0,4.18,6.3,중형,6000.0,2026-07-06,배송완료,2026-07-06 9:26:00,방문접수,2026-07-05 13:19:00,2026-07-06,6.3,38,6.3
2100000244,2026-06-29 13:26:00,21,대전지점,C2E913452,장수아,권수철,1041702826,경남,진주시 평거동,일반,전자·디지털,모니터,5.1,20.0,24.0,21.0,1.68,5.1,중형,6000.0,2026-06-30,반품,2026-06-30 9:22:00,편의점접수,2026-06-29 13:26:00,2026-06-30,5.1,20,5.1
2100002861,2026-05-12 10:35:00,21,대전지점,CAD2C2D3E,정우호,장은숙,010-9690-5768,서울,용산구 한남동,일반,화장품·미용,샴푸,2.9,28.0,15.0,23.0,1.61,2.9,소형,4000.0,2026-05-13,배송완료,2026-05-13 12:27:00,편의점접수,2026-05-12 10:35:00,2026-05-13,2.9,28,2.9
1200001409,2026-07-02 15:31:00,12,용산지점,CFA615E5A,이채식,유호아,010-8900-4658,대전,서구 둔산동,일반,생활용품,화장지,5.5,29.0,23.0,15.0,1.67,5.5,중형,6000.0,2026-07-03,배송완료,2026-07-06 10:53:00,편의점접수,2026-07-02 15:31:00,2026-07-03,5.5,29,5.5
2100002508,2026-06-01 19:09:00,21,대전지점,C7DD87E15,김재현,이시진,010-9641-4195,경기,남양주시 다산동,일반,전자·디지털,모니터,0.7,23.0,15.0,22.0,1.26,1.26,극소형,3500.0,2026-06-02,배송완료,2026-06-02 9:55:00,인터넷접수,2026-06-01 19:09:00,2026-06-02,0.7,23,1.3
1200000194,2026-05-07 14:44:00,12,용산지점,CEF8F4FF9,안수영,황아진,010-6400-5122,인천,서구 청라동,일반,의류·패션,운동화,1.6,49.0,22.0,31.0,5.57,5.57,중형,6000.0,2026-05-08,배송완료,2026-05-08 9:30:00,방문접수,2026-05-07 14:44:00,2026-05-08,1.6,49,5.6
1200001723,2026-05-03 15:50:00,12,용산지점,CC5CFC3A6,손주준,박현영,1094097286,광주,서구 치평동,일반,의류·패션,원피스,1.2,45.0,24.0,15.0,2.7,2.7,중형,6000.0,2026-05-04,배송완료,2026-05-04 20:46:00,인터넷접수,2026-05-03 15:50:00,2026-05-04,1.2,45,2.7
4100001421,2026-06-05 12:25:00,41,울산지점,C1D6C071F,김정아,신진율,010-5658-7111,경남,진주시 초전동,일반,의류·패션,코트,0.7,38.0,38.0,30.0,7.22,7.22,중형,6000.0,2026-06-08,배송완료,2026-06-08 13:14:00,인터넷접수,2026-06-05 12:25:00,2026-06-08,0.7,38,7.2
1200000110,2026-07-10 11:31:00,12,용산지점,CD7513A8A,조정호,이진철,010-3912-6129,인천,서구 청라동,일반,전자·디지털,충전기,4.2,24.0,27.0,8.0,0.86,4.2,소형,4000.0,2026-07-13,배송완료,2026-07-13 20:03:00,방문접수,2026-07-10 11:31:00,2026-07-13,4.2,24,4.2
1200000633,2026-05-11 16:48:00,12,용산지점,C8D719BED,이진율,윤채원,106018704,부산,부산진구 부전동,일반,생활용품,수납함,0.8,42.0,40.0,15.0,4.2,4.2,중형,6000.0,2026-05-12,배송완료,2026-05-12 20:40:00,편의점접수,2026-05-11 16:48:00,2026-05-12,0.8,42,0.8
1200001700,2026-06-22 15:28:00,12,용산지점,C0098BE95,신하현,정현현,010-4336-3753,경기,화성시 동탄,일반,의류·패션,신발,2.1,44.0,31.0,14.0,3.18,3.18,중형,6000.0,2026-06-23,배송완료,2026-06-23 16:33:00,인터넷접수,2026-06-22 15:28:00,2026-06-23,2.1,44,3.2
1100000107,2026-06-22 16:02:00,11,서울지점,C0AF153EF,이하호,김성빈,010-4855-1426,부산,부산진구 부전동,일반,의류·패션,반팔티,1.9,34.0,22.0,19.0,2.37,2.37,소형,4000.0,2026-06-23,미배송,,대리점,2026-06-22 16:02:00,2026-06-23,1.9,34,2.4
4100000747,2026-07-20 17:25:00,41,울산지점,CBC66CB45,이수서,장승철,010-8128-7068,울산,울주군 범서읍,일반,의류·패션,패딩,2.4,28.0,27.0,27.0,3.4,3.4,중형,8000.0,2026-07-21,배송완료,2026-07-21 14:25:00,인터넷접수,2026-07-20 17:25:00,2026-07-21,2.4,28,3.4
1200002522,2026-07-15 17:04:00,12,용산지점,C4D22026A,조영율,김태식,,대구,달서구 상인동,일반,생활용품,주방용품,7.1,47.0,27.0,28.0,5.92,7.1,중형,6000.0,2026-07-16,배송완료,2026-07-16 18:29:00,인터넷접수,2026-07-15 17:04:00,2026-07-16,7.1,47,7.1
3200000995,2026-07-22 11:40:00,32,거제지점,C81DEFCF7,김나준,백시현,010-9580-4777,경기,부천시 원미구,일반,전자·디지털,이어폰,4.3,33.0,20.0,18.0,1.98,4.3,소형,4000.0,2026-07-23,배송완료,2026-07-27 20:07:00,인터넷접수,2026-07-22 11:40:00,2026-07-23,4.3,33,4.3
1100002652,2026-07-22 19:11:00,11,서울지점,C0D3C2960,이서아,박연란,010-3152-3844,경북,포항시 남구,일반,의류·패션,원피스,1.4,32.0,36.0,28.0,5.38,5.38,중형,6000.0,2026-07-23,배송완료,2026-07-23 17:33:00,인터넷접수,2026/07/22 19:11,2026-07-23,1.4,32,5.4
3100003000,2026-05-20 14:14:00,31,진주지점,CF860DEF3,윤지철,고태환,010 8954 6827,대전,동구 가양동,일반,전자·디지털,태블릿케이스,3.3,21.0,29.0,15.0,1.52,3.3,소형,4000.0,2026-05-21,배송완료,2026-05-21 17:17:00,편의점접수,2026-05-20 14:14:00,2026-05-21,3.3,21,3.3
2100002957,2026-07-06 16:25:00,21,대전지점,CB4357A17,김하빈,이재빈,010-9981-9247,충남,천안시 서북구,일반,화장품·미용,향수,2.6,32.0,30.0,15.0,2.4,2.6,소형,4000.0,2026-07-07,배송완료,2026-07-08 11:15:00,편의점접수,2026-07-06 16:25:00,2026-07-07,2.6,32,2.6
3200002489,2026-05-04 16:06:00,32,거제지점,C48BE692C,류호철,김호율,010-3075-2681,경남,거제시 옥포동,일반,의류·패션,패딩,2.2,47.0,24.0,24.0,4.51,4.51,중형,6000.0,2026-05-05,배송완료,2026-05-05 14:07:00,인터넷접수,2026.05.04 16시06분,2026-05-05,2.2,47,4.5
1100000874,2026-07-11 17:55:00,11,서울지점,C1341BFE0,권진자,김성진,010-9967-6407,경남,진주시 충무공동,일반,의류·패션,티셔츠,0.5,28.0,30.0,27.0,3.78,3.78,중형,6000.0,2026-07-13,배송완료,2026-07-14 10:50:00,방문접수,2026-07-11 17:55:00,2026-07-13,0.5,28,3.8
1100002543,2026-07-01 09:05:00,11,서울지점,C7B9DE7CA,김성아,장예아,,서울,노원구 상계동,일반,의류·패션,운동화,1.5,50.0,25.0,22.0,4.58,4.58,중형,6000.0,2026-07-02,배송완료,2026-07-02 9:23:00,인터넷접수,2026-07-01 9:05:00,2026-07-02,1.5,50,4.6
1100002382,2026-07-02 16:20:00,11,서울지점,C4F25F7D6,김민우,임준진,010-2458-5734,대전,유성구 노은동,일반,식품,라면박스,10.0,32.0,28.0,25.0,3.73,10.0,중형,6000.0,2026-07-03,배송완료,2026-07-07 19:58:00,편의점접수,2026-07-02 16:20:00,2026-07-03,10,32,10
2100000520,2026-07-18 12:58:00,21,대전지점,CD78C3B11,조아환,김나아,010-4136-9732,제주,제주시 노형동,제주,의류·패션,현금,0.5,45.0,23.0,31.0,5.35,5.35,중형,9000.0,2026-07-21,반품,2026-07-21 19:41:00,편의점접수,2026-07-18 12:58:00,2026-07-21,0.5,45,5.3
4100001138,2026-06-05 18:51:00,41,울산지점,C6CA31024,서승영,조하서,010-2068-7578,경기,남양주시 다산동,일반,도서·문구,노트 10권,8.4,32.0,27.0,26.0,3.74,8.4,중형,6000.0,2026-06-08,배송완료,2026-06-10 19:05:00,편의점접수,2026-06-05 18:51:00,2026-06-08,8.4,32,8.4
1100002594,2026-07-27 12:44:00,11,서울지점,CC1633F04,강규진,김수현,010-9154-2248,경기,고양시 일산동구,일반,전자·디지털,충전기,5.6,29.0,28.0,21.0,2.84,5.6,중형,6000.0,2026-07-28,배송완료,2026-07-28 15:12:00,방문접수,2026-07-27 12:44:00,2026/07/28,5.6,29,5.6
1100000033,2026-06-26 17:12:00,11,서울지점,CC8D0248F,최우경,최성숙,010-5121-5518,서울,용산구 이태원동,일반,반려동물,고양이모래,7.4,26.0,28.0,18.0,2.18,7.4,중형,6000.0,2026-06-29,배송완료,2026-06-30 10:58:00,편의점접수,2026-06-26 17:12:00,2026-06-29,7.4,26,7.4
1100000858,2026-05-31 19:34:00,11,서울지점,CDECD029D,권유숙,이은현,,강원,원주시 무실동,일반,생활용품,빨래건조대,5.7,39.0,31.0,26.0,5.24,5.7,중형,6000.0,2026-06-01,배송완료,2026-06-01 15:48:00,인터넷접수,2026-05-31 19:34:00,2026-06-01,5.7,39,5.7
1200001070,2026-05-18 16:59:00,12,용산지점,C7F8E7A60,김시연,이현식(경비실),010-2242-7666,울산,울주군 범서읍,일반,반려동물,장난감,2.2,21.0,29.0,18.0,1.83,2.2,소형,4000.0,2026-05-19,배송완료,2026-05-19 12:42:00,방문접수,2026-05-18 16:59:00,2026-05-19,2.2,21,2.2
1200001443,2026-07-20 15:26:00,12,용산지점,C4B4602EE,김채자,김우준,010-8084-7322,경기,부천시 원미구,일반,식품,김,6.6,30.0,24.0,20.0,2.4,6.6,중형,6000.0,2026-07-21,배송완료,2026-07-21 14:58:00,대리점,2026-07-20 15:26:00,2026-07-21,6.6,30,6.6
3200002790,2026-06-16 14:35:00,32,거제지점,CDF82F3AA,권규희,이수식,,서울,송파구 잠실동,일반,식품,건어물,4.6,25.0,30.0,28.0,3.5,4.6,중형,6000.0,2026-06-17,배송완료,2026-06-17 14:30:00,방문접수,2026-06-16 14:35:00,2026-06-17,4.6,25,4.6
1100000079,2026-05-11 19:57:00,11,서울지점,CB019A195,정서영,신준희,010-8207-7501,경남,진주시 초전동,일반,화장품·미용,헤어드라이어,1.9,34.0,24.0,11.0,1.5,1.9,소형,4000.0,2026-05-12,배송완료,2026-05-12 10:10:00,인터넷접수,2026-05-11 19:57:00,2026-05-12,1.9,34,1.9
3100001187,2026-05-18 11:21:00,31,진주지점,CBC52CDCF,김윤우,오정철,010-7352-7199,서울,용산구 청파동,일반,생활용품,세제(대용량),1.9,34.0,30.0,31.0,5.27,5.27,중형,6000.0,2026-05-19,배송완료,2026-05-19 14:42:00,인터넷접수,2026-05-18 11:21:00,2026-05-19,1.9,34,5.3
1200002755,2026-07-27 17:15:00,12,용산지점,C102148DA,이예원,박나서,010-6259-7509,도서산간,백령도 진촌리,도서산간,식품,김,10.4,21.0,24.0,12.0,1.01,10.4,중형,11000.0,2026-07-30,배송완료,2026-07-30 9:13:00,방문접수,2026-07-27 17:15:00,2026-07-30,10.4,21,10.4
2100002501,2026-06-08 19:05:00,21,대전지점,CCD34DB00,김하철,장아미,,부산,동래구 온천동,일반,의류·패션,코트,1.9,49.0,22.0,31.0,5.57,5.57,중형,6000.0,2026-06-09,배송완료,2026-06-11 11:12:00,인터넷접수,2026-06-08 19:05:00,2026-06-09,1.9,49,5.6
3200002581,2026-05-18 16:51:00,32,거제지점,CA7228354,박나환,정규우,010-3134-4379,울산,동구 방어동,일반,생활용품,주방용품,5.4,42.0,23.0,24.0,3.86,5.4,극소형,6000.0,2026-05-19,반품,,편의점접수,2026-05-18 16:51:00,2026-05-19,5.4,42cm,5.4
1100000007,2026-05-14 15:40:00,11,서울지점,C69D027A3,이도희,황은호,010-5565-6118,대전,대덕구 송촌동,일반,반려동물,장난감,7.7,38.0,25.0,22.0,3.48,7.7,중형,6000.0,2026-05-15,배송완료,2026-05-18 17:54:00,편의점접수,2026-05-14 15:40:00,2026-05-15,7.7,38,7.7
2100000833,2026-07-30 18:39:00,21,대전지점,C46365A28,권은미,신서빈,010-9658-1002,경남,양산시 물금읍,일반,가구·침구,이불세트,5.6,65.0,54.0,45.0,26.32,26.32,초과,,2026-07-31,배송완료,2026-08-03 11:01:00,편의점접수,2026-07-30 18:39:00,2026-07-31,5.6,65,26.3
1100001023,2026-07-24 17:59:00,11,서울지점,CE26A926B,이호진,오예빈,,경기,성남시 분당구,일반,의류·패션,패딩,1.2,35.0,42.0,30.0,7.35,7.35,중형,6000.0,2026-07-27,배송완료,2026-07-27 9:49:00,편의점접수,2026-07-24 17:59:00,2026-07-27,1.2,35,7.3
1100000462,2026-05-04 16:46:00,11,서울지점,C2611FAFB,김규영,최호우,010-6825-5244,울산,남구 삼산동,일반,화장품·미용,향수,2.1,28.0,18.0,16.0,1.34,2.1,소형,4000.0,2026-05-05,배송완료,2026-05-05 10:51:00,인터넷접수,2026-05-04 16:46:00,2026-05-05,2.1,28,2.1
4100002492,2026-07-20 12:05:00,41,울산지점,CE7462DF5,최준빈,박승환,010 7670 9724,대구,수성구 범어동,일반,의류·패션,티셔츠 2장,0.9,41.0,40.0,19.0,5.19,5.19,중형,6000.0,2026-07-21,배송완료,2026-07-21 13:36:00,방문접수,2026-07-20 12:05:00,2026-07-21,0.9,41,5.2
1100001729,2026-05-25 16:54:00,11,서울지점,CDFE5D121,정재영,박서희,010-6331-2244,경기,성남시 분당구,일반,생활용품,빨래건조대,4.9,50.0,27.0,18.0,4.05,4.9,중형,6000.0,2026-05-26,배송완료,2026-05-26 9:05:00,인터넷접수,2026-05-25 16:54:00,2026-05-26,4.9,50,4.9
3100002196,2026-07-21 15:18:00,31,진주지점,CA1183266,박준준,신규서,010-2035-9676,충북,제천시 하소동,일반,화장품·미용,향수,1.8,35.0,23.0,25.0,3.35,3.35,중형,6000.0,2026-07-22,배송완료,2026-07-29 9:55:00,인터넷접수,2026-07-21 15:18:00,2026-07-22,1.8,35,3.4
3100000962,2026-06-17 10:07:00,31,진주지점,C78FBB12F,정현경,김수희(직접수령),108602874,경기,부천시 원미구,일반,식품,김치,5.1,32.0,27.0,16.0,2.3,5.1,중형,6000.0,2026-06-18,배송 완료,2026-06-18 19:51:00,인터넷접수,2026-06-17 10:07:00,2026-06-18,5.1,32,5.1
1200000410,2026-07-15 15:36:00,12,용산지점,CC19DBAC2,이채식,김도연,010-7084-9815,서울,용산구 청파동,일반,전자·디지털,충전기,5.6,23.0,21.0,11.0,0.89,5.6,중형,6000.0,2026-07-16,배송완료,2026-07-16 18:31:00,방문접수,2026-07-15 15:36:00,2026-07-16,5.6,23,5.6
1100001107,2026-06-10 15:28:00,11,서울지점,CCA47669B,강민준,장서율,010-6528-6896,부산,해운대구 우동,일반,식품,건어물,5.7,29.0,21.0,14.0,1.42,5.7,중형,6000.0,2026-06-11,반송,,인터넷접수,2026-06-10 15:28:00,2026-06-11,5.7,29,5.7
4100000521,2026-06-08 18:22:00,41,울산지점,CFEEC355D,오나우,남수호,010-3828-7894,경남,거제시 옥포동,일반,전자·디지털,이어폰,0.3,21.0,23.0,17.0,1.37,1.37,소형,4000.0,2026-06-09,배송완료,2026-06-09 14:22:00,대리점,2026-06-08 18:22:00,2026-06-09,0.3,21,1.4
2100002663,2026-05-04 13:17:00,21,대전지점,CA8D35F15,강도호,임민우,010-3644-7642,대전,대덕구 송촌동,일반,전자·디지털,태블릿케이스,6.0,36.0,31.0,18.0,3.35,6.0,중형,6000.0,2026-05-05,배송완료,2026-05-06 16:45:00,방문접수,2026-05-04 13:17:00,2026-05-05,6,36,6
1100001575,2026-07-20 17:58:00,11,서울지점,C67C917D7,신하경,오규원,010-4801-6914,서울,용산구 한남동,일반,전자·디지털,모니터,3.3,36.0,17.0,20.0,2.04,3.3,소형,4000.0,2026-07-21,배송완료,2026-07-21 12:59:00,인터넷접수,2026-07-20 17:58:00,2026-07-21,3.3,36,3.3
1100002507,2026-07-27 10:33:00,11,서울지점,CC85ECD16,정연우,이태영,,서울,노원구 상계동,일반,의류·패션,모자,1.0,48.0,31.0,12.0,2.98,2.98,중형,6000.0,2026-07-28,배송완료,2026-07-30 15:43:00,편의점접수,2026/07/27 10:33,2026-07-28,1,48,3
2100001066,2026-07-16 17:13:00,21,대전지점,C8ECBE8E5,최하아,권채진,010-9050-9062,경기,용인시 기흥구,일반,도서·문구,문제집,8.6,28.0,21.0,13.0,1.27,8.6,중형,6000.0,2026-07-17,배송완료,2026-07-17 15:20:00,방문접수,2026-07-16 17:13:00,2026-07-17,8.6,28,8.6
1100002839,2026-06-18 12:56:00,11,서울지점,CDDA3FA27,전서자,이규미,010-3226-8183,경북,안동시 옥동,일반,생활용품,빨래건조대,2.5,37.0,40.0,16.0,3.95,3.95,중형,6000.0,2026-06-19,배송완료,2026-06-22 10:54:00,편의점접수,2026-06-18 12:56:00,2026-06-19,2.5,37,3.9
1100000165,2026-07-24 18:15:00,11,서울지점,CB18388E6,박예철,정수아,010-5406-5385,부산,동래구 온천동,일반,의류·패션,신발,0.9,48.0,29.0,18.0,4.18,4.18,중형,6000.0,2026-07-27,배송완료,2026-07-27 16:05:00,,2026-07-24 18:15:00,2026-07-27,0.9,48,4.2
4100001509,2026-06-01 17:47:00,41,울산지점,C92F92ADD,김주호,박수숙,010-6847-7036,충남,아산시 배방읍,일반,의류·패션,패딩,2.3,31.0,25.0,20.0,2.58,2.58,소형,4000.0,2026-06-02,배송완료,2026-06-02 10:52:00,인터넷접수,2026-06-01 17:47:00,2026-06-02,2.3,31,2.6
3100002007,2026-07-06 16:22:00,31,진주지점,CDBCCC91D,김규자,최영연,010-5775-3776,대전,유성구 봉명동,일반,도서·문구,다이어리,11.3,27.0,30.0,20.0,2.7,11.3,중형,6000.0,2026-07-07,배송완료,2026-07-08 10:35:00,방문접수,2026-07-06 16:22:00,2026-07-07,11.3,27,11.3
1100000841,2026-05-26 12:25:00,11,서울지점,C1461BD7E,최승율,한시희,010-4368-5313,서울,용산구 후암동,일반,생활용품,빨래건조대,0.6,35.0,27.0,17.0,2.68,2.68,소형,4000.0,2026-05-27,배송완료,2026-05-28 9:32:00,인터넷접수,2026-05-26 12:25:00,2026-05-27,0.6,35,2.7
2100001364,2026-05-25 14:09:00,21,대전지점,CC3081518,김재환,이연서,010-9268-7490,대전,동구 가양동,일반,생활용품,화장지,1.0,40.0,33.0,21.0,4.62,4.62,중형,6000.0,2026-05-26,배송완료,2026-05-27 18:43:00,방문접수,2026-05-25 14:09:00,2026-05-26,1,40,4.6
3100002778,2026-06-01 16:19:00,31,진주지점,CCB67C6BD,이윤진,박진현,010-8298-3440,울산,중구 성남동,일반,도서·문구,다이어리,4.9,32.0,27.0,12.0,1.73,4.9,소형,4000.0,2026-06-02,배송완료,2026-06-02 17:29:00,편의점접수,2026-06-01 16:19:00,2026.06.02,4.9,32,4.9
1200001078,2026-07-27 17:05:00,12,용산지점,C12D385BE,장윤희,박채진,010-7503-4765,대전,서구 둔산동,일반,도서·문구,다이어리,8.7,20.0,19.0,14.0,0.89,8.7,중형,6000.0,2026-07-28,배송완료,2026-08-04 20:40:00,방문접수,2026-07-27 17:05:00,2026-07-28,8.7,20,8.7
1200000592,2026-05-23 18:48:00,12,용산지점,C43460007,김준자,박재진,010-4092-7746,대전,대덕구 송촌동,일반,가구·침구,쿠션,2.1,56.0,47.0,37.0,16.23,16.23,대형,9000.0,2026-05-25,배송완료,2026-06-01 16:31:00,인터넷접수,2026-05-23 18:48:00,2026-05-25,2.1,56,16.2
1200001641,2026-06-03 13:37:00,12,용산지점,C284C8539,류시우,김승우,010-9107-7302,대구,수성구 범어동,일반,의류·패션,가방,1.5,39.0,31.0,23.0,4.63,4.63,중형,6000.0,2026-06-04,배송완료,2026-06-04 14:59:00,대리점,2026-06-03 13:37:00,2026-06-04,1.5,39,4.6
1100001151,2026-06-26 15:38:00,11,서울지점,C3599AA39,박채빈,전도현,010-5174-7544,제주,서귀포시 중문동,제주,의류·패션,운동화,1.4,41.0,23.0,24.0,3.77,3.77,중형,9000.0,2026-06-30,배송완료,2026-06-30 17:47:00,대리점,2026-06-26 15:38:00,2026-06-30,1.4,41,3.8
3200000061,2026-07-01 13:35:00,32,거제지점,C4D159EEA,이성현,안성환,010-5818-5023,경남,진주시 충무공동,일반,생활용품,청소기필터,3.5,28.0,39.0,17.0,3.09,3.5,극소형,6000.0,2026-07-02,미배송,,편의점접수,2026-07-01 13:35:00,2026-07-02,3.5,28,3.5
1100001361,2026-05-19 16:16:00,11,서울지점,C51027BEA,김아원,김진환 님,010-2099-5269,충남,천안시 서북구,일반,식품,커피원두,11.9,33.0,22.0,13.0,1.57,11.9,중형,6000.0,2026-05-20,배송완료,2026-05-20 14:39:00,편의점접수,2026-05-19 16:16:00,2026-05-20,11.9kg,33,11.9
1100000917,2026-05-11 10:59:00,11,서울지점,CC3E4D773,김태희,임아미,,인천,서구 청라동,일반,반려동물,장난감,5.4,26.0,29.0,26.0,3.27,5.4,중형,6000.0,2026-05-12,반송,,인터넷접수,2026-05-11 10:59:00,2026-05-12,5.4,26,5.4
1200002786,2026-07-28 11:31:00,12,용산지점,CB9D7B659,이우원,황현숙,010 2735 4045,서울,마포구 서교동,일반,전자·디지털,충전기,5.2,40.0,29.0,14.0,2.71,5.2,중형,6000.0,2026-07-29,회수,2026-07-29 15:14:00,대리점,2026-07-28 11:31:00,2026-07-29,5.2,40,5.2
3100002858,2026-06-03 12:11:00,31,진주지점,CA5D97952,이도환,정규현,,울산,동구 방어동,일반,식품,커피원두,11.6,33.0,15.0,20.0,1.65,11.6,중형,6000.0,2026-06-04,배송완료,2026-06-04 17:56:00,인터넷접수,2026-06-03 12:11:00,2026-06-04,11.6,33,11.6
4100001970,2026-05-25 15:55:00,41,울산지점,C09C98BF7,김도준,김윤율,010-6436-6259,인천,연수구 송도동,일반,생활용품,휴지 30롤,4.5,40.0,26.0,13.0,2.25,4.5,소형,4000.0,2026-05-26,배송완료,2026-05-26 9:49:00,대리점,2026-05-25 15:55:00,2026-05-26,4.5,40,4.5
1200000419,2026-05-25 15:32:00,12,용산지점,C6ACBFBD3,이현란,이민호,010-6321-9154,경남,양산시 물금읍,일반,의류·패션,모자,0.9,35.0,26.0,22.0,3.34,3.34,중형,6000.0,2026-05-26,배송완료,2026-05-26 11:04:00,인터넷접수,2026-05-25 15:32:00,2026-05-26,0.9,35,3.3
3200000813,2026-07-28 16:20:00,32,거제지점,CDBF463CD,김성철,정현경,010-2186-1402,경남,진주시 초전동,일반,생활용품,휴지,2.2,35.0,34.0,12.0,2.38,2.38,중형,6000.0,2026-07-29,배송완료,2026-08-04 18:31:00,방문접수,2026-07-28 16:20:00,2026-07-29,2.2,35,2.4
4100002828,2026-05-06 15:43:00,41,울산지점,C0098BE95,신하현,강예란,010-9551-7656,경남,진주시 충무공동,일반,가구·침구,러그,2.3,59.0,46.0,37.0,16.74,16.74,대형,9000.0,2026-05-07,배송완료,2026-05-07 19:49:00,인터넷접수,2026-05-06 15:43:00,2026-05-07,2.3,59,16.7
1100001572,2026-05-14 11:15:00,11,서울지점,C1BBCEBE2,박주빈,이현환,010-6319-5186,서울,마포구 서교동,일반,의류·패션,청바지,1.1,34.0,34.0,28.0,5.39,5.39,중형,6000.0,2026-05-15,배송완료,2026-05-15 19:29:00,대리점,2026-05-14 11:15:00,2026-05-15,1.1,34,5.4
1200000678,2026-07-14 16:43:00,12,용산지점,CB278F99A,최승희,정준희(경비실),010-5121-1013,경기,고양시 일산동구,일반,식품,커피원두,3.7,28.0,18.0,17.0,1.43,3.7,소형,4000.0,2026-07-15,배송완료,2026-07-15 16:43:00,방문접수,2026.07.14 16시43분,2026-07-15,3.7,28,3.7
1100000242,2026-05-02 18:42:00,11,서울지점,CEADFE432,이예아,강나우,010-6569-9552,서울,용산구 원효로1가,일반,의류·패션,신발,0.9,30.0,31.0,12.0,1.86,1.86,소형,4000.0,2026-05-04,배송완료,2026-05-04 18:14:00,편의점접수,2026-05-02 18:42:00,2026-05-04,0.9,30,1.9
4100000991,2026-05-06 16:21:00,41,울산지점,CDBCCC91D,김규자,안유율,,부산,해운대구 우동,일반,전자·디지털,충전기,4.0,22.0,26.0,19.0,1.81,4.0,소형,4000.0,2026-05-07,배송완료,2026-05-07 10:07:00,편의점접수,2026-05-06 16:21:00,2026-05-07,4,22,4
1100002126,2026-06-01 12:30:00,11,서울지점,CCECBD3A6,조규식,이하환,1076126129,대전,서구 둔산동,일반,생활용품,수납함,3.1,50.0,30.0,24.0,6.0,6.0,중형,6000.0,2026-06-02,배송완료,2026-06-02 11:01:00,인터넷접수,2026.06.01 12시30분,2026-06-02,3.1,50,3.1
3100001928,2026-06-07 15:08:00,31,진주지점,CEB4C8966,고호원,황성미,010-4230-8718,대전,동구 가양동,일반,식품,라면박스,1.6,31.0,29.0,27.0,4.05,4.05,중형,6000.0,2026-06-08,배송완료,2026-06-08 12:37:00,대리점,2026-06-07 15:08:00,2026-06-08,1.6,31,4
1100001918,2026-08-03 12:36:00,11,서울지점,CE03F2A5F,김서미,이영현,,서울,은평구 응암동,일반,의류·패션,가방,1.7,50.0,22.0,30.0,5.5,5.5,중형,6000.0,2026-08-04,배송완료,2026-08-04 12:25:00,방문접수,2026-08-03 12:36:00,2026-08-04,1.7,50,5.5
3100002571,2026-05-12 17:13:00,31,진주지점,CB054BB84,박유아,김정서,010-7326-8562,울산,남구 옥동,일반,가구·침구,이 불,4.1,70.0,41.0,43.0,20.57,20.57,대형,9000.0,2026-05-13,배송완료,2026-05-13 18:57:00,방문접수,2026-05-12 17:13:00,2026-05-13,4.1,70,20.6
1100000014,2026-08-04 15:53:00,11,서울지점,C7A80D8E7,이아호,김채아,010-4891-8766,부산,사하구 하단동,일반,식품,된장,6.8,30.0,28.0,23.0,3.22,6.8,중형,6000.0,2026-08-05,배송중,,방문접수,2026-08-04 15:53:00,2026-08-05,6.8,30,6.8
3200000721,2026-05-31 16:26:00,32,거제지점,C61AE2A89,김지환,김연율,010-9981-5486,전북,익산시 영등동,일반,생활용품,빨래건조대,0.5,48.0,34.0,16.0,4.35,4.35,중형,6000.0,2026-06-01,미배송,,인터넷접수,2026-05-31 16:26:00,2026-06-01,0.5,48,4.4
3200002121,2026-05-07 16:44:00,32,거제지점,CE84AAE20,박채철,이아빈,,부산,동래구 온천동,일반,반려동물,사료,6.8,20.0,28.0,17.0,1.59,6.8,중형,6000.0,2026-05-08,미배송,,방문접수,2026/05/07 16:44,2026-05-08,6.8,20,6.8
2100002664,2026-06-25 14:37:00,21,대전지점,C90200568,조나경,이현서,010-4861-5582,경기,성남시 분당구,일반,도서·문구,책 30권,10.6,35.0,27.0,13.0,2.05,10.6,중형,6000.0,2026-06-26,배송완료,2026-06-29 16:18:00,대리점,2026-06-25 14:37:00,2026-06-26,10.6,35,10.6
2100001079,2026-05-19 15:38:00,21,대전지점,CDECD029D,권유숙,서윤현,010 7553 2468,충남,아산시 배방읍,일반,도서·문구,노트 10권,10.6,22.0,15.0,21.0,1.16,10.6,중형,6000.0,2026-05-20,배송완료,2026-05-20 15:56:00,편의점접수,2026-05-19 15:38:00,2026-05-20,10.6,22,10.6
1200001799,2026-07-03 17:48:00,12,용산지점,C18A3EC41,최현철,김아연,010-8999-5556,서울,용산구 후암동,일반,식품,상품권,7.9,31.0,19.0,14.0,1.37,7.9,소형,6000.0,2026-07-06,반품,2026-07-06 15:24:00,대리점,2026-07-03 17:48:00,2026-07-06,7.9,31,7.9
1100002854,2026-06-22 15:38:00,11,서울지점,C5E80ECA0,김수환,김준란(경비실),010-2751-5040,서울,노원구 상계동,일반,반려동물,강아지옷,6.2,18.0,19.0,19.0,1.08,6.2,중형,6000.0,2026-06-23,배송완료,,편의점접수,2026-06-22 15:38:00,2026-06-23,6.2,18,6.2
4100001134,2026-06-29 17:29:00,41,울산지점,C456EEDB0,김주현,박도란,010-4518-6333,대전,대덕구 송촌동,일반,화장품·미용,샴푸,0.2,35.0,14.0,12.0,0.98,0.98,소형,4000.0,2026-06-30,배송완료,2026-06-30 10:35:00,인터넷접수,2026-06-29 17:29:00,2026-06-30,0.2,35,1
1100001457,2026-06-01 18:17:00,11,서울지점,CA7228354,박나환,정지아,010-6279-5082,경북,안동시 옥동,일반,전자·디지털,태블릿케이스,3.3,21.0,17.0,17.0,1.01,3.3,소형,4000.0,2026-06-02,배송완료,2026-06-02 18:48:00,편의점접수,2026-06-01 18:17:00,2026-06-02,3.3,21,3.3
1200001142,2026-07-17 10:50:00,12,용산지점,CB51D28AD,윤영진,김예우,010-4240-4366,경남,거제시 장승포동,일반,도서·문구,문제집,2.6,23.0,24.0,19.0,1.75,2.6,소형,4000.0,2026-07-20,배송완료,2026-07-20 16:44:00,인터넷접수,2026-07-17 10:50:00,2026-07-20,2.6,23,2.6
3200001411,2026-05-15 17:14:00,32,거제지점,C6F9C2FDE,최은희,김지빈,010-6149-5157,충남,서산시 동문동,일반,의류·패션,가방,1.2,34.0,34.0,15.0,2.89,2.89,중형,6000.0,2026-05-18,미배송,,편의점접수,05/15/2026 17:14,2026-05-18,1.2,34,1.2
1200001492,2026-05-29 11:16:00,12,용산지점,CF5FBB477,전승경,박시철,,강원,춘천시 퇴계동,일반,가구·침구,러그,5.7,66.0,37.0,25.0,10.18,10.18,대형,9000.0,2026-06-01,배송완료,2026-06-01 9:39:00,편의점접수,2026-05-29 11:16:00,2026-06-01,5.7,66,10.2
2100002435,2026-06-24 19:56:00,21,대전지점,C2CF0FDCA,김수빈,안은준,010-7992-2963,경기,화성시 동탄,일반,생활용품,주방용품,2.4,45.0,33.0,31.0,7.67,7.67,중형,6000.0,2026-06-25,배송완료,2026-06-25 19:03:00,편의점접수,2026-06-24 19:56:00,2026-06-25,2.4,45,7.7
1200001027,2026-07-10 16:01:00,12,용산지점,CED32B643,이준율,박채호,,강원,원주시 무실동,일반,식품,건어물,3.4,33.0,24.0,16.0,2.11,3.4,소형,4000.0,2026-07-13,배송완료,2026-07-13 20:45:00,인터넷접수,2026-07-10 16:01:00,2026-07-13,3.4,33,3.4
2100001449,2026-06-11 18:37:00,21,대전지점,C06C8FDFF,김규란,이현숙,010-2495-8589,울산,북구 명촌동,일반,식품,김치통,3.1,34.0,15.0,26.0,2.21,3.1,소형,4000.0,2026-06-12,배송완료,2026-06-12 11:58:00,인터넷접수,2026-06-11 18:37:00,2026-06-12,3.1,34cm,3.1
3100001614,2026-07-29 17:29:00,31,진주지점,C5F232506,고지란,한호진,010-2012-5472,울산,북구 명촌동,일반,식품,과일선물세트,6.1,32.0,19.0,13.0,1.32,6.1,중형,6000.0,2026-07-30,배송완료,2026-07-30 18:50:00,방문,2026-07-29 17:29:00,2026-07-30,6.1,32,6.1
2100002277,2026-05-20 11:30:00,21,대전지점,C5DB023AF,김정원,윤연아,010-7052-3135,경기,성남시 분당구,일반,식품,김치,2.7,23.0,30.0,21.0,2.42,2.7,소형,4000.0,2026-05-21,배송완료,2026-05-22 15:09:00,편의점접수,2026-05-20 11:30:00,2026-05-21,2.7kg,23,2.7
2100001969,2026-06-18 14:58:00,21,대전지점,C86E2233F,강진현,김영희,010-6050-5843,서울,노원구 상계동,일반,생활용품,빨래건조대,4.4,47.0,42.0,14.0,4.61,4.61,중형,6000.0,2026-06-19,배송완료,2026-06-23 18:26:00,인터넷접수,06/18/2026 14:58,2026-06-19,4.4,47,4.6
4100001810,2026-06-21 18:24:00,41,울산지점,CB40FC860,안시우,이윤환,010-3654-1184,대전,대덕구 송촌동,일반,도서·문구,문제집,12.9,35.0,23.0,22.0,2.95,12.9,중형,6000.0,2026-06-22,배송완료,2026-06-22 17:08:00,편의점접수,2026-06-21 18:24:00,2026-06-22,12.9,35,12.9
3200000115,2026-07-25 10:30:00,32,거제지점,C44337150,정지식,이우자,010-8587-8294,경기,성남시 분당구,일반,의류·패션,청바지,1.2,44.0,35.0,20.0,5.13,5.13,중형,6000.0,2026-07-27,미배송,,편의점접수,2026-07-25 10:30:00,2026-07-27,1.2,44,5.1
3100002650,2026-06-15 12:47:00,31,진주지점,C7BF9EFAD,윤하숙,유주율,,부산,해운대구 우동,일반,생활용품,세제,4.6,45.0,37.0,27.0,7.49,7.49,중형,6000.0,2026-06-16,배송완료,2026-06-16 16:28:00,방문접수,2026-06-15 12:47:00,2026-06-16,4.6,45,7.5
1100001682,2026-07-27 15:04:00,11,서울지점,C4D159EEA,이성현,서정호,010-5887-8294,서울,용산구 한남동,일반,반려동물,사료,2.4,20.0,28.0,23.0,2.15,2.4,소형,4000.0,2026-07-28,배송완료,2026-07-30 16:12:00,편의점접수,2026-07-27 15:04:00,2026-07-28,2.4,2000,2.4
2100000464,2026-06-07 18:20:00,21,대전지점,C55F6D57C,한예진,박지식,010-2531-2962,경기,부천시 원미구,일반,생활용품,청소기필터,0.7,44.0,27.0,25.0,4.95,4.95,중형,6000.0,2026-06-08,배송완료,2026-06-08 14:27:00,인터넷접수,2026-06-07 18:20:00,2026-06-08,0.7,44,5
2100002198,2026-05-18 16:44:00,21,대전지점,CF048C1FB,이재숙,임성숙,010-6773-4952,대전,유성구 봉명동,일반,반려동물,강아지옷,7.0,33.0,25.0,10.0,1.38,7.0,중형,6000.0,2026-05-19,배송완료,2026-05-19 19:31:00,편의점접수,2026-05-18 16:44:00,2026-05-19,7,33,7
4100000267,2026-05-25 17:31:00,41,울산지점,C35FC75A0,김규빈,이하준,010-3239-8893,강원,원주시 무실동,일반,전자·디지털,키보드,5.2,22.0,32.0,21.0,2.46,5.2,중형,6000.0,2026-05-26,배송완료,,인터넷접수,2026-05-25 17:31:00,2026-05-26,5.2,22,5.2
1200002617,2026-06-01 16:04:00,12,용산지점,CACB2EA1F,김준빈,김윤현,,서울,용산구 한남동,일반,생활용품,세제,6.7,39.0,27.0,28.0,4.91,6.7,중형,6000.0,2026-06-02,배송완료,2026-06-02 18:38:00,편의점접수,2026-06-01 16:04:00,2026-06-02,6.7,39,6.7
1200001010,2026-06-03 18:13:00,12,용산지점,CC101AF0F,이은우,김태빈,108461723,울산,울주군 범서읍,일반,식품,김,2.9,27.0,21.0,25.0,2.36,2.9,소형,4000.0,2026-06-04,배송완료,,편의점접수,2026-06-03 18:13:00,2026-06-04,2.9,27,2.9
4100002381,2026-07-13 18:36:00,41,울산지점,CBE890351,김지환,정시식,010-2149-4394,전북,전주시 덕진구,일반,식품,김치,2.6,33.0,16.0,15.0,1.32,2.6,소형,4000.0,2026-07-14,배송완료,2026-07-14 13:54:00,방문접수,2026-07-13 18:36:00,2026-07-14,2.6,33,2.6
3200002655,2026-05-06 17:45:00,32,거제지점,CFEB68324,김주희,박호환,010-7621-5620,서울,마포구 서교동,일반,식품,건어물,9.8,25.0,24.0,19.0,1.9,9.8,중형,6000.0,2026-05-07,배송완료,2026-05-07 15:49:00,대리점,2026-05-06 17:45:00,2026-05-07,9.8,25,9.8
4100001967,2026-05-04 17:42:00,41,울산지점,C759E8CD2,이규란,김연미,010-2131-9372,경기,용인시 기흥구,일반,식품,된장,9.3,30.0,29.0,28.0,4.06,9.3,중형,6000.0,2026-05-05,배송완료,2026-05-05 19:14:00,대리점,2026-05-04 17:42:00,2026-05-05,9.3,30,9.3
3200001594,2026-07-22 11:49:00,32,거제지점,CD3F8F0B7,윤아아,김주희,010-8082-3782,전남,목포시 하당,일반,가구·침구,커튼,2.2,51.0,51.0,49.0,21.24,21.24,대형,9000.0,2026-07-23,배송완료,2026-07-23 18:24:00,편의점접수,2026-07-22 11:49:00,2026-07-23,2.2,51,21.2
4100002818,2026-05-06 14:23:00,41,울산지점,CB773279E,백은환,김나우(경비실),010-9827-5378,대전,서구 둔산동,일반,생활용품,수납함,3.7,31.0,33.0,19.0,3.24,3.7,중형,6000.0,2026-05-07,배송완료,2026-05-08 10:15:00,편의점접수,05/06/2026 14:23,2026-05-07,3.7,31,3.7
3200000761,2026-07-20 10:18:00,32,거제지점,C1BBCEBE2,박주빈,정나숙,010-3871-4804,서울,용산구 이태원동,일반,반려동물,고양이모래,8.1,39.0,21.0,22.0,3.0,8.1,중형,6000.0,2026-07-21,배송완료,2026-07-26 12:22:00,편의점접수,2026-07-20 10:18:00,2026-07-21,8.1,39,8.1
4100000357,2026-07-08 12:39:00,41,울산지점,C964587C1,임도환,신우서,010-4974-5022,대구,수성구 범어동,일반,의류·패션,패딩,1.4,41.0,24.0,26.0,4.26,4.26,중형,6000.0,2026-07-09,배송완료,2026-07-13 9:27:00,인터넷접수,2026-07-08 12:39:00,2026-07-09,1.4,41,4.3
1200001522,2026-07-16 11:52:00,12,용산지점,CF731755A,최수경,강아준,,충남,천안시 서북구,일반,생활용품,수납함,,37.0,38.0,29.0,6.8,6.8,중형,6000.0,2026-07-17,배송완료,2026-07-17 18:43:00,편의점접수,2026-07-16 11:52:00,2026-07-17,999,37,6.8
1100000421,2026-06-29 18:38:00,11,서울지점,C5809D9C3,송유빈,최채식,010-2193-5505,경북,경주시 황성동,일반,생활용품,세제,2.4,47.0,41.0,22.0,7.07,7.07,중형,6000.0,2026-06-30,배송완료,2026-06-30 11:44:00,온라인,2026-06-29 18:38:00,2026-06-30,2.4,47,7.1
3100000635,2026-05-16 16:01:00,31,진주지점,C0DDDAC9D,송성서,이호자,010-7992-3974,세종,조치원읍,일반,의류·패션,모자,0.9,39.0,35.0,31.0,7.05,7.05,중형,6000.0,2026-05-18,배송완료,2026-05-20 20:44:00,인터넷접수,2026-05-16 16:01:00,2026-05-18,0.9,39,7.1
1200000887,2026-06-01 18:16:00,12,용산지점,C9F2CC5F7,박수희,황태희,010-2428-1230,경기,성남시 분당구,일반,화장품·미용,스킨케어세트,0.4,28.0,25.0,15.0,1.75,1.75,소형,4000.0,2026-06-02,배송완료,2026-06-04 13:51:00,편의점접수,2026-06-01 18:16:00,2026-06-02,0.4,28,1.8
1200001356,2026-08-05 11:18:00,12,용산지점,C428DD654,김승진,이유원,010-5964-5727,서울,용산구 청파동,일반,전자·디지털,모니터,5.4,19.0,20.0,8.0,0.51,5.4,중형,6000.0,2026-08-06,배송중,,인터넷접수,2026-08-05 11:18:00,2026-08-06,5.4,19,5.4
3100002762,2026-05-26 17:36:00,31,진주지점,C7CA2678F,김하연,최지식,010-3364-1737,경기,화성시 동탄,일반,생활용품,주방용품,6.7,36.0,37.0,26.0,5.77,6.7,중형,6000.0,2026-05-27,배송완료,2026-05-27 12:03:00,인터넷접수,2026-05-26 17:36:00,2026-05-27,6.7,36,6.7
3100002135,2026-06-06 12:13:00,31,진주지점,CA2488A42,조정숙,문정자(경비실),1050293615,경남,거제시 장승포동,일반,전자·디지털,태블릿케이스,5.2,28.0,18.0,15.0,1.26,5.2,중형,6000.0,2026-06-08,배송완료,2026-06-08 17:50:00,방문접수,2026-06-06 12:13:00,2026-06-08,5.2,28,5.2
2100002281,2026-06-10 19:04:00,21,대전지점,C8BA2B5CF,이주진,이유숙,010-6843-2080,서울,용산구 후암동,일반,의류·패션,모자,0.8,33.0,22.0,23.0,2.78,2.78,소형,4000.0,2026-06-11,배송완료,2026-06-11 11:47:00,인터넷접수,2026-06-10 19:04:00,2026-06-11,0.8,33,2.8
1100001541,2026-05-25 15:51:00,11,서울지점,C11F5EBCE,김성미,김수호,010-7063-2006,서울,용산구 이태원동,일반,의류·패션,모자,0.4,48.0,28.0,22.0,4.93,4.93,중형,6000.0,2026-05-26,배송완료,2026-05-27 20:34:00,편의점접수,2026-05-25 15:51:00,2026-05-26,0.4kg,48,4.9
1100002716,2026-06-08 19:37:00,11,서울지점,C9853ED58,이성원,최호서,010-8312-7582,경북,경주시 황성동,일반,의류·패션,티셔츠 2장,2.0,31.0,26.0,14.0,1.88,2.0,소형,4000.0,2026-06-09,배송완료,2026-06-10 19:16:00,인터넷접수,2026-06-08 19:37:00,2026-06-09,2,31,2
3100001942,2026-05-28 16:06:00,31,진주지점,C04F94574,강재희,박승서,010-5753-8446,충남,서산시 동문동,일반,식품,커피원두,8.5,38.0,26.0,24.0,3.95,8.5,중형,6000.0,2026-05-29,배송완료,2026-05-29 11:54:00,인터넷접수,2026-05-28 16:06:00,2026/05/29,8.5,38,8.5
1100001715,2026-06-22 14:28:00,11,서울지점,CA9B32B11,박나미,김예아,010-5056-5404,서울,용산구 후암동,일반,도서·문구,필기구세트,0.7,37.0,18.0,13.0,1.44,1.44,소형,4000.0,2026-06-23,배송완료,2026-06-24 20:49:00,인터넷접수,2026-06-22 14:28:00,2026-06-23,0.7,37,1.4
1100002731,2026-07-09 16:14:00,11,서울지점,C22EF91BE,오은우,허나율,010-8668-5236,인천,연수구 송도동,일반,생활용품,빨래건조대,5.0,34.0,38.0,23.0,4.95,5.0,중형,6000.0,2026-07-10,배송완료,2026-07-10 16:47:00,방문접수,2026-07-09 16:14:00,2026-07-10,5,34,5
1100001961,2026-07-07 11:33:00,11,서울지점,C93401CC5,박호아,이성희,010-6955-9970,제주,제주시 노형동,제주,도서·문구,노트,1.3,32.0,23.0,20.0,2.45,2.45,소형,7000.0,2026-07-09,배송완료,2026-07-09 13:37:00,방문접수,2026-07-07 11:33:00,2026-07-09,1.3,32,2.5
1100000255,2026-08-04 16:04:00,11,서울지점,C923AB70A,김은자,송서우,010-9813-9024,충남,천안시 서북구,일반,생활용품,수납함,5.7,42.0,22.0,30.0,4.62,5.7,중형,6000.0,2026-08-05,배송완료,,대리점,2026-08-04 16:04:00,2026-08-05,5.7,42,5.7
2100002424,2026-06-26 18:18:00,21,대전지점,C8205C165,이연연,이하원 님,010-7901-5002,경기,용인시 기흥구,일반,도서·문구,문제집,13.7,26.0,15.0,28.0,1.82,13.7,중형,6000.0,2026-06-29,배송완료,2026-07-01 14:19:00,편의점접수,2026-06-26 18:18:00,2026-06-29,13.7,26cm,13.7
1100001856,2026-07-02 17:53:00,11,서울지점,C0EA9ABB4,이성원,김서철,,경기,부천시 원미구,일반,화장품·미용,샴푸,1.5,27.0,14.0,23.0,1.45,1.5,소형,4000.0,2026-07-03,배송완료,2026-07-06 12:00:00,편의점접수,2026-07-02 17:53:00,2026-07-03,1.5,27,1.5
2100002003,2026-05-12 12:42:00,21,대전지점,CF927CDE3,이규철,이채연,010-4147-5374,대전,유성구 노은동,일반,생활용품,주방용품,6.2,34.0,23.0,16.0,2.09,6.2,중형,6000.0,2026-05-13,배송완료,2026-05-13 20:31:00,인터넷접수,2026-05-12 12:42:00,2026-05-13,6.2,34,6.2
3100001756,2026-05-04 12:11:00,31,진주지점,C931420E1,김성미,권재율,010-4639-5967,서울,은평구 응암동,일반,도서·문구,문제집,4.6,26.0,30.0,26.0,3.38,4.6,중형,6000.0,2026-05-05,반송,,방문접수,2026-05-04 12:11:00,2026.05.05,4.6,26,4.6
2100001535,2026-07-24 09:22:00,21,대전지점,CE38C61B0,안하호,이영아,,경기,성남시 분당구,일반,생활용품,주방용품,2.5,42.0,42.0,20.0,5.88,5.88,중형,6000.0,2026-07-27,배송완료,2026-07-28 17:41:00,편의점접수,2026-07-24 9:22:00,2026/07/27,2.5,42,5.9
2100001464,2026-05-19 11:41:00,21,대전지점,C32CAE732,김성란,한나란,,인천,남동구 구월동,일반,화장품·미용,향수,2.5,34.0,17.0,25.0,2.41,2.5,소형,4000.0,2026-05-20,배송완료,2026-05-20 16:35:00,편의점접수,2026-05-19 11:41:00,2026-05-20,2.5,34,2.5
4100001747,2026-07-02 11:57:00,41,울산지점,C7BE7B1DD,강성희,박도환,010-2318-7429,서울,은평구 응암동,일반,식품,된장,2.0,37.0,29.0,26.0,4.65,4.65,중형,6000.0,2026-07-03,배송완료,2026-07-03 16:34:00,인터넷접수,2026-07-02 11:57:00,2026-07-03,2,37,4.6
4100001907,2026-07-02 10:32:00,41,울산지점,C16B8F7F7,김예서,정정영,010-9361-6822,경기,성남시 분당구,일반,의류·패션,패딩,2.2,32.0,28.0,28.0,4.18,4.18,중형,6000.0,2026-07-03,배송완료,2026-07-03 12:06:00,방문접수,2026-07-02 10:32:00,2026-07-03,2.2,32,4.2
1100002986,2026-06-29 15:02:00,11,서울지점,C43460007,김준자,박하율,010-8147-5108,울산,울주군 범서읍,일반,도서·문구,노트 10권,11.4,25.0,16.0,20.0,1.33,11.4,중형,6000.0,2026-06-30,배송완료,2026-06-30 10:26:00,편의점접수,06/29/2026 15:02,2026-06-30,11.4,25,11.4
2100000849,2026-07-12 13:56:00,21,대전지점,C713DB183,김우진,김서연,010-9679-2995,서울,강남구 역삼동,일반,의류·패션,운동화(박스포함),0.9,31.0,42.0,30.0,6.51,6.51,중형,6000.0,2026-07-13,배송완료,2026-07-15 20:52:00,편의점접수,2026-07-12 13:56:00,2026-07-13,0.9,31,6.5
3100001786,2026-06-30 09:11:00,31,진주지점,C6CA31024,서승영,김성진,,대전,대덕구 송촌동,일반,반려동물,사료,3.3,26.0,17.0,10.0,0.74,3.3,소형,4000.0,2026-07-01,배송완료,2026-07-01 19:37:00,편의점접수,2026-06-30 9:11:00,2026-07-01,3.3,26,3.3
3100000172,2026-07-06 14:15:00,31,진주지점,CA933F4BA,홍시호,이재연,010-3721-2393,제주,서귀포시 중문동,제주,전자·디지털,공유기,1.9,33.0,28.0,22.0,3.39,3.39,중형,9000.0,2026-07-08,배송완료,2026-07-08 12:33:00,대리점,2026-07-06 14:15:00,2026-07-08,1.9,33,3.4
2100002873,2026-05-25 17:47:00,21,대전지점,CA545F97A,강호철,이나연,010-8172-2356,경기,남양주시 다산동,일반,전자·디지털,충전기,5.9,31.0,28.0,14.0,2.03,5.9,중형,6000.0,2026-05-26,배송완료,2026-05-26 13:02:00,대리점,2026-05-25 17:47:00,2026-05-26,5.9,31,5.9
3200002465,2026-05-11 16:51:00,32,거제지점,C93401CC5,박호아,윤규연,010-3119-5846,부산,해운대구 우동,일반,전자·디지털,공유기,4.5,28.0,16.0,21.0,1.57,4.5,소형,4000.0,2026-05-12,미배송,,방문접수,2026-05-11 16:51:00,2026-05-12,4.5kg,28,4.5
3100001853,2026-07-27 10:36:00,31,진주지점,C34AC72D4,송윤빈,김지율,1081552218,충남,아산시 배방읍,일반,생활용품,빨래건조대,7.1,49.0,24.0,32.0,6.27,7.1,중형,6000.0,2026-07-28,배송완료,2026-07-30 11:32:00,방문접수,2026-07-27 10:36:00,2026-07-28,7.1,49,7.1
4100002633,2026-06-25 15:05:00,41,울산지점,CF5A74490,김채식,이은현,010-9734-7980,경남,김해시 장유동,일반,화장품·미용,스킨케어세트,0.7,35.0,20.0,25.0,2.92,2.92,소형,4000.0,2026-06-26,배송완료,2026-06-26 11:49:00,인터넷접수,2026-06-25 15:05:00,2026-06-26,0.7,35,2.9
1200000732,2026-05-20 19:14:00,12,용산지점,C0F85F6F5,이서식,김서빈,010-5958-6038,울산,북구 명촌동,일반,의류·패션,원피스,2.4,39.0,34.0,23.0,5.08,5.08,중형,6000.0,2026-05-21,배송완료,2026-05-21 19:12:00,방문접수,2026-05-20 19:14:00,2026-05-21,2.4,39cm,5.1
2100001067,2026-06-22 16:07:00,21,대전지점,CC969B36B,이성빈,서예자,010-3709-5885,경남,양산시 물금읍,일반,생활용품,수납함,1.8,40.0,26.0,13.0,2.25,2.25,소형,4000.0,2026-06-23,배송완료,2026-06-23 13:42:00,방문,06/22/2026 16:07,2026-06-23,1.8,40,2.3
2100001676,2026-05-21 18:56:00,21,대전지점,C942A9BE7,황채철,박시미,010-6410-9373,경남,진주시 평거동,일반,의류·패션,코트,1.0,50.0,41.0,18.0,6.15,6.15,중형,6000.0,2026-05-22,미배송,,편의점접수,2026-05-21 18:56:00,2026-05-22,1,50,6.2
3100002519,2026-05-28 11:58:00,31,진주지점,CE38C61B0,안하호,신영빈,010-7482-9593,서울,용산구 후암동,일반,식품,된장,5.1,27.0,25.0,15.0,1.69,5.1,중형,6000.0,2026-05-29,배송완료,2026-05-29 16:16:00,인터넷접수,2026-05-28 11:58:00,2026-05-29,5.1,27,5.1
1100002773,2026-05-23 19:46:00,11,서울지점,C58B81E56,김규원,정민영,010-7998-8844,경기,수원시 영통구,일반,생활용품,세제(대용량),1.3,46.0,28.0,,,1.3,중형,6000.0,2026-05-25,배송완료,2026-05-25 20:37:00,방문접수,2026-05-23 19:46:00,2026-05-25,1.3,46,6.2
2100000181,2026-07-03 16:00:00,21,대전지점,CCD2D12EE,강나연,오채율,010-5835-5679,경남,거제시 장승포동,일반,생활용품,화장지,8.0,34.0,30.0,16.0,2.72,8.0,중형,6000.0,2026-07-06,배송완료,2026-07-07 17:48:00,인터넷접수,2026-07-03 16:00:00,2026-07-06,8,34,8
1100002596,2026-06-22 10:42:00,11,서울지점,C8BA4B298,고태진,김나경,104034805,울산,남구 삼산동,일반,식품,쌀(햅쌀),1.5,35.0,21.0,15.0,1.84,1.84,소형,4000.0,2026-06-23,배송완료,2026-06-23 14:19:00,편의점접수,2026-06-22 10:42:00,2026-06-23,1.5,35cm,1.8
3100002220,2026-06-15 16:01:00,31,진주지점,CA3AED0C5,임규경,박승준,010 4582 7138,서울,노원구 상계동,일반,의류·패션,가방,1.3,32.0,34.0,31.0,5.62,5.62,중형,6000.0,2026-06-16,배송완료,2026-06-16 20:53:00,인터넷접수,2026-06-15 16:01:00,2026-06-16,1.3kg,32,5.6
4100000684,2026-07-31 11:56:00,41,울산지점,C563B5BAA,김승서,이정빈,010-3911-1396,서울,노원구 상계동,일반,의류·패션,상품권,1.8,28.0,39.0,32.0,5.82,5.82,중형,6000.0,2026-08-03,반품,2026-08-04 16:08:00,편의점접수,2026-07-31 11:56:00,2026-08-03,1.8,28,5.8
4100002673,2026-06-17 17:44:00,41,울산지점,C81DEFCF7,김나준,류지서,010-9487-6435,부산,동래구 온천동,일반,생활용품,빨래건조대,6.0,34.0,34.0,32.0,6.17,6.17,중형,6000.0,2026-06-18,배송완료,2026-06-19 10:21:00,방문접수,2026-06-17 17:44:00,2026-06-18,6,34,6.2
4100000786,2026-06-22 15:23:00,41,울산지점,C59B431E3,장우연,강나식,010-6373-1694,서울,용산구 청파동,일반,식품,커피원두,7.9,37.0,20.0,26.0,3.21,7.9,중형,6000.0,2026-06-23,배송완료,2026-06-23 12:37:00,인터넷접수,2026-06-22 15:23:00,2026-06-23,7.9,37,7.9
3100001008,2026-07-13 16:48:00,31,진주지점,CFDBA502C,윤채식,조하숙,010-6423-8654,서울,노원구 상계동,일반,의류·패션,청바지,2.5,29.0,36.0,28.0,4.87,4.87,중형,6000.0,2026-07-14,배송완료,2026-07-14 16:43:00,인터넷접수,2026-07-13 16:48:00,2026-07-14,2.5,29,4.9
3200002835,2026-07-17 14:59:00,32,거제지점,C06119256,이영연,김서준,010-4833-3554,경기,화성시 동탄,일반,가구·침구,베개,4.1,54.0,53.0,25.0,11.92,11.92,대형,9000.0,2026-07-20,배송완료,2026-07-24 19:39:00,방문접수,2026-07-17 14:59:00,2026-07-20,4.1,54,11.9
3200001532,2026-06-28 13:46:00,32,거제지점,CD1BF19B5,송시경,이서자,010-7556-3027,대전,서구 둔산동,일반,의류·패션,청바지,0.8,33.0,40.0,27.0,5.94,5.94,중형,6000.0,2026-06-29,배송완료,2026-07-02 9:31:00,방문접수,2026-06-28 13:46:00,2026-06-29,0.8,33,5.9
2100001841,2026-07-07 10:20:00,21,대전지점,C44773A28,김나아,박예우,,경남,거제시 고현동,일반,의류·패션,모자,1.9,34.0,31.0,18.0,3.16,3.16,중형,6000.0,2026-07-08,배송완료,2026-07-09 20:48:00,인터넷접수,2026-07-07 10:20:00,2026-07-08,1.9,34,3.2
1100002649,2026-07-13 11:40:00,11,서울지점,C87B3EFD2,장영빈,김나식,010-9338-6086,대전,중구 은행동,일반,의류·패션,모자,0.8,34.0,25.0,26.0,3.68,3.68,중형,6000.0,2026-07-14,배송완료,2026-07-14 9:00:00,방문접수,2026-07-13 11:40:00,2026-07-14,0.8,34,3.7
2100002454,2026-06-04 12:53:00,21,대전지점,CA84FC9C1,문채식,박연율,010-3065-5835,대전,중구 은행동,일반,전자·디지털,이어폰,4.9,40.0,26.0,24.0,4.16,4.9,중형,6000.0,2026-06-05,배송완료,2026-06-05 12:58:00,편의점접수,2026-06-04 12:53:00,2026-06-05,4.9,40,4.9
1100000901,2026-07-27 15:06:00,11,서울지점,C53E0E687,이지진,홍시원,010-8483-1365,경남,거제시 장승포동,일반,전자·디지털,키보드,5.0,19.0,26.0,16.0,1.32,5.0,소형,4000.0,2026-07-28,배송완료,2026-07-28 10:46:00,인터넷접수,2026-07-27 15:06:00,2026-07-28,5,19,5
2100002044,2026-06-29 16:12:00,21,대전지점,C9C95A2A4,김시희,정나연,010-5672-8625,서울,용산구 후암동,일반,의류·패션,운동화(박스포함),0.9,32.0,33.0,30.0,5.28,5.28,중형,6000.0,2026-06-30,배송완료,2026-07-01 12:46:00,편의점접수,2026-06-29 16:12:00,2026-06-30,0.9,32,5.3
3100000413,2026-05-17 12:41:00,31,진주지점,C93401CC5,박호아,신서우,1083517142,대전,대덕구 송촌동,일반,식품,김,10.4,34.0,17.0,23.0,2.22,10.4,중형,6000.0,2026-05-18,배송완료,2026-05-18 15:51:00,인터넷접수,2026-05-17 12:41:00,2026-05-18,10.4,34,10.4
1100002895,2026-06-19 16:15:00,11,서울지점,CFF523681,황현연,정민우,010-8261-5982,세종,새롬동,일반,전자·디지털,태블릿케이스,4.1,19.0,19.0,24.0,1.44,4.1,소형,4000.0,2026-06-22,배송완료,2026-06-22 11:28:00,편의점접수,2026-06-19 16:15:00,2026-06-22,4.1,19,4.1
2100000805,2026-06-04 10:49:00,21,대전지점,CFDE1F0DE,안주원,윤성숙,1030771853,광주,광산구 수완동,일반,전자·디지털,공유기,5.8,18.0,21.0,18.0,1.13,5.8,중형,6000.0,2026-06-05,배송완료,2026-06-09 13:41:00,인터넷접수,2026-06-04 10:49:00,2026-06-05,5.8,18,5.8
4100002923,2026-06-23 16:30:00,41,울산지점,CB019A195,정서영,박수빈,010-9190-4482,인천,부평구 부평동,일반,의류·패션,신발,0.7,41.0,40.0,16.0,4.37,4.37,중형,6000.0,2026-06-24,배송완료,2026-06-24 14:58:00,인터넷접수,2026-06-23 16:30:00,2026-06-24,0.7,41,4.4
3100001524,2026-06-15 19:47:00,31,진주지점,C5F232506,고지란,송준연,010-2748-4883,경남,진주시 초전동,일반,생활용품,수납함,2.8,45.0,36.0,32.0,8.64,8.64,중형,6000.0,2026-06-16,배송완료,2026-06-16 18:42:00,인터넷접수,2026-06-15 19:47:00,2026-06-16,2.8,45,8.6
1200002956,2026-07-10 18:06:00,12,용산지점,CECFD84EB,임서준,정서철 님,010-2376-8009,경기,화성시 동탄,일반,식품,김,11.5,22.0,19.0,21.0,1.46,11.5,중형,6000.0,2026-07-13,배송완료,2026-07-13 13:04:00,편의점접수,2026-07-10 18:06:00,2026/07/13,11.5,22,11.5
2100001699,2026-07-16 14:00:00,21,대전지점,CA0EE4DBF,이진영,박채란,010-4082-3853,울산,남구 삼산동,일반,의류·패션,코트,2.5,35.0,39.0,13.0,2.96,2.96,중형,6000.0,2026-07-17,배송완료,2026-07-17 17:52:00,방문접수,2026-07-16 14:00:00,2026-07-17,2.5,35,3
1200001196,2026-05-11 15:45:00,12,용산지점,C6D71521B,강영호,오예호,010-9521-3054,대전,서구 둔산동,일반,전자·디지털,모니터,1.6,26.0,21.0,14.0,1.27,1.6,소형,4000.0,2026-05-12,배송완료,2026-05-12 12:30:00,편의점접수,2026-05-11 15:45:00,2026-05-12,1.6,26,1.6
2100001321,2026-07-20 17:07:00,21,대전지점,C907B0685,김규연,이규아,010-6848-7640,서울,용산구 한남동,일반,생활용품,청소기필터,6.3,50.0,30.0,17.0,4.25,6.3,중형,6000.0,2026-07-21,배송완료,2026-07-21 15:48:00,방문접수,2026-07-20 17:07:00,2026-07-21,6.3,50,6.3
1100002521,2026-05-22 16:15:00,11,서울지점,CEF20701F,오연우,이하철,010-8917-3850,경기,부천시 원미구,일반,의류·패션,모자,0.8,43.0,28.0,18.0,3.61,3.61,중형,6000.0,2026-05-25,배송완료,2026-05-25 10:28:00,대리점,2026-05-22 16:15:00,2026-05-25,0.8,43,3.6
3100002973,2026-06-09 15:55:00,31,진주지점,C58C38476,손태희,최채아,010-9011-2611,대전,동구 가양동,일반,의류·패션,코트,0.3,42.0,25.0,18.0,3.15,3.15,중형,6000.0,2026-06-10,배송완료,2026-06-10 12:17:00,인터넷접수,2026-06-09 15:55:00,2026-06-10,0.3,42,3.1
3100002953,2026-07-05 17:26:00,31,진주지점,C2E974619,류지영,김유현,010-3014-7510,경기,화성시 동탄,일반,생활용품,빨래건조대,1.6,39.0,25.0,17.0,2.76,2.76,중형,6000.0,2026-07-06,배송완료,2026-07-06 16:40:00,편의점접수,2026-07-05 17:26:00,2026-07-06,1.6,39,2.8
1100002272,2026-07-06 14:26:00,11,서울지점,CB3DB8A05,김지아,정도준,010-2452-5935,서울,용산구 원효로1가,일반,식품,된장,4.9,34.0,27.0,20.0,3.06,4.9,중형,6000.0,2026-07-07,배송완료,2026-07-09 12:57:00,편의점접수,2026-07-06 14:26:00,2026-07-07,4.9,34,4.9
3100001308,2026-05-22 10:52:00,31,진주지점,C078127AE,홍아진,이주식,010-3996-8348,경기,남양주시 다산동,일반,의류·패션,티셔츠,0.7,33.0,22.0,23.0,2.78,2.78,소형,4000.0,2026-05-25,배송완료,,방문접수,2026-05-22 10:52:00,2026-05-25,0.7,33,2.8
4100002365,2026-05-28 17:46:00,41,울산지점,C78A4322C,조유서,임호환,010-4555-8743,경기,화성시 동탄,일반,반려동물,강아지옷,4.3,34.0,23.0,18.0,2.35,4.3,소형,4000.0,2026-05-29,배송완료,2026-05-29 9:58:00,방문접수,2026-05-28 17:46:00,2026-05-29,4.3,34,4.3
4100000197,2026-05-04 09:06:00,41,울산지점,C66F7516E,김하철,김영서,010-2566-8524,서울,용산구 원효로1가,일반,식품,김치통,9.6,26.0,30.0,16.0,2.08,9.6,중형,6000.0,2026-05-05,배송완료,2026-05-05 19:58:00,편의점접수,2026-05-04 9:06:00,2026-05-05,9.6,26,9.6
1100002566,2026-06-15 18:08:00,11,서울지점,C2CF0FDCA,김수빈,남성서,010-4691-1998,경기,화성시 동탄,일반,식품,된장,8.6,37.0,25.0,21.0,3.24,8.6,중형,6000.0,2026-06-16,배송완료,2026-06-18 19:28:00,편의점접수,2026-06-15 18:08:00,2026-06-16,8.6,37,8.6
1100000271,2026-05-18 15:33:00,11,서울지점,C9408A7C4,박지란,김도영,010-8098-4311,전남,여수시 학동,일반,식품,건어물,3.6,29.0,27.0,20.0,2.61,3.6,소형,4000.0,2026-05-19,배송완료,2026-05-19 11:56:00,방문접수,2026-05-18 15:33:00,2026-05-19,3.6,29,3.6
3200000886,2026-05-01 14:00:00,32,거제지점,C3D2F6C54,김민미,최채희,010-8120-5726,부산,사하구 하단동,일반,전자·디지털,모니터,4.4,33.0,20.0,13.0,1.43,4.4,소형,4000.0,2026-05-04,배송완료,2026-05-07 9:20:00,인터넷접수,2026-05-01 14:00:00,2026-05-04,4.4,33,4.4
2100000153,2026-07-03 12:05:00,21,대전지점,C404E1E82,김재환,강영현,010-7771-1687,서울,용산구 한남동,일반,도서·문구,문제집,12.6,36.0,24.0,17.0,2.45,12.6,중형,6000.0,2026-07-06,배송완료,2026-07-08 15:46:00,방문접수,2026-07-03 12:05:00,2026-07-06,12.6,36,12.6
1100000122,2026-06-01 18:23:00,11,서울지점,CAE0F2447,윤진경,이시원,010-2686-2654,충남,천안시 서북구,일반,식품,라면박스,6.6,26.0,15.0,24.0,1.56,6.6,중형,6000.0,2026-06-02,배송완료,2026-06-02 14:36:00,대리점,2026-06-01 18:23:00,2026-06-02,-1,26,6.6
1200002848,2026-06-18 16:46:00,12,용산지점,C7BB4EEC9,김수준,권진환,010-4113-7319,서울,노원구 상계동,일반,의류·패션,가방,1.4,42.0,34.0,27.0,6.43,6.43,중형,6000.0,2026-06-19,배송완료,2026-06-19 11:37:00,방문접수,2026-06-18 16:46:00,2026-06-19,1.4,42,6.4
3200001950,2026-07-09 15:43:00,32,거제지점,CDC084D16,백수환,홍호식,010-9887-7194,충북,청주시 흥덕구,일반,전자·디지털,모니터,3.9,30.0,32.0,21.0,3.36,3.9,중형,6000.0,2026-07-10,배송완료,2026-07-15 12:58:00,방문접수,2026-07-09 15:43:00,2026-07-10,3.9,30,3.9
1100002856,2026-05-10 18:34:00,11,서울지점,C994FF3A3,박은원,박진자(경비실),1051822234,전북,익산시 영등동,일반,전자·디지털,공유기,2.8,25.0,31.0,17.0,2.2,2.8,소형,4000.0,2026-05-11,회수,,대리점,2026-05-10 18:34:00,2026-05-11,2.8kg,25,2.8
2100001833,2026-05-25 11:27:00,21,대전지점,CCFDE1786,윤예아,김수호,010-7926-9535,서울,마포구 서교동,일반,생활용품,주방용품,7.3,50.0,40.0,31.0,10.33,10.33,대형,9000.0,2026-05-26,배송완료,2026-05-26 15:48:00,편의점접수,2026-05-25 11:27:00,2026-05-26,7.3,50,10.3
3100001129,2026-05-05 12:42:00,31,진주지점,C94D694CD,김채우,정지식,,경기,성남시 분당구,일반,식품,된장,1.7,34.0,27.0,24.0,3.67,3.67,중형,9000.0,2026-05-06,배송완료,2026-05-06 13:14:00,편의점접수,2026-05-05 12:42:00,2026-05-06,1.7,34,3.7
2100002530,2026-05-14 10:59:00,21,대전지점,C268C8CBD,김주연,김주진,010-3516-5486,대구,수성구 범어동,일반,화장품·미용,향수,2.3,26.0,18.0,18.0,1.4,2.3,소형,4000.0,2026-05-15,배송완료,2026-05-15 19:56:00,인터넷접수,2026-05-14 10:59:00,2026-05-15,2.3,26,2.3
3100001060,2026-05-22 14:22:00,31,진주지점,CEB61B278,오승준,이유빈,010 2849 5405,경남,거제시 고현동,일반,식품,라면박스,3.2,33.0,22.0,21.0,2.54,3.2,소형,4000.0,2026-05-25,배송완료,2026-05-25 16:05:00,방문접수,2026-05-22 14:22:00,2026-05-25,3.2,33,3.2
1100001727,2026-05-12 12:18:00,11,서울지점,CAD2C2D3E,정우호,장유희,010-2838-7290,인천,연수구 송도동,일반,식품,백미,1.1,21.0,15.0,12.0,0.63,1.1,극소형,3500.0,2026-05-13,배송완료,2026-05-13 19:06:00,편의점접수,2026-05-12 12:18:00,2026-05-13,1.1,21,1.1
1100001632,2026-05-21 15:55:00,11,서울지점,CE61BD650,김시연,최재준,010-5923-9993,도서산간,울릉도 도동,도서산간,전자·디지털,키보드,1.2,28.0,32.0,19.0,2.84,2.84,소형,9000.0,2026-05-26,배송완료,,방문접수,2026-05-21 15:55:00,2026-05-26,1.2,28,2.8
2100002379,2026-06-03 11:29:00,21,대전지점,CB0346B29,김진준,남현경,010-6904-4279,제주,제주시 연동,제주,의류·패션,패딩,0.7,39.0,30.0,29.0,5.66,5.66,중형,9000.0,2026-06-05,배송완료,2026-06-05 9:26:00,편의점접수,2026-06-03 11:29:00,2026-06-05,0.7,39,5.7
1100001981,2026-06-15 16:11:00,11,서울지점,CDD850B8F,정유준,백우빈,108441876,경남,창원시 성산구,일반,의류·패션,코트,1.1,38.0,35.0,29.0,6.43,6.43,중형,6000.0,2026-06-16,배송완료,2026-06-16 17:24:00,인터넷접수,2026-06-15 16:11:00,2026-06-16,1.1,38,6.4
3100001431,2026-06-20 19:06:00,31,진주지점,C0AF153EF,이하호,김규미,010-8064-5278,경남,진주시 평거동,일반,식품,된장,5.5,27.0,27.0,18.0,2.19,5.5,중형,6000.0,2026-06-22,배송완료,2026-06-22 13:24:00,온라인,2026-06-20 19:06:00,2026-06-22,5.5,27,5.5
4100000969,2026-07-13 12:07:00,41,울산지점,C988273E7,김유란,이윤아,010-8187-5933,전북,군산시 나운동,일반,생활용품,빨래건조대,3.2,30.0,23.0,32.0,3.68,3.68,중형,6000.0,2026-07-14,배송완료,2026-07-14 14:18:00,편의점접수,2026-07-13 12:07:00,2026-07-14,3.2,30,3.7
1100001024,2026-05-25 16:46:00,11,서울지점,C7BDEEB1D,김수우,김하미,010-6022-6673,전남,여수시 학동,일반,식품,라면박스,9.6,20.0,25.0,26.0,2.17,9.6,중형,6000.0,,배송완료,2026-05-26 9:59:00,편의점접수,2026-05-25 16:46:00,,9.6,20,9.6
3100001137,2026-05-28 14:51:00,31,진주지점,CC494F58F,이채희,유정환,010-6149-9168,대전,유성구 노은동,일반,생활용품,휴지,7.9,42.0,33.0,26.0,6.01,7.9,중형,6000.0,,배송완료,2026-05-29 17:47:00,방문접수,2026-05-28 14:51:00,,7.9,42,7.9
1100001227,2026-07-14 11:40:00,11,서울지점,C409565D2,최하호,김은아,010-2773-5070,경기,성남시 분당구,일반,생활용품,청소기필터,3.0,29.0,31.0,14.0,2.1,3.0,소형,4000.0,2026-07-15,배송완료,2026-07-16 9:27:00,대리점,2026-07-14 11:40:00,2026-07-15,3,29,3
1200001486,2026-05-21 10:28:00,12,용산지점,C458A08DF,송호식,장우준,010-6026-6223,서울,노원구 상계동,일반,가구·침구,커튼,5.0,48.0,32.0,43.0,11.01,11.01,대형,9000.0,2026-05-22,배송완료,2026-05-22 11:22:00,방문접수,2026/05/21 10:28,2026-05-22,5,48,11
1100002578,2026-05-21 10:35:00,11,서울지점,CD1BF19B5,송시경,김나원,010-5933-2868,대전,유성구 노은동,일반,생활용품,빨래건조대,3.6,41.0,28.0,23.0,4.4,4.4,중형,6000.0,2026-05-22,배송완료,,방문접수,2026-05-21 10:35:00,2026-05-22,3.6,41,4.4
1200001410,2026-06-08 14:54:00,12,용산지점,C9B00BCD4,김연자,이호율,010-4340-9828,경남,거제시 고현동,일반,식품,김,3.9,20.0,20.0,15.0,1.0,3.9,소형,4000.0,,배송완료,2026-06-10 18:47:00,인터넷접수,2026/06/08 14:54,,3.9,20,3.9
1200000344,2026-06-08 14:52:00,12,용산지점,CE301D638,김은원,이규현,010-7428-3551,부산,부산진구 부전동,일반,식품,과일선물세트,5.4,32.0,16.0,18.0,1.54,5.4,중형,6000.0,2026-06-09,배송완료,2026-06-09 20:21:00,편의점접수,2026-06-08 14:52:00,2026-06-09,5.4,32,5.4
2100001389,2026-07-15 14:04:00,21,대전지점,C80F44779,정민현,김수호,010-5188-1168,전남,순천시 조례동,일반,전자·디지털,모니터,1.2,,24.0,25.0,,1.2,중형,6000.0,2026-07-16,배송완료,2026-07-16 18:23:00,방문접수,2026-07-15 14:04:00,2026-07-16,1.2,9999,3.4
1100001957,2026-05-15 16:48:00,11,서울지점,CBD5E7CA6,이호빈,유유숙,010-9405-7174,경기,고양시 일산동구,일반,전자·디지털,냉동식품,1.1,31.0,21.0,20.0,2.17,2.17,소형,4000.0,2026-05-18,미배송,2026-05-18 19:05:00,대리점,2026-05-15 16:48:00,2026-05-18,1.1,31,2.2
1100001933,2026-05-11 14:01:00,11,서울지점,CD5F03AF1,최은숙,이현아,010-2212-7711,인천,부평구 부평동,일반,가구·침구,러그,5.2,44.0,44.0,45.0,14.52,14.52,대형,9000.0,2026-05-12,배송 완료,2026-05-14 16:43:00,대리점,2026-05-11 14:01:00,2026-05-12,5.2,44,14.5
1100000151,2026-06-19 19:45:00,11,서울지점,C7CB18132,박예현,박수현,010-6293-2703,울산,중구 성남동,일반,생활용품,세제(대용량),7.1,35.0,41.0,20.0,4.78,7.1,중형,6000.0,2026-06-22,배송완료,2026-06-22 20:06:00,인터넷접수,2026-06-19 19:45:00,2026-06-22,7.1,35,7.1
2100001507,2026-07-21 09:28:00,21,대전지점,C81D8AF89,최예서,이규영,010-8556-9223,대전,유성구 봉명동,일반,식품,라면박스,9.7,30.0,22.0,25.0,2.75,9.7,중형,6000.0,2026-07-22,배송완료,2026-07-24 16:38:00,편의점접수,2026-07-21 9:28:00,2026-07-22,9.7,30,9.7
3100000281,2026-05-20 12:20:00,31,진주지점,C39C535B9,강현빈,이영아,010-5244-5807,경남,진주시 초전동,일반,의류·패션,모자,0.5,36.0,36.0,25.0,5.4,5.4,중형,6000.0,2026-05-21,배송완료,2026-05-21 11:03:00,인터넷접수,2026-05-20 12:20:00,2026-05-21,0.5,36,5.4
1100000911,2026-05-26 15:28:00,11,서울지점,CD08565A4,이하자,이도서,010-9055-4292,울산,울주군 범서읍,일반,의류·패션,모자,2.3,32.0,36.0,17.0,3.26,3.26,중형,6000.0,2026-05-27,배송완료,2026-05-27 10:19:00,방문접수,2026-05-26 15:28:00,2026-05-27,2.3,32,3.3
1100000348,2026-07-17 16:53:00,11,서울지점,C25C8227A,양채숙,조유경,106415406,경기,화성시 동탄,일반,의류·패션,티셔츠 2장,0.8,47.0,29.0,14.0,3.18,3.18,중형,6000.0,2026-07-20,배송완료,2026-07-20 15:00:00,인터넷접수,2026-07-17 16:53:00,2026-07-20,0.8,47,3.2
3100001758,2026-06-09 16:23:00,31,진주지점,C907B0685,김규연,이규환,010-2918-7838,경기,수원시 영통구,일반,식품,과일선물세트,7.9,38.0,27.0,12.0,2.05,7.9,중형,6000.0,2026-06-10,배송완료,2026-06-10 15:15:00,편의점접수,2026-06-09 16:23:00,2026-06-10,7.9,38,7.9
3100002931,2026-06-08 17:29:00,31,진주지점,C4349F5D9,정현자,권채빈,010-2853-7646,서울,용산구 한남동,일반,반려동물,사료,1.6,27.0,25.0,18.0,2.02,2.02,소형,4000.0,2026-06-09,배송완료,2026-06-10 10:59:00,인터넷접수,2026-06-08 17:29:00,2026-06-09,1.6,27,2
3100001554,2026-08-03 10:55:00,31,진주지점,CAC1543B2,이정진,문수미,010-6500-7609,서울,용산구 후암동,일반,식품,쌀(햅쌀),6.4,26.0,18.0,22.0,1.72,6.4,중형,6000.0,2026-08-04,배송중,,편의점접수,2026-08-03 10:55:00,2026-08-04,6.4,26,6.4
1100001513,2026-06-09 17:21:00,11,서울지점,C81733BA7,김승미,박진서,010-2738-1397,서울,마포구 서교동,일반,생활용품,주방용품,4.3,33.0,34.0,28.0,5.24,5.24,중형,6000.0,2026-06-10,배송완료,2026-06-10 18:43:00,대리점,2026-06-09 17:21:00,2026-06-10,4.3,33,5.2
1200002000,2026-06-24 17:55:00,12,용산지점,C35D79120,이서현,황주진,010-3543-9257,서울,용산구 후암동,일반,반려동물,장난감,0.9,26.0,32.0,9.0,1.25,1.25,소형,4000.0,2026-06-25,배송완료,2026-06-25 18:43:00,편의점접수,2026-06-24 17:55:00,2026-06-25,0.9,26,1.2
3200000179,2026-05-21 12:01:00,32,거제지점,C189E144D,최승희,박지연,010-7154-1215,대구,달서구 상인동,일반,식품,과일선물세트,4.7,24.0,30.0,27.0,3.24,4.7,중형,6000.0,2026-05-22,배송완료,2026-05-26 14:42:00,편의점접수,2026-05-21 12:01:00,2026-05-22,4.7,24,4.7
2100002094,2026-07-14 13:46:00,21,대전지점,C4B3E2F79,정나빈,오아아,010-7726-8307,울산,남구 삼산동,일반,의류·패션,티셔츠,0.6,32.0,27.0,26.0,3.74,3.74,중형,6000.0,2026-07-15,배송 완료,2026-07-15 15:03:00,인터넷접수,2026-07-14 13:46:00,2026-07-15,0.6,32,3.7
3100002450,2026-05-11 11:13:00,31,진주지점,C7CC27CD0,김연란,류우빈,010-4293-4423,제주,서귀포시 중문동,제주,가구·침구,러그,4.5,51.0,47.0,44.0,17.58,17.58,대형,12000.0,2026-05-13,배송완료,2026-05-13 15:48:00,편의점접수,2026-05-11 11:13:00,2026-05-13,4.5,51,17.6
4100000008,2026-05-12 16:23:00,41,울산지점,C2D2B7552,강연식,이윤식,010-3721-9912,경북,안동시 옥동,일반,생활용품,휴지 30롤,0.9,28.0,28.0,19.0,2.48,2.48,소형,4000.0,2026-05-13,배송완료,2026-05-14 13:01:00,인터넷접수,2026-05-12 16:23:00,2026-05-13,0.9,28,2.5
1100000114,2026-07-28 10:35:00,11,서울지점,C949A5C41,김윤연,장은아,010-8157-4808,경기,수원시 영통구,일반,전자·디지털,키보드,5.0,29.0,30.0,10.0,1.45,5.0,소형,4000.0,2026-07-29,배송완료,2026-07-29 14:19:00,방문접수,2026-07-28 10:35:00,2026-07-29,5,29,5
3100001734,2026-06-18 19:36:00,31,진주지점,C3F443572,이호서,이지서,010-2923-5363,대전,중구 은행동,일반,화장품·미용,스킨케어세트,1.6,38.0,17.0,25.0,2.69,2.69,소형,4000.0,2026-06-19,배송완료,2026-06-19 17:00:00,인터넷접수,2026-06-18 19:36:00,2026-06-19,1.6,38,2.7
3100000085,2026-07-01 14:23:00,31,진주지점,C6913CDFA,이준란,최서연,010-9110-6539,서울,용산구 후암동,일반,의류·패션,청바지,1.9,47.0,37.0,29.0,8.41,8.41,중형,6000.0,2026-07-02,배송완료,2026-07-02 12:17:00,인터넷접수,2026-07-01 14:23:00,2026-07-02,1.9,47,8.4
1200000261,2026-06-26 16:29:00,12,용산지점,C3583DD03,한현진,유은서,010-7973-4231,전북,군산시 나운동,일반,식품,커피원두,1.6,37.0,24.0,17.0,2.52,2.52,소형,4000.0,2026-06-29,배송완료,2026-07-01 11:37:00,편의점접수,2026-06-26 16:29:00,2026-06-29,1.6,37,2.5
2100002788,2026-07-17 15:24:00,21,대전지점,CEAB145E9,임현호,최현철,105170656,경기,남양주시 다산동,일반,식품,현금,9.0,26.0,16.0,23.0,1.59,9.0,중형,6000.0,2026-07-20,미배송,2026-07-20 18:12:00,인터넷접수,2026-07-17 15:24:00,2026-07-20,9,26,9
1100000140,2026-08-03 17:02:00,11,서울지점,CF5236823,임진현,최현아,010-6758-3770,서울,용산구 원효로1가,일반,전자·디지털,충전기,2.8,24.0,25.0,20.0,2.0,2.8,소형,4000.0,2026-08-04,배송완료,2026-08-04 9:36:00,인터넷접수,2026-08-03 17:02:00,2026-08-04,2.8,24,2.8
3100002715,2026-06-10 16:18:00,31,진주지점,C66933097,조수란,황규연,010-2057-7226,경남,김해시 장유동,일반,식품,라면박스,2.5,34.0,19.0,18.0,1.94,2.5,소형,4000.0,2026-06-11,배송완료,2026-06-11 15:45:00,방문접수,2026-06-10 16:18:00,2026-06-11,2.5,34,2.5
2100001835,2026-05-26 10:26:00,21,대전지점,CAEF3511B,오은율,정아율,010-5353-9276,광주,광산구 수완동,일반,화장품·미용,헤어드라이어,0.5,40.0,26.0,12.0,2.08,2.08,소형,4000.0,2026-05-27,배송완료,2026-05-29 16:52:00,대리점,26-05-26 10:26,2026-05-27,0.5,40,2.1
1100001869,2026-05-02 12:15:00,11,서울지점,C58B04FBE,김민준,장호희,010-4740-3475,서울,마포구 서교동,일반,화장품·미용,향수,2.5,26.0,25.0,25.0,2.71,2.71,소형,2000.0,2026-05-04,배송완료,2026-05-04 13:50:00,인터넷접수,2026-05-02 12:15:00,2026-05-04,2.5kg,26,2.7
3100000676,2026-07-13 13:57:00,31,진주지점,C3309496C,정규준,이민연,010-2309-1201,서울,용산구 한남동,일반,반려동물,강아지옷,4.7,22.0,32.0,10.0,1.17,4.7,소형,4000.0,2026-07-14,미배송,,방문접수,2026-07-13 13:57:00,2026-07-14,4.7,22,4.7
1100002805,2026-06-12 11:17:00,11,서울지점,C3F7955B8,김채숙,이하환,010-9133-9562,서울,용산구 후암동,일반,생활용품,휴지,1.2,40.0,22.0,23.0,3.37,3.37,중형,6000.0,2026-06-15,배송완료,2026-06-15 14:15:00,편의점접수,2026-06-12 11:17:00,2026-06-15,1.2,40,3.4
1200001166,2026-06-08 10:28:00,12,용산지점,CE197137A,황승준,최성숙,010-3483-3696,울산,울주군 범서읍,일반,전자·디지털,공유기,0.5,20.0,22.0,12.0,0.88,0.88,극소형,3500.0,2026-06-09,배송완료,2026-06-09 10:33:00,편의점접수,2026-06-08 10:28:00,2026-06-09,0.5,20,0.9
4100000066,2026-07-27 16:39:00,41,울산지점,CD4D62986,신연현,김윤빈,010-4504-6055,서울,은평구 응암동,일반,도서·문구,도서,6.1,36.0,28.0,26.0,4.37,6.1,중형,6000.0,2026-07-28,배송완료,2026-07-28 13:04:00,편의점접수,2026-07-27 16:39:00,2026-07-28,6.1,36,6.1
4100002505,2026-05-13 14:28:00,41,울산지점,C7652ECDD,임시철,이주서,010-4549-4095,울산,북구 명촌동,일반,생활용품,주방용품,1.7,41.0,32.0,25.0,5.47,5.47,중형,6000.0,2026-05-14,배송완료,2026-05-14 14:39:00,인터넷접수,2026-05-13 14:28:00,2026-05-14,1.7,41,5.5
1200002679,2026-07-21 14:07:00,12,용산지점,CFA476EC7,이현란,김도빈,010-4565-1569,전북,군산시 나운동,일반,전자·디지털,주류,5.7,20.0,25.0,8.0,0.67,5.7,중형,6000.0,2026-07-22,미배송,2026-07-22 12:16:00,대리점,2026-07-21 14:07:00,2026/07/22,5.7,20,5.7
1100001954,2026-06-19 19:40:00,11,서울지점,C18D588D1,임성희,박아식(경비실),010-8626-5703,경남,진주시 충무공동,일반,의류·패션,코트,2.4,35.0,36.0,16.0,3.36,3.36,중형,6000.0,2026-06-22,미배송,,인터넷접수,2026-06-19 19:40:00,2026-06-22,2.4,35,3.4
1100000133,2026-07-06 14:04:00,11,서울지점,C7D39F823,류윤호,정민연,010-6093-6576,충남,당진시 수청동,일반,의류·패션,모자,2.1,42.0,38.0,17.0,4.52,4.52,중형,6000.0,2026-07-07,배송완료,2026-07-07 19:01:00,인터넷접수,2026-07-06 14:04:00,2026-07-07,2.1,42,4.5
1100000029,2026-06-05 10:20:00,11,서울지점,CAB4964BF,박수숙,문시아,010-6862-9291,대전,동구 가양동,일반,전자·디지털,태블릿케이스,2.3,32.0,18.0,10.0,0.96,2.3,소형,4000.0,2026-06-08,배송완료,2026-06-08 17:39:00,인터넷접수,2026-06-05 10:20:00,2026-06-08,2.3,32,2.3
4100002296,2026-05-13 16:09:00,41,울산지점,CABADDC1A,박주철,김재진,010-8734-2326,충북,충주시 연수동,일반,식품,된장,10.7,34.0,24.0,16.0,2.18,10.7,중형,6000.0,2026-05-14,배송완료,2026-05-14 19:18:00,대리점,2026-05-13 16:09:00,2026-05-14,10.7,34,10.7
1100002173,2026-06-29 12:20:00,11,서울지점,C61AE2A89,김지환,강아서,010-3005-7055,부산,부산진구 부전동,일반,의류·패션,원피스,1.4,39.0,30.0,27.0,5.26,5.26,중형,6000.0,2026-06-30,배송완료,2026-06-30 16:30:00,인터넷접수,2026-06-29 12:20:00,2026-06-30,1.4,39,5.3
1200001326,2026-06-19 17:21:00,12,용산지점,C66933097,조수란,유연원,105920110,경남,양산시 물금읍,일반,의류·패션,가방,2.1,50.0,37.0,30.0,9.25,9.25,중형,6000.0,2026-06-22,배송완료,2026-06-23 20:39:00,편의점접수,2026/06/19 17:21,2026-06-22,2.1,50,9.2
3200000501,2026-07-20 19:10:00,32,거제지점,CF0862B7B,조태란,송은준,010-5957-8003,경남,진주시 초전동,일반,식품,쌀,8.5,31.0,25.0,17.0,2.2,8.5,중형,6000.0,2026-07-21,배달완료,2026-07-26 9:22:00,편의점접수,2026-07-20 19:10:00,2026-07-21,8.5,31,8.5
1100000182,2026-06-02 18:15:00,11,서울지점,CB6306F90,이하희,이준식,010-8716-3098,서울,강남구 역삼동,일반,의류·패션,티셔츠,1.7,41.0,24.0,31.0,5.08,5.08,중형,6000.0,2026-06-03,배송완료,2026-06-03 14:41:00,편의점접수,2026-06-02 18:15:00,2026-06-03,1.7,41,1.7
1200002341,2026-07-13 15:47:00,12,용산지점,C8BD2AE09,김현영,박현자,010-2462-3280,울산,북구 명촌동,일반,화장품·미용,헤어드라이어,1.7,40.0,23.0,19.0,2.91,2.91,중형,6000.0,2026-07-14,배송완료,2026-07-14 16:23:00,편의점접수,2026-07-13 15:47:00,2026/07/14,1.7,40,2.9
2100002568,2026-05-06 19:59:00,21,대전지점,CDBBE6F88,오정율,박호원,010-6338-8734,강원,춘천시 퇴계동,일반,의류·패션,청바지,1.6,37.0,42.0,13.0,3.37,3.37,중형,6000.0,2026-05-07,배송완료,2026-05-07 16:20:00,인터넷접수,2026-05-06 19:59:00,2026-05-07,1.6,37,1.6
4100001803,2026-06-08 17:40:00,41,울산지점,C023306D3,김윤원,정은원,1049408266,경기,화성시 동탄,일반,전자·디지털,키보드,0.6,28.0,29.0,14.0,1.89,1.89,소형,4000.0,2026-06-09,회수,2026-06-11 15:37:00,인터넷접수,2026-06-08 17:40:00,2026-06-09,0.6,28,1.9
1200000674,2026-05-12 14:23:00,12,용산지점,CF8EA6E31,이태자,이현연,010-9856-6117,서울,용산구 한남동,일반,의류·패션,가방,2.1,32.0,36.0,20.0,3.84,3.84,중형,6000.0,2026-05-13,배송완료,2026-05-13 14:43:00,방문접수,2026-05-12 14:23:00,2026-05-13,2.1,32,3.8
4100001851,2026-05-06 11:54:00,41,울산지점,CF5E18C22,서수호,이서란,010-3394-7962,세종,새롬동,일반,식품,건어물,5.1,27.0,22.0,16.0,1.58,5.1,중형,6000.0,2026-05-07,배송완료,2026-05-07 12:00:00,인터넷접수,2026-05-06 11:54:00,2026-05-07,5.1,27,5.1
4100000468,2026-07-08 11:29:00,41,울산지점,C713DB183,김우진,신규원,010-4527-3271,경기,부천시 원미구,일반,전자·디지털,모니터,2.9,22.0,24.0,21.0,1.85,2.9,소형,4000.0,2026-07-09,배송완료,2026-07-09 13:36:00,인터넷접수,2026-07-08 11:29:00,2026-07-09,2.9,22,2.9
1200002826,2026-06-05 19:28:00,12,용산지점,CB1B775B4,이규숙,이지영,010-5667-1397,울산,중구 성남동,일반,식품,라면박스,8.6,25.0,30.0,28.0,3.5,8.6,중형,6000.0,2026-06-08,배송완료,2026-06-09 16:26:00,방문접수,2026-06-05 19:28:00,2026-06-08,8.6,25,8.6
3200000585,2026-06-01 11:07:00,32,거제지점,C54D2CF7F,양도경,김수철,010-5116-7066,서울,은평구 응암동,일반,전자·디지털,충전기,0.6,31.0,14.0,21.0,1.52,1.52,소형,4000.0,2026-06-02,배송완료,2026-06-09 15:34:00,방문접수,2026-06-01 11:07:00,2026-06-02,0.6,31,1.5
3100001646,2026-05-28 13:57:00,31,진주지점,C385D1FC3,한은호,황수진,010-4041-2342,서울,마포구 서교동,일반,도서·문구,필기구세트,3.5,38.0,19.0,20.0,2.41,3.5,소형,4000.0,2026-05-29,배송완료,2026-06-01 17:08:00,인터넷접수,2026-05-28 13:57:00,2026-05-29,3.5,38,3.5
1100001041,2026-06-08 09:33:00,11,서울지점,CC0FB2BC2,송현숙,이승환 님,,충남,아산시 배방읍,일반,화장품·미용,스킨케어세트,3.0,29.0,15.0,20.0,1.45,3.0,소형,4000.0,2026-06-09,배송완료,2026-06-09 16:48:00,편의점접수,2026-06-08 9:33:00,2026-06-09,3,29,3
3200002131,2026-06-12 16:48:00,32,거제지점,C352156C7,이재호,이성식,010-9569-1190,경기,남양주시 다산동,일반,가구·침구,커튼,14.1,60.0,32.0,44.0,14.08,14.1,대형,9000.0,2026-06-15,배송완료,2026-06-15 10:00:00,편의점접수,2026-06-12 16:48:00,2026-06-15,999,60,14.1
1100000223,2026-06-08 15:09:00,11,서울지점,C3D2F6C54,김민미,오성빈,010-5434-1156,인천,연수구 송도동,일반,의류·패션,청바지,2.3,34.0,40.0,21.0,4.76,4.76,중형,6000.0,2026-06-09,배송완료,2026-06-09 18:19:00,인터넷접수,2026-06-08 15:09:00,2026-06-09,2.3,34,2.3
2100000898,2026-05-26 15:03:00,21,대전지점,CB278F99A,최승희,장규아,010-5040-3350,울산,남구 삼산동,일반,생활용품,청소기필터,2.1,48.0,39.0,20.0,6.24,6.24,중형,6000.0,2026-05-27,배송완료,2026-05-29 14:33:00,대리점,2026-05-26 15:03:00,2026-05-27,2.1,48,6.2
1100000156,2026-07-13 13:48:00,11,서울지점,C3392CF74,전규자,이현호,010-3718-3449,서울,용산구 원효로1가,일반,의류·패션,코트,1.6,43.0,25.0,22.0,3.94,3.94,중형,6000.0,2026-07-14,배송완료,2026-07-14 13:39:00,편의점접수,2026-07-13 13:48:00,2026.07.14,1.6kg,43,3.9
1100000070,2026-07-06 13:54:00,11,서울지점,CE3AE9273,이영아,권은란,010-9933-8053,세종,새롬동,일반,의류·패션,가방,1.6,49.0,30.0,12.0,2.94,2.94,중형,6000.0,2026-07-07,배송완료,2026-07-08 10:04:00,인터넷접수,2026-07-06 13:54:00,2026-07-07,1.6,49,2.9
1100002491,2026-07-20 12:07:00,11,서울지점,C6ADB3DE6,최성숙,이태미,010-2361-7995,서울,노원구 상계동,일반,의류·패션,가방,1.4,33.0,28.0,25.0,3.85,3.85,중형,6000.0,2026-07-21,배송완료,2026-07-21 16:21:00,인터넷,2026-07-20 12:07:00,2026-07-21,1.4,33,3.9
2100000844,2026-07-02 15:19:00,21,대전지점,C21A998D0,조현빈,이현숙,010-3176-2890,대구,수성구 범어동,일반,의류·패션,청바지,0.4,41.0,23.0,23.0,3.61,3.61,중형,6000.0,2026-07-03,배송완료,2026-07-03 20:47:00,방문접수,2026-07-02 15:19:00,2026-07-03,0.4,41,3.6
1200002756,2026-05-14 10:42:00,12,용산지점,C02B565C7,김시서,송진영,1035137791,전북,군산시 나운동,일반,식품,김,1.5,26.0,28.0,20.0,2.43,2.43,소형,4000.0,2026-05-15,배송완료,2026-05-15 16:46:00,인터넷접수,2026.05.14 10시42분,2026-05-15,1.5,26,2.4
4100000274,2026-07-16 14:52:00,41,울산지점,C6607CB09,오예준,박우숙,010-7230-7316,대전,유성구 노은동,일반,식품,김치통,9.3,21.0,30.0,19.0,2.0,9.3,중형,6000.0,2026-07-17,배송완료,2026-07-17 17:43:00,방문접수,2026-07-16 14:52:00,2026-07-17,9.3,21,9.3
4100000740,2026-07-23 16:20:00,41,울산지점,CFA615E5A,이채식,김도연,010-9139-1962,울산,중구 성남동,일반,의류·패션,모자,0.5,47.0,39.0,20.0,6.11,6.11,중형,6000.0,2026-07-24,배송완료,2026-07-24 14:54:00,대리점,2026-07-23 16:20:00,2026-07-24,0.5,47,6.1
1200000425,2026-07-17 17:55:00,12,용산지점,CC12CBE69,이우영,이성영,010-8217-9800,전남,순천시 조례동,일반,의류·패션,티셔츠,0.6,45.0,34.0,22.0,5.61,5.61,중형,6000.0,2026-07-20,배송완료,2026-07-22 17:35:00,편의점접수,2026-07-17 17:55:00,2026-07-20,0.6,45,5.6
2100002733,2026-07-08 16:42:00,21,대전지점,CE3B3DB06,류진아,강규아,1065629632,인천,부평구 부평동,일반,의류·패션,청바지,0.4,49.0,22.0,24.0,4.31,4.31,중형,6000.0,2026-07-09,배송완료,2026-07-09 10:04:00,인터넷접수,2026-07-08 16:42:00,2026-07-09,0.4,49,4.3
3100000823,2026-06-23 15:23:00,31,진주지점,C2ED2A7C1,이지경,윤예란,010-3332-6818,서울,은평구 응암동,일반,식품,커피원두,5.1,32.0,18.0,19.0,1.82,5.1,중형,6000.0,2026-06-24,배송완료,2026-06-24 12:57:00,대리점,2026-06-23 15:23:00,2026-06-24,5.1,32,5.1
1200001801,2026-05-25 13:40:00,12,용산지점,C713DB183,김우진,박은식,010-2926-8443,전북,전주시 덕진구,일반,식품,김,7.9,27.0,20.0,18.0,1.62,7.9,중형,6000.0,2026-05-26,배송완료,2026-05-26 20:18:00,편의점접수,2026-05-25 13:40:00,2026-05-26,7.9,27,7.9
2100001223,2026-06-14 14:40:00,21,대전지점,CE03F2A5F,김서미,권유희,010-4495-8044,부산,동래구 온천동,일반,전자·디지털,충전기,4.0,39.0,29.0,17.0,3.2,4.0,중형,6000.0,2026-06-15,배송완료,2026-06-15 16:51:00,편의점접수,2026/06/14 14:40,2026-06-15,4,39,4
4100002969,2026-06-01 16:21:00,41,울산지점,C66F7516E,김하철,김민철,,울산,울주군 범서읍,일반,식품,쌀,3.8,24.0,23.0,23.0,2.12,3.8,소형,4000.0,2026-06-02,배송완료,2026-06-02 17:57:00,대리점,2026-06-01 16:21:00,2026-06-02,3.8,24,3.8
1100002984,2026-07-21 10:53:00,11,서울지점,CEF20701F,오연우,정재숙,010-6222-1139,부산,해운대구 우동,일반,의류·패션,패딩,0.7,31.0,40.0,24.0,4.96,4.96,중형,6000.0,2026-07-22,배송완료,,방문접수,07/21/2026 10:53,2026-07-22,0.7,31,5
1100001381,2026-06-10 16:54:00,11,서울지점,C3D61795D,유지준,김은빈,010-3671-8925,대구,북구 침산동,일반,식품,과일선물세트,2.4,27.0,28.0,14.0,1.76,2.4,소형,4000.0,2026-06-11,배송완료,2026-06-11 19:03:00,방문,2026-06-10 16:54:00,2026-06-11,2.4,27,2.4
1100000011,2026-05-14 14:51:00,11,서울지점,C16EFA169,김나아,권재진,010-2130-6823,경기,남양주시 다산동,일반,반려동물,고양이모래,5.3,30.0,17.0,23.0,1.96,5.3,중형,6000.0,2026-05-15,배송완료,2026-05-15 9:23:00,방문접수,2026-05-14 14:51:00,2026-05-15,5.3,30,5.3
2100000822,2026-06-23 14:13:00,21,대전지점,CED9C27D6,김시란,조태율,010-4842-3578,경남,진주시 평거동,일반,의류·패션,원피스,1.4,40.0,,21.0,,1.4,극소형,3500.0,2026-06-24,배송완료,2026-06-24 14:48:00,방문접수,2026-06-23 14:13:00,2026-06-24,1.4,40,5.5
2100002330,2026-08-01 16:50:00,21,대전지점,C406DC71C,이호우,서수아,,대전,유성구 노은동,일반,생활용품,수납함,3.4,49.0,39.0,17.0,5.41,5.41,중형,6000.0,2026-08-03,배송중,,편의점접수,2026-08-01 16:50:00,2026-08-03,3.4,49,5.4
3200001765,2026-07-21 15:08:00,32,거제지점,C7D97427E,이은미,김연자,010-2685-2741,서울,용산구 청파동,일반,의류·패션,청바지,1.3,28.0,26.0,19.0,2.31,2.31,소형,4000.0,2026-07-22,배송완료,2026-07-29 13:56:00,편의점접수,2026-07-21 15:08:00,2026-07-22,1.3,28,2.3
1100002671,2026-05-04 17:40:00,11,서울지점,C4349F5D9,정현자,박채환,010-8286-5446,서울,강남구 역삼동,일반,전자·디지털,태블릿케이스,0.4,25.0,22.0,16.0,1.47,1.47,극소형,4000.0,2026-05-05,배송완료,2026-05-05 13:19:00,대리점,2026-05-04 17:40:00,2026-05-05,0.4,25,1.5
1100002342,2026-05-04 17:21:00,11,서울지점,C0FB8FD70,이도아,한연서(경비실),108653575,전남,목포시 하당,일반,의류·패션,모자,2.0,50.0,37.0,23.0,7.09,7.09,중형,6000.0,2026-05-05,배송완료,2026-05-05 12:34:00,인터넷접수,2026-05-04 17:21:00,2026-05-05,2,50,7.1
3100000376,2026-05-27 19:44:00,31,진주지점,C98A4BF3B,박윤경,박호란,010-8524-1258,경기,부천시 원미구,일반,의류·패션,가방,2.4,39.0,,28.0,,2.4,중형,6000.0,2026-05-28,배송완료,2026-05-28 19:45:00,대리점,2026-05-27 19:44:00,2026-05-28,2.4,39,7.3
3100000396,2026-06-26 15:24:00,31,진주지점,CB311F11D,강하희,박나란,010-2555-7028,경기,용인시 기흥구,일반,전자·디지털,이어폰,5.9,36.0,28.0,15.0,2.52,5.9,중형,6000.0,2026-06-29,배송완료,2026-06-30 18:28:00,인터넷접수,2026-06-26 15:24:00,2026-06-29,5.9,36,5.9
2100002847,2026-05-25 17:18:00,21,대전지점,C1EE5E717,전호숙,김수환,010-9084-6149,부산,해운대구 우동,일반,가구·침구,이불세트,2.9,44.0,,40.0,,2.9,대형,9000.0,2026-05-26,배송완료,2026-05-27 14:36:00,인터넷접수,2026-05-25 17:18:00,2026-05-26,2.9kg,44,16.1
1200001220,2026-06-22 11:03:00,12,용산지점,CBABD6710,김승숙,배은호(직접수령),010-6008-2902,대전,유성구 봉명동,일반,생활용품,빨래건조대,5.3,,28.0,29.0,,5.3,중형,6000.0,2026-06-23,완료,2026-06-25 11:41:00,편의점 접수,2026-06-22 11:03:00,2026-06-23,5.3,-10,5.3
3200001179,2026-07-13 15:13:00,32,거제지점,C58B04FBE,김민준,김은경 님,010-6957-9431,서울,용산구 한남동,일반,전자·디지털,모니터,4.8,27.0,17.0,17.0,1.3,4.8,소형,4000.0,2026-07-14,미배송,,방문접수,26-07-13 15:13,2026-07-14,4.8,27,4.8
1200001113,2026-07-27 10:47:00,12,용산지점,C698B35E0,허민율,김지희,010-3949-3334,경남,창원시 성산구,일반,의류·패션,의약품,2.5,38.0,35.0,17.0,3.77,3.77,중형,6000.0,2026-07-28,미배송,2026-07-29 9:23:00,편의점접수,2026-07-27 10:47:00,2026-07-28,2.5,38,3.8
4100002076,2026-05-25 18:35:00,41,울산지점,CDBF463CD,김성철,김태환,010-4862-7442,경기,용인시 기흥구,일반,식품,된장,2.4,25.0,20.0,26.0,2.17,2.4,소형,4000.0,2026-05-26,배송완료,2026-05-26 20:58:00,방문,2026/05/25 18:35,2026-05-26,2.4,25,2.4
1200002048,2026-05-04 10:01:00,12,용산지점,C32C3F080,손시자,이윤철,010-8014-1023,경남,양산시 물금읍,일반,식품,건어물,2.4,26.0,20.0,28.0,2.43,2.43,소형,4000.0,2026-05-05,배송완료,2026-05-05 14:30:00,인터넷접수,2026-05-04 10:01:00,2026-05-05,2.4,26,2.4
4100001291,2026-05-04 19:28:00,41,울산지점,C902C504C,이지진,박도율,010-7178-7744,서울,용산구 한남동,일반,화장품·미용,스킨케어세트,0.8,38.0,27.0,12.0,2.05,2.05,소형,4000.0,2026-05-05,배송완료,2026-05-06 11:47:00,방문접수,2026-05-04 19:28:00,2026-05-05,0.8,38,2.1
3200001499,2026-06-29 10:29:00,32,거제지점,C292523D7,이정미,김채우(경비실),010-3917-8396,서울,용산구 한남동,일반,의류·패션,티셔츠,0.3,40.0,27.0,13.0,2.34,2.34,소형,4000.0,2026-06-30,배송완료,2026-07-03 10:58:00,인터넷접수,2026-06-29 10:29:00,2026-06-30,0.3,40,2.3
4100001982,2026-05-14 13:10:00,41,울산지점,C56DE763E,김영서,이준경,010-9177-9089,울산,울주군 범서읍,일반,화장품·미용,스킨케어세트,2.2,37.0,27.0,15.0,2.5,2.5,소형,4000.0,2026-05-15,배송완료,2026-05-15 17:29:00,방문접수,2026-05-14 13:10:00,2026-05-15,2.2,37cm,2.5
3200000195,2026-07-20 14:51:00,32,거제지점,CED9C27D6,김시란,김주빈,010-7266-3740,대전,유성구 노은동,일반,의류·패션,패딩,2.1,35.0,27.0,15.0,2.36,2.36,소형,4000.0,2026-07-21,배송완료,2026-07-26 18:19:00,편의점접수,2026-07-20 14:51:00,2026-07-21,2.1,35,2.4
3200001916,2026-06-15 15:28:00,32,거제지점,C1EE5E717,전호숙,강규율,104629680,제주,제주시 노형동,제주,식품,커피원두,2.5,24.0,20.0,24.0,1.92,2.5,소형,7000.0,,배송완료,2026-06-22 11:21:00,편의점접수,2026-06-15 15:28:00,,2.5,24,2.5
4100001574,2026-05-04 12:48:00,41,울산지점,CA7101B4A,정영아,김민숙,010-6394-2242,세종,조치원읍,일반,반려동물,사료,3.1,37.0,30.0,15.0,2.78,3.1,중형,6000.0,2026-05-05,배송완료,2026-05-05 17:17:00,인터넷접수,2026-05-04 12:48:00,2026-05-05,3.1,37,3.1
1100000902,2026-07-26 18:59:00,11,서울지점,CF1C330AC,김승진,류영빈,010-9826-7670,대전,유성구 노은동,일반,전자·디지털,키보드,1.4,30.0,23.0,12.0,1.38,1.4,소형,4000.0,2026-07-27,회수,2026-07-27 15:16:00,방문접수,2026-07-26 18:59:00,2026-07-27,1.4,30,1.4
2100000737,2026-05-26 11:42:00,21,대전지점,C77D07313,조채경,임준율,010-6153-3080,대전,서구 둔산동,일반,의류·패션,패딩,1.5,39.0,41.0,13.0,3.46,3.46,중형,6000.0,2026-05-27,배송완료,2026-05-27 9:24:00,인터넷접수,2026-05-26 11:42:00,2026-05-27,1.5,39,3.5
2100002289,2026-06-29 14:43:00,21,대전지점,C4F6299D8,이현호,이나영(직접수령),010-5260-2313,서울,용산구 한남동,일반,전자·디지털,충전기,3.0,21.0,26.0,13.0,1.18,3.0,소형,4000.0,2026-06-30,배송완료,2026-06-30 11:25:00,인터넷접수,2026-06-29 14:43:00,2026-06-30,3,21,3
1100000878,2026-06-12 10:29:00,11,서울지점,C3D61795D,유지준,박호율,010-7949-8036,서울,용산구 청파동,일반,화장품·미용,향수,1.3,23.0,28.0,22.0,2.36,2.36,소형,4000.0,2026-06-15,배송완료,2026-06-15 20:53:00,방문접수,2026-06-12 10:29:00,2026-06-15,1.3,23,2.4
4100002946,2026-07-27 11:36:00,41,울산지점,C268C8CBD,김주연,박승식,103893830,부산,동래구 온천동,일반,생활용품,수납함,4.7,46.0,39.0,31.0,9.27,9.27,중형,6000.0,2026-07-28,반송,,편의점접수,2026-07-27 11:36:00,2026-07-28,4.7,46,9.3
4100002426,2026-07-27 12:17:00,41,울산지점,C17A1CFD8,조지호,김영란,010-9332-6948,강원,속초시 조양동,일반,생활용품,세제(대용량),2.0,32.0,30.0,28.0,4.48,4.48,중형,6000.0,2026-07-28,배송완료,2026-07-28 17:05:00,방문접수,2026-07-27 12:17:00,2026-07-28,2,32,2
3200002661,2026-07-16 11:04:00,32,거제지점,C587A10F8,신정서,박도경,010-7690-6367,울산,중구 성남동,일반,식품,김치통,11.0,32.0,15.0,14.0,1.12,11.0,중형,6000.0,2026-07-17,배송완료,2026-07-17 13:11:00,편의점접수,2026-07-16 11:04:00,2026-07-17,11,32,11
2100000113,2026-05-22 11:45:00,21,대전지점,CF1134FFC,김시숙,김예철,010-4158-6668,대전,동구 가양동,일반,생활용품,주방용품,2.8,29.0,23.0,28.0,3.11,3.11,소형,4000.0,2026-05-25,배송완료,2026-05-25 14:39:00,인터넷접수,2026-05-22 11:45:00,2026-05-25,2.8,29,3.1
2100001156,2026-07-03 16:10:00,21,대전지점,C57285F15,서지영,이우환,010-9394-3155,제주,서귀포시 중문동,제주,도서·문구,필기구세트,3.4,26.0,19.0,16.0,1.32,3.4,소형,7000.0,2026-07-07,미배달,,인터넷접수,2026-07-03 16:10:00,2026-07-07,3.4,26,3.4
1200002606,2026-08-03 14:12:00,12,용산지점,CCE5836E9,박민희,홍은식,,서울,은평구 응암동,일반,의류·패션,모자,5.1,42.0,29.0,25.0,5.08,5.1,중형,6000.0,2026-08-04,배달완료,2026-08-05 17:53:00,대리점,2026-08-03 14:12:00,2026-08-04,-1,42,5.1
1200001038,2026-05-06 18:34:00,12,용산지점,C0FB8FD70,이도아,안도우,010-4217-9138,울산,울주군 범서읍,일반,전자·디지털,키보드,0.4,35.0,24.0,11.0,1.54,1.54,소형,4000.0,2026-05-07,배송완료,2026-05-07 12:00:00,방문접수,2026-05-06 18:34:00,2026-05-07,0.4,35,1.5
1100002516,2026-05-22 11:39:00,11,서울지점,C5809D9C3,송유빈,송주아,010-6223-9650,경기,남양주시 다산동,일반,식품,된장,9.7,34.0,22.0,21.0,2.62,9.7,대형,6000.0,2026-05-25,배송완료,2026-05-25 19:41:00,대리점,2026-05-22 11:39:00,2026-05-25,9.7,34,9.7
2100000994,2026-06-07 16:30:00,21,대전지점,C86E2233F,강진현,이아준,010-2912-5819,울산,동구 방어동,일반,의류·패션,모자,1.5,48.0,36.0,15.0,4.32,4.32,중형,6000.0,2026-06-08,배송완료,2026-06-08 10:33:00,인터넷접수,2026-06-07 16:30:00,2026-06-08,1.5,48,4.3
3200002896,2026-07-29 17:32:00,32,거제지점,C94E969BF,김서영,송서진,010-4703-1985,경남,진주시 충무공동,일반,전자·디지털,충전기,1.4,30.0,21.0,19.0,2.0,2.0,소형,4000.0,2026-07-30,배송완료,2026-07-30 14:35:00,편의점접수,2026-07-29 17:32:00,2026-07-30,1.4,30,2
1100000771,2026-07-21 12:59:00,11,서울지점,C3309496C,정규준,김준진,010-4437-1681,인천,서구 청라동,일반,의류·패션,모자,0.5,41.0,31.0,32.0,6.78,6.78,중형,6000.0,2026-07-22,배송완료,2026-07-23 19:33:00,대리점,2026-07-21 12:59:00,2026-07-22,0.5,41,6.8
2100000846,2026-07-01 12:20:00,21,대전지점,CBA9BDEB1,김도환,김주식,010-9484-8163,충남,서산시 동문동,일반,전자·디지털,태블릿케이스,1.2,36.0,17.0,16.0,1.63,1.63,소형,4000.0,2026-07-02,배송완료,2026-07-02 16:41:00,방문접수,2026-07-01 12:20:00,2026-07-02,1.2,36,1.6
3200002163,2026-05-29 15:52:00,32,거제지점,C2A0208D5,손규영,이예준,010-8027-8295,경남,진주시 초전동,일반,의류·패션,코트,0.6,31.0,28.0,14.0,2.03,2.03,소형,4000.0,2026-06-01,미배송,,편의접수,2026-05-29 15:52:00,2026-06-01,0.6,31,2
4100001965,2026-06-20 18:01:00,41,울산지점,C345C37A8,김유준,박윤식,010-5012-2880,울산,동구 방어동,일반,도서·문구,도서,6.8,38.0,23.0,12.0,1.75,6.8,중형,6000.0,2026-06-22,배송완료,2026-06-22 10:35:00,인터넷접수,2026-06-20 18:01:00,2026-06-22,6.8,38,6.8
3200000526,2026-07-27 09:22:00,32,거제지점,C00CF4F70,권하호,조도아,010-9842-1996,서울,은평구 응암동,일반,식품,건어물,6.4,38.0,17.0,28.0,3.01,6.4,중형,6000.0,2026-07-28,배송완료,,인터넷접수,2026-07-27 9:22:00,2026-07-28,6.4,38,6.4
1200002712,2026-05-13 13:40:00,12,용산지점,CAD2C2D3E,정우호,홍은아,010-2562-1643,경북,포항시 남구,일반,의류·패션,원피스,1.9,46.0,27.0,21.0,4.35,4.35,중형,6000.0,2026-05-14,배송완료,2026-05-14 18:52:00,편의점접수,2026-05-13 13:40:00,2026-05-14,1.9,46,4.3
4100000873,2026-05-07 13:39:00,41,울산지점,CA22D79E7,이은연,최유빈,,제주,제주시 연동,제주,생활용품,주방용품,5.9,37.0,31.0,24.0,4.59,5.9,중형,9000.0,2026-05-11,배송완료,2026-05-13 13:15:00,방문접수,2026-05-07 13:39:00,2026-05-11,5.9,37,5.9
1100001824,2026-08-02 17:35:00,11,서울지점,C852DC4BE,박준란,최지미,010-5465-1086,부산,사하구 하단동,일반,생활용품,청소기필터,4.0,28.0,23.0,16.0,1.72,4.0,소형,4000.0,2026-08-03,배송완료,2026-08-03 12:50:00,편의점접수,2026-08-02 17:35:00,2026-08-03,4,28,4
3100001117,2026-06-02 16:49:00,31,진주지점,CCC4B1991,박지빈,강수연,010-5665-8564,대구,수성구 범어동,일반,가구·침구,베개,3.1,54.0,33.0,35.0,10.4,10.4,대형,9000.0,2026-06-03,배송완료,2026-06-04 18:44:00,편의점접수,2026-06-02 16:49:00,2026-06-03,3.1,54,10.4
4100000432,2026-06-08 09:27:00,41,울산지점,CBC9CA22C,김정서,박태아,010-2652-3167,경남,진주시 충무공동,일반,화장품·미용,향수,1.3,38.0,23.0,21.0,3.06,3.06,중형,6000.0,2026-06-09,배송완료,2026-06-09 16:56:00,인터넷접수,2026-06-08 9:27:00,2026-06-09,1.3,38,1.3
3200001093,2026-06-11 11:05:00,32,거제지점,C5FFDDAF1,윤주미,이예진,010-5567-2741,경남,김해시 장유동,일반,전자·디지털,이어폰,2.1,38.0,21.0,20.0,2.66,2.66,소형,4000.0,2026-06-12,배송완료,2026-06-12 18:20:00,편의점접수,2026-06-11 11:05:00,2026-06-12,2.1,38,2.7
1200001270,2026-07-20 15:24:00,12,용산지점,C08B2E406,박현현,신우연,010-5707-3895,서울,용산구 한남동,일반,전자·디지털,태블릿케이스,1.9,26.0,19.0,23.0,1.89,1.9,소형,4000.0,2026-07-21,배송완료,2026-07-21 12:45:00,방문접수,2026-07-20 15:24:00,2026-07-21,1.9,26,1.9
3200002437,2026-06-11 14:49:00,32,거제지점,C3599AA39,박채빈,정주빈 님,010-9690-9010,울산,울주군 범서읍,일반,화장품·미용,향수,1.7,30.0,18.0,19.0,1.71,1.71,소형,4000.0,2026-06-12,미배송,,방문접수,2026-06-11 14:49:00,2026-06-12,1.7,30,1.7
1200000135,2026-07-23 12:03:00,12,용산지점,C6AFB8A38,이현연,김성연,010-7521-7851,인천,남동구 구월동,일반,가구·침구,베개,5.1,64.0,46.0,33.0,16.19,16.19,대형,9000.0,2026-07-24,배송완료,2026-07-28 15:36:00,편의점접수,2026-07-23 12:03:00,2026-07-24,5.1,64,16.2
4100001777,2026-06-08 16:31:00,41,울산지점,C8ECBE8E5,최하아,안수철,,서울,강남구 역삼동,일반,식품,백미,11.4,23.0,18.0,12.0,0.83,11.4,중형,6000.0,2026-06-09,배송완료,2026-06-10 18:52:00,방문,2026-06-08 16:31:00,2026-06-09,-1,23,11.4
1100000977,2026-07-19 10:31:00,11,서울지점,C89DE6C47,강수연,김호원,010-6639-7463,경남,창원시 성산구,일반,의류·패션,청바지,1.2,49.0,42.0,18.0,6.17,6.17,중형,9000.0,2026-07-20,배송완료,2026-07-20 13:59:00,방문접수,2026-07-19 10:31:00,2026-07-20,1.2,49,6.2
1200001305,2026-06-17 17:19:00,12,용산지점,C8F1261F4,이영경,조채미,010-5837-5650,서울,노원구 상계동,일반,의류·패션,티셔츠 2장,2.0,44.0,24.0,15.0,2.64,2.64,중형,6000.0,2026-06-18,배송완료,2026-06-18 9:33:00,편의점접수,2026-06-17 17:19:00,2026-06-18,2,44,2.6
2100000785,2026-05-18 12:41:00,21,대전지점,CE5ECC571,손하호,김나희,010-8625-7913,경기,남양주시 다산동,일반,식품,커피원두,3.8,32.0,17.0,25.0,2.27,3.8,소형,4000.0,2026-05-19,배송완료,2026-05-21 12:55:00,편의점접수,2026-05-18 12:41:00,2026-05-19,3.8,32,3.8
4100002729,2026-06-18 17:31:00,41,울산지점,C3309496C,정규준,김영율,010-4578-9890,경남,거제시 장승포동,일반,화장품·미용,샴푸,1.1,40.0,16.0,20.0,2.13,2.13,소형,4000.0,2026-06-19,배송완료,2026-06-19 10:31:00,인터넷접수,2026-06-18 17:31:00,2026-06-19,1.1,40,2.1
1100002201,2026-07-03 17:11:00,11,서울지점,CEF20701F,오연우,임아연,010-8906-5946,대전,대덕구 송촌동,일반,전자·디지털,공유기,5.2,25.0,15.0,25.0,1.56,5.2,중형,6000.0,2026-07-06,배송완료,2026-07-06 20:59:00,인터넷접수,2026-07-03 17:11:00,2026-07-06,5.2,25,5.2
3200000275,2026-06-26 16:44:00,32,거제지점,C1384513B,김우호,이진연,010-9504-1560,충남,아산시 배방읍,일반,식품,라면박스,8.3,22.0,16.0,26.0,1.53,8.3,중형,6000.0,2026-06-29,배송완료,2026-07-02 17:19:00,편의점접수,2026-06-26 16:44:00,2026-06-29,8.3,22,8.3
2100001035,2026-07-02 15:16:00,21,대전지점,C1DE4EC07,이정숙,강서영,010-8690-1188,충남,당진시 수청동,일반,화장품·미용,샴푸,0.5,39.0,19.0,22.0,2.72,2.72,소형,4000.0,,미배송,,편의점접수,2026-07-02 15:16:00,,0.5,39,2.7
2100001951,2026-06-25 11:28:00,21,대전지점,C0F85F6F5,이서식,이규식,010 5191 2580,경남,창원시 성산구,일반,전자·디지털,공유기,1.5,40.0,31.0,,,1.5,중형,6000.0,2026-06-26,배송완료,2026-06-26 10:28:00,대리점,2026-06-25 11:28:00,2026-06-26,1.5,40,5.2
1100002320,2026-07-16 16:01:00,11,서울지점,C1CC93C66,박지아,이현환,010-2459-1053,경기,고양시 일산동구,일반,식품,건어물,11.0,35.0,24.0,17.0,2.38,11.0,중형,6000.0,2026-07-17,배송완료,2026-07-17 9:27:00,편의점접수,2026-07-16 16:01:00,2026-07-17,11,35,11
1200002049,2026-06-01 12:42:00,12,용산지점,CF735909D,이민숙,이우식,010-8401-1448,대전,동구 가양동,일반,생활용품,수납함,0.7,38.0,39.0,26.0,6.42,6.42,중형,6000.0,2026-06-02,배송완료,2026-06-09 20:20:00,방문접수,2026-06-01 12:42:00,2026-06-02,0.7,38,6.4
3200000560,2026-07-16 12:16:00,32,거제지점,C004808A8,김재란,장정연,010-6339-6597,대구,북구 침산동,일반,생활용품,휴지,3.4,32.0,37.0,28.0,5.53,5.53,중형,6000.0,2026-07-17,배송완료,2026-07-17 9:37:00,대리점,2026-07-16 12:16:00,2026-07-17,3.4,32,5.5
1100000653,2026-05-06 15:17:00,11,서울지점,CA8DF611B,신재미,장도아,,경기,남양주시 다산동,일반,가구·침구,베개,1.3,70.0,46.0,27.0,14.49,14.49,대형,9000.0,2026-05-07,배송완료,2026-05-07 17:11:00,대리점,2026-05-06 15:17:00,2026-05-07,1.3,70,14.5
1100000236,2026-05-29 18:48:00,11,서울지점,CB2C43039,이윤숙,김윤자,010-6968-3270,경기,고양시 일산동구,일반,의류·패션,원피스,1.4,36.0,40.0,20.0,4.8,4.8,중형,6000.0,2026-06-01,배송완료,2026-06-01 15:12:00,인터넷접수,2026-05-29 18:48:00,2026-06-01,1.4,36,4.8
1200001279,2026-07-06 11:04:00,12,용산지점,C09C98BF7,김도준,정주란,010-7241-8265,충남,천안시 서북구,일반,도서·문구,책 30권,4.3,29.0,24.0,19.0,2.2,4.3,소형,4000.0,2026-07-07,배송완료,2026-07-08 17:21:00,방문접수,2026-07-06 11:04:00,2026-07-07,4.3,29,4.3
1100002401,2026-07-01 18:53:00,11,서울지점,C9EE95090,김호환,박성영(직접수령),010-2348-7516,부산,부산진구 부전동,일반,생활용품,빨래건조대,1.2,46.0,25.0,25.0,4.79,4.79,중형,6000.0,2026-07-02,배송완료,2026-07-03 11:42:00,편의점접수,2026-07-01 18:53:00,2026-07-02,1.2,46,4.8
1200001182,2026-06-15 15:00:00,12,용산지점,C1D6C071F,김정아,박채서,010-3321-4467,대전,대덕구 송촌동,일반,식품,된장,4.7,21.0,17.0,28.0,1.67,4.7,소형,4000.0,2026-06-16,배송완료,2026-06-17 18:15:00,방문접수,2026-06-15 15:00:00,2026-06-16,4.7,21,4.7
4100002059,2026-05-24 11:08:00,41,울산지점,CFDE1F0DE,안주원,류하호,010-7885-4030,서울,용산구 원효로1가,일반,식품,쌀 20kg,10.5,32.0,24.0,24.0,3.07,10.5,중형,6000.0,2026-05-25,배송완료,2026-05-25 19:36:00,인터넷접수,2026-05-24 11:08:00,2026-05-25,10.5,32,10.5
1100001199,2026-06-01 09:01:00,11,서울지점,C2A40795A,이유원,임성식,010-9483-2793,경기,부천시 원미구,일반,전자·디지털,이어폰,0.7,24.0,30.0,13.0,1.56,1.56,소형,4000.0,2026-06-02,배송완료,2026-06-02 17:56:00,인터넷접수,2026-06-01 9:01:00,2026-06-02,0.7,24,1.6
1100000907,2026-06-10 14:26:00,11,서울지점,CDFC08536,김준빈,김호숙,,인천,연수구 송도동,일반,의류·패션,모자,2.4,40.0,28.0,30.0,5.6,5.6,중형,6000.0,2026-06-11,배송완료,2026-06-11 9:58:00,대리점,2026-06-10 14:26:00,2026-06-11,2.4,40,5.6
4100000774,2026-07-20 18:41:00,41,울산지점,C8D25A518,김우철,남재환,010-3361-2099,경남,거제시 장승포동,일반,의류·패션,운동화,2.4,45.0,25.0,32.0,6.0,6.0,중형,6000.0,2026-07-21,배송완료,2026-07-21 16:16:00,편의점접수,2026-07-20 18:41:00,2026-07-21,2.4,45,6
4100001225,2026-07-21 17:33:00,41,울산지점,CFDBA502C,윤채식,김도원,010-3278-9868,부산,사하구 하단동,일반,의류·패션,청바지,2.2,30.0,23.0,12.0,1.38,2.2,소형,4000.0,2026-07-22,배송완료,2026-07-23 12:30:00,방문접수,2026-07-21 17:33:00,2026-07-22,2.2,30cm,2.2
1200000736,2026-07-02 14:15:00,12,용산지점,C020CAE71,박은자,김진우,010-6589-4096,서울,용산구 이태원동,일반,의류·패션,원피스,2.1,32.0,37.0,20.0,3.95,3.95,중형,6000.0,2026-07-03,배송완료,2026-07-06 18:23:00,편의점접수,2026-07-02 14:15:00,2026-07-03,2.1,32,3.9
1200001583,2026-07-17 17:13:00,12,용산지점,CF949DB73,전성철,김윤원,,울산,동구 방어동,일반,의류·패션,청바지,1.3,44.0,23.0,28.0,4.72,4.72,중형,6000.0,2026-07-20,배송완료,2026-07-20 16:20:00,편의점접수,2026.07.17 17시13분,2026-07-20,1.3,44,4.7
3200001111,2026-07-27 16:57:00,32,거제지점,C58A7CAC8,김채자,김수환,,경남,김해시 장유동,일반,의류·패션,패딩,1.8,50.0,35.0,14.0,4.08,4.08,중형,6000.0,2026-07-28,배송완료,2026-08-01 15:21:00,편의점접수,2026-07-27 16:57:00,2026-07-28,1.8,50,4.1
1200001568,2026-05-04 17:08:00,12,용산지점,CCFDE1786,윤예아,전영진,1094023188,대전,대덕구 송촌동,일반,식품,건어물,6.0,32.0,16.0,19.0,1.62,6.0,중형,6000.0,2026-05-05,배송완료,2026-05-05 18:28:00,대리점,2026-05-04 17:08:00,2026-05-05,6,32,6
4100002324,2026-07-06 17:43:00,41,울산지점,C7C40A754,신현율,김성영,010-5218-2247,서울,용산구 한남동,일반,전자·디지털,충전기,5.2,36.0,31.0,26.0,4.84,5.2,중형,6000.0,2026-07-07,미배송,,인터넷접수,2026-07-06 17:43:00,2026-07-07,5.2,36,5.2
1100002025,2026-06-11 16:55:00,11,서울지점,C8C1526AA,이도원,이연진,010-8883-9504,대전,서구 둔산동,일반,의류·패션,원피스,1.7,38.0,26.0,12.0,1.98,1.98,소형,4000.0,2026-06-12,배송완료,2026-06-12 18:51:00,편의점접수,2026-06-11 16:55:00,2026-06-12,1.7,38,2
1200002092,2026-05-19 17:11:00,12,용산지점,C0EA9ABB4,이성원,김주철,010 2138 7799,대구,달서구 상인동,일반,도서·문구,필기구세트,9.6,23.0,29.0,25.0,2.78,9.6,중형,6000.0,2026-05-20,배송완료,2026-05-20 10:29:00,편의점접수,2026-05-19 17:11:00,2026-05-20,9.6,23,9.6
2100001719,2026-07-20 13:41:00,21,대전지점,C90200568,조나경,이규서,010-4949-3705,부산,해운대구 우동,일반,식품,커피원두,9.8,27.0,27.0,17.0,2.07,9.8,중형,6000.0,2026-07-21,배송완료,2026-07-21 13:07:00,방문접수,2026-07-20 13:41:00,2026-07-21,9.8kg,27,9.8
1100002682,2026-07-02 19:57:00,11,서울지점,C99096780,이지현,박성서,010-7157-8663,제주,제주시 노형동,제주,식품,커피원두,12.0,36.0,20.0,13.0,1.56,12.0,중형,9000.0,2026-07-06,배송완료,2026-07-06 18:49:00,방문접수,2026-07-02 19:57:00,2026-07-06,12,36,12
2100001730,2026-07-20 15:56:00,21,대전지점,CC7177731,김준서,윤은율,010-3083-5256,서울,용산구 원효로1가,일반,도서·문구,노트 10권,2.0,22.0,16.0,17.0,1.0,2.0,극소형,3500.0,2026-07-21,배송완료,2026-07-21 20:51:00,인터넷접수,2026-07-20 15:56:00,2026-07-21,2,22,2
1100000218,2026-05-08 11:01:00,11,서울지점,CB9D7B659,이우원,이재진,,경북,포항시 남구,일반,의류·패션,코트,0.5,32.0,32.0,15.0,2.56,2.56,소형,4000.0,2026-05-11,배송완료,,편의점접수,2026-05-08 11:01:00,2026-05-11,0.5,32,2.6
1100001148,2026-06-23 10:45:00,11,서울지점,C7B674E9D,이지호,이성란,010-9574-3866,강원,강릉시 교동,일반,화장품·미용,라이터,0.3,32.0,29.0,17.0,2.63,2.63,소형,4000.0,2026-06-24,반품,2026-06-24 9:08:00,편의점접수,2026-06-23 10:45:00,2026-06-24,0.3,32,2.6
1100002470,2026-07-21 18:11:00,11,서울지점,C66A3E039,권수자,손성식,010-5710-8801,대전,서구 둔산동,일반,식품,라면박스,6.3,26.0,18.0,20.0,1.56,6.3,중형,6000.0,2026-07-22,배송완료,2026-07-22 9:23:00,편의점접수,2026-07-21 18:11:00,2026-07-22,6.3,26,6.3
2100001387,2026-07-07 18:51:00,21,대전지점,CC2A020A5,강민호,최나연,010-5722-7228,대전,서구 둔산동,일반,생활용품,세탁세제,7.3,45.0,36.0,29.0,7.83,7.83,중형,6000.0,2026-07-08,배송완료,2026-07-08 9:25:00,편의점접수,2026-07-07 18:51:00,2026-07-08,7.3,45,7.8
3200000764,2026-06-17 11:42:00,32,거제지점,C93744420,박주자,이연영,010-6111-8812,경기,수원시 영통구,일반,의류·패션,패딩,1.3,32.0,25.0,21.0,2.8,2.8,소형,4000.0,,배송완료,2026-06-21 11:34:00,편의점 접수,2026-06-17 11:42:00,,1.3,32,2.8
1100002191,2026-05-11 17:46:00,11,서울지점,CDC084D16,백수환,박하환,010-3264-5841,경기,성남시 분당구,일반,전자·디지털,모니터,2.5,29.0,21.0,19.0,1.93,2.5,소형,4000.0,2026-05-12,배송완료,2026-05-12 15:16:00,편의점접수,2026-05-11 17:46:00,2026-05-12,0,29,2.5
1100001379,2026-07-10 11:21:00,11,서울지점,CCE3AEE98,이하미,김민서,010-7125-5129,울산,울주군 범서읍,일반,도서·문구,다이어리,8.0,22.0,21.0,26.0,2.0,8.0,중형,6000.0,2026-07-13,배송완료,2026-07-15 10:46:00,인터넷접수,2026-07-10 11:21:00,2026-07-13,8,22,8
1100001863,2026-07-07 18:12:00,11,서울지점,CD1620E89,유나희,김영율,010-7369-8668,울산,남구 옥동,일반,식품,김,4.6,35.0,20.0,18.0,2.1,4.6,소형,4000.0,2026-07-08,배송완료,2026-07-08 18:53:00,방문접수,2026-07-07 18:12:00,2026-07-08,4.6,35,4.6
3100002524,2026-05-25 14:53:00,31,진주지점,CB957E4E1,김아경,김예빈,010-5478-9076,경남,거제시 장승포동,일반,화장품·미용,스킨케어세트,1.5,38.0,16.0,14.0,1.42,1.5,소형,4000.0,2026-05-26,배송완료,2026-05-26 9:17:00,편의점접수,2026-05-25 14:53:00,2026-05-26,1.5,38,1.5
1100001145,2026-08-01 14:18:00,11,서울지점,C0A9D22DD,최호서,이하빈,1043489322,전남,목포시 하당,일반,의류·패션,원피스,2.4,46.0,40.0,26.0,7.97,7.97,중형,6000.0,2026-08-03,배송완료,2026-08-03 19:53:00,방문접수,2026-08-01 14:18:00,2026-08-03,2.4,46,8
1100001052,2026-05-18 18:22:00,11,서울지점,C28ACF0B3,김성호,조정미,010-5253-3813,대전,서구 둔산동,일반,의류·패션,모자,0.7,30.0,32.0,13.0,2.08,2.08,소형,7000.0,2026-05-19,배송완료,2026-05-21 18:42:00,인터넷접수,2026-05-18 18:22:00,2026-05-19,0.7,30,2.1
3100002626,2026-06-15 11:00:00,31,진주지점,C06436893,김시준,배연자(경비실),010-6133-2152,경기,수원시 영통구,일반,식품,라면박스,1.3,27.0,30.0,16.0,2.16,2.16,소형,4000.0,2026-06-16,배송완료,2026-06-17 18:22:00,방문,2026-06-15 11:00:00,2026-06-16,1.3,27,2.2
3100002628,2026-05-11 15:57:00,31,진주지점,C4E8D4535,김예진,정도란,1022477014,서울,은평구 응암동,일반,생활용품,빨래건조대,7.8,45.0,24.0,,,7.8,대형,6000.0,2026-05-12,배송완료,2026-05-12 12:43:00,대리점,2026-05-11 15:57:00,2026-05-12,7.8,45,7.8
2100002701,2026-08-05 10:01:00,21,대전지점,CD1620E89,유나희,조하율,010-9397-5826,서울,송파구 잠실동,일반,의류·패션,가방,1.5,37.0,28.0,16.0,2.76,2.76,중형,6000.0,2026-08-06,간선하차,,편의점접수,2026-08-05 10:01:00,2026-08-06,1.5,37,2.8
1100000702,2026-07-27 15:28:00,11,서울지점,C0487656B,박우원,김태아,1041805667,인천,연수구 송도동,일반,의류·패션,운동화,1.0,37.0,38.0,23.0,5.39,5.39,중형,6000.0,2026-07-28,배송완료,2026-07-28 13:36:00,방문접수,2026-07-27 15:28:00,2026-07-28,1,37,5.4
2100000438,2026-07-13 18:39:00,21,대전지점,C2F7C93A2,김민서,이민율,010-4942-7737,제주,제주시 연동,제주,생활용품,청소기필터,2.3,43.0,23.0,14.0,2.31,2.31,소형,7000.0,2026-07-15,배송완료,2026-07-15 12:35:00,대리점,2026-07-13 18:39:00,2026-07-15,2.3,43cm,2.3
1200000382,2026-07-08 13:36:00,12,용산지점,C66D63679,이은환,서호영,010-7748-9107,전북,익산시 영등동,일반,의류·패션,코트,1.3,38.0,37.0,23.0,5.39,5.39,중형,6000.0,2026-07-09,배송완료,2026-07-09 14:55:00,방문접수,2026-07-08 13:36:00,2026-07-09,1.3,38,5.4
2100000709,2026-06-04 16:59:00,21,대전지점,C575BFE34,최연우,김우우,010-9550-7368,서울,용산구 원효로1가,일반,식품,커피원두,4.9,21.0,28.0,20.0,1.96,4.9,소형,4000.0,2026-06-05,배송완료,2026-06-05 13:50:00,인터넷접수,2026-06-04 16:59:00,2026-06-05,4.9,21,4.9
1100002643,2026-06-29 15:27:00,11,서울지점,C66F7516E,김하철,신서자,1049479244,전남,여수시 학동,일반,의류·패션,반팔티,0.7,28.0,34.0,24.0,3.81,3.81,중형,6000.0,2026-06-30,배송완료,2026-07-07 12:38:00,인터넷접수,2026-06-29 15:27:00,2026-06-30,0.7,28,3.8
1200000665,2026-05-11 17:14:00,12,용산지점,CDDA3FA27,전서자,양우준,010-4905-6354,대전,중구 은행동,일반,화장품·미용,스킨케어세트,1.0,38.0,31.0,19.0,3.73,3.73,중형,6000.0,2026-05-12,배송완료,2026-05-13 10:50:00,편의점접수,2026-05-11 17:14:00,2026-05-12,1,38,3.7
1100001848,2026-05-04 13:06:00,11,서울지점,CFF27B368,서성연,박승식,010-7360-5328,서울,강남구 역삼동,일반,생활용품,세제(대용량),1.1,50.0,32.0,25.0,6.67,6.67,중형,6000.0,2026-05-05,배송완료,2026-05-06 11:26:00,편의점접수,2026-05-04 13:06:00,2026-05-05,1.1,50,6.7
1200002974,2026-05-22 14:35:00,12,용산지점,C6D71521B,강영호,김시호,010-3526-8708,서울,노원구 상계동,일반,전자·디지털,이어폰,2.3,36.0,27.0,24.0,3.89,3.89,중형,6000.0,2026-05-25,배송완료,2026-05-25 15:44:00,인터넷접수,2026-05-22 14:35:00,2026-05-25,2.3,36,3.9
2100000397,2026-05-22 09:44:00,21,대전지점,C773D1122,서진빈,박지우,010-9880-5768,서울,마포구 서교동,일반,의류·패션,코트,0.5,32.0,30.0,31.0,4.96,4.96,중형,6000.0,2026-05-25,배송완료,2026-05-26 15:11:00,편의점접수,2026-05-22 9:44:00,2026-05-25,0.5,32,5
4100002574,2026-07-01 09:44:00,41,울산지점,CA667E621,김민호,김민율,010-2193-6579,서울,용산구 이태원동,일반,생활용품,주방용품,7.4,38.0,38.0,31.0,7.46,7.46,중형,6000.0,2026-07-02,배송완료,2026-07-02 15:51:00,편의점접수,2026-07-01 9:44:00,2026-07-02,7.4,38,7.5
1100000335,2026-06-23 16:26:00,11,서울지점,C794F16E6,오서란,최아율,010-4251-2961,충북,제천시 하소동,일반,화장품·미용,헤어드라이어,2.6,18.0,26.0,25.0,1.95,2.6,소형,4000.0,2026-06-24,배송완료,2026-06-24 18:57:00,방문접수,2026-06-23 16:26:00,2026-06-24,2.6,18,2.6
2100000475,2026-06-22 17:18:00,21,대전지점,CD69FDCCA,박윤환,김영숙,1037367073,대구,북구 침산동,일반,식품,김 치,9.3,24.0,18.0,25.0,1.8,9.3,중형,6000.0,2026-06-23,배송완료,2026-06-24 19:08:00,방문접수,2026-06-22 17:18:00,2026-06-23,9.3,24,9.3
4100002642,2026-05-21 15:11:00,41,울산지점,C9F56A39C,김시자,이나영,010-2810-5571,부산,동래구 온천동,일반,도서·문구,문제집,5.7,33.0,28.0,12.0,1.85,5.7,중형,6000.0,2026-05-22,배송완료,2026-05-22 10:33:00,인터넷접수,2026-05-21 15:11:00,2026-05-22,-3,33,5.7
1100000499,2026-06-29 10:53:00,11,서울지점,CDE523539,이우영,정수진,010-3064-9441,서울,용산구 후암동,일반,의류·패션,패딩,1.5,28.0,24.0,29.0,3.25,3.25,중형,6000.0,2026-06-30,배송완료,2026-06-30 11:47:00,편의점접수,2026-06-29 10:53:00,2026-06-30,1.5,28,3.2
1100001735,2026-06-03 15:46:00,11,서울지점,C598E6073,최정미,박윤철 님,010-2560-5779,대전,유성구 봉명동,일반,식품,쌀 20kg,1.7,27.0,19.0,25.0,2.14,2.14,소형,4000.0,2026-06-04,배송완료,2026-06-08 17:39:00,방문접수,2026-06-03 15:46:00,2026-06-04,1.7,27,2.1
1100002130,2026-07-24 11:40:00,11,서울지점,C9033DFF6,강시원,김아철,010-3677-3171,대전,유성구 봉명동,일반,생활용품,세제,2.8,44.0,37.0,30.0,8.14,8.14,중형,6000.0,2026-07-27,배송완료,2026-07-27 14:48:00,인터넷접수,2026-07-24 11:40:00,2026-07-27,2.8,44,8.1
4100001393,2026-07-17 14:40:00,41,울산지점,C1C7F6128,권연란,박현철,,대전,동구 가양동,일반,생활용품,화장지,7.2,33.0,29.0,26.0,4.15,7.2,중형,6000.0,2026-07-20,배송완료,2026-07-21 14:39:00,인터넷접수,2026-07-17 14:40:00,2026-07-20,7.2,33,7.2
1100000510,2026-06-19 18:27:00,11,서울지점,CC62658F6,송영연,이민환,010-8467-3174,강원,강릉시 교동,일반,식품,쌀(햅쌀),9.2,22.0,24.0,12.0,1.06,9.2,중형,6000.0,2026-06-22,배송완료,,인터넷접수,2026-06-19 18:27:00,2026-06-22,9.2,22,9.2
4100002466,2026-06-29 16:05:00,41,울산지점,CFDE8FE58,김하율,신호서,010-7907-7414,대전,서구 둔산동,일반,식품,쌀,4.6,35.0,24.0,16.0,2.24,4.6,소형,4000.0,2026-06-30,배송완료,2026-06-30 9:52:00,인터넷접수,2026-06-29 16:05:00,2026-06-30,4.6,35,4.6
3100001771,2026-07-06 19:57:00,31,진주지점,C176F1945,이하경,이태영,,경기,남양주시 다산동,일반,식품,과일선물세트,6.0,28.0,27.0,20.0,2.52,6.0,중형,6000.0,2026-07-07,반품,,인터넷접수,2026-07-06 19:57:00,2026-07-07,6,28,6
3100000636,2026-05-26 11:31:00,31,진주지점,C91FFA8C2,김준경,정태환,010-4942-7319,대구,달서구 상인동,일반,의류·패션,코트,1.0,35.0,26.0,13.0,1.97,1.97,소형,4000.0,2026-05-27,배송완료,2026-05-27 16:16:00,편의점접수,2026-05-26 11:31:00,2026-05-27,1,35,2
1100000928,2026-08-03 14:13:00,11,서울지점,CF795AA8D,박예우,김현서,010-3771-3939,전북,전주시 덕진구,일반,식품,김 치,9.2,36.0,30.0,19.0,3.42,9.2,중형,6000.0,2026-08-04,배달중,,편의점접수,2026-08-03 14:13:00,2026-08-04,9.2,36,9.2
1200001219,2026-05-15 16:45:00,12,용산지점,C225788E5,최주숙,임태우,010-4436-8249,울산,북구 명촌동,일반,도서·문구,다이어리,5.2,35.0,15.0,26.0,2.28,5.2,중형,6000.0,2026-05-18,배송완료,2026-05-18 18:18:00,대리점,2026-05-15 16:45:00,2026-05-18,5.2,35,5.2
3200000857,2026-05-29 15:41:00,32,거제지점,CA7A10A3D,김유호,이준경,010-7361-5000,대전,유성구 봉명동,일반,의류·패션,모자,1.4,45.0,42.0,28.0,8.82,8.82,중형,6000.0,2026-06-01,미배송,,인터넷접수,2026-05-29 15:41:00,2026-06-01,1.4,45,8.8
1100002398,2026-07-03 14:19:00,11,서울지점,C06119256,이영연,오아연,010-3664-8700,울산,남구 삼산동,일반,전자·디지털,이어폰,4.4,31.0,27.0,12.0,1.67,4.4,소형,4000.0,2026-07-06,배송완료,,편의점접수,2026-07-03 14:19:00,2026-07-06,4.4,31,4.4
1200000001,2026-08-04 14:23:00,12,용산지점,CB5CEFCF9,강도미,김연희,010-2484-1196,대구,북구 침산동,일반,화장품·미용,헤어드라이어,1.4,20.0,15.0,10.0,0.5,1.4,극소형,3500.0,2026-08-05,배달중,,방문접수,2026-08-04 14:23:00,2026-08-05,0,20,1.4
2100000189,2026-06-10 10:22:00,21,대전지점,C72D70F44,김성율,최주아,010-3967-8948,서울,용산구 후암동,일반,생활용품,세제(대용량),5.7,34.0,34.0,24.0,4.62,5.7,중형,6000.0,2026-06-11,배송완료,2026-06-11 9:10:00,편의점접수,2026-06-10 10:22:00,2026-06-11,5.7,34,5.7
4100000920,2026-06-12 10:27:00,41,울산지점,CF59BBD05,김호우,강성경,010 4760 5499,제주,제주시 연동,제주,식품,쌀,5.8,29.0,28.0,25.0,3.38,5.8,중형,9000.0,2026-06-16,배송완료,2026-06-16 13:33:00,대리점,2026-06-12 10:27:00,2026-06-16,5.8,29,5.8
1100002170,2026-07-13 15:51:00,11,서울지점,CD355A80B,김준진,김시우,010-6919-5258,서울,용산구 청파동,일반,의류·패션,코트,1.8,28.0,30.0,27.0,3.78,3.78,중형,6000.0,2026-07-14,배송완료,2026-07-21 11:37:00,방문접수,2026-07-13 15:51:00,2026-07-14,1.8,28,3.8
3100000519,2026-05-12 16:47:00,31,진주지점,C3B6FA727,윤지서,박진율,010-6817-5305,울산,동구 방어동,일반,생활용품,수납함,5.5,31.0,33.0,21.0,3.58,5.5,중형,6000.0,2026-05-13,배송완료,2026-05-13 10:55:00,편의점접수,2026-05-12 16:47:00,2026-05-13,5.5,31,5.5
4100000723,2026-06-08 16:49:00,41,울산지점,C345C37A8,김유준,이도우,010-3051-1423,충북,제천시 하소동,일반,의류·패션,가방,0.4,47.0,25.0,21.0,4.11,4.11,중형,6000.0,,배송완료,2026-06-09 18:58:00,방문접수,2026-06-08 16:49:00,,0.4,47,4.1
1200002615,2026-06-18 18:32:00,12,용산지점,CE26A926B,이호진,강민빈,,경기,용인시 기흥구,일반,식품,커피원두,2.4,25.0,24.0,25.0,2.5,2.5,소형,4000.0,2026-06-19,배송완료,2026-06-22 17:38:00,인터넷접수,2026-06-18 18:32:00,2026-06-19,2.4,25,2.5
1100002791,2026-05-11 16:01:00,11,서울지점,CA2488A42,조정숙,문도철,010-8434-1753,전북,익산시 영등동,일반,의류·패션,모자,2.4,47.0,32.0,22.0,5.51,5.51,중형,6000.0,2026-05-12,배송완료,2026-05-13 11:20:00,인터넷접수,2026-05-11 16:01:00,2026-05-12,2.4,47,5.5
3200001252,2026-06-16 14:14:00,32,거제지점,C355A626E,박아원,이하식,,울산,동구 방어동,일반,생활용품,현금,4.6,49.0,32.0,23.0,6.01,6.01,중형,3000.0,2026-06-17,미배송,2026-06-22 17:11:00,인터넷,2026-06-16 14:14:00,2026-06-17,4.6,49,6
3100001297,2026-07-20 11:59:00,31,진주지점,C12C29DEE,조민희,박현우,010-7413-1213,울산,남구 삼산동,일반,화장품·미용,헤어드라이어,2.7,23.0,24.0,22.0,2.02,2.7,소형,4000.0,2026-07-21,배송완료,2026-07-21 11:15:00,방문접수,2026-07-20 11:59:00,2026-07-21,2.7,23,2.7
3100000477,2026-06-01 14:59:00,31,진주지점,CA5A2F4EB,한영영,김은호,010-3595-1613,울산,북구 명촌동,일반,도서·문구,필기구세트,3.8,24.0,23.0,12.0,1.1,3.8,소형,4000.0,2026-06-02,배송완료,2026-06-02 9:04:00,방문접수,2026-06-01 14:59:00,2026-06-02,3.8,24,3.8
4100000796,2026-05-20 09:48:00,41,울산지점,C09DC515F,최현아,이채현,,부산,동래구 온천동,일반,가구·침구,침구/이불,5.7,46.0,53.0,33.0,13.41,13.41,대형,9000.0,2026-05-21,배송완료,2026-05-21 19:31:00,,2026-05-20 9:48:00,2026-05-21,5.7,46,13.4
2100001876,2026-05-22 16:03:00,21,대전지점,CC42B6FE1,남지자,박주미,010-3646-3126,충북,충주시 연수동,일반,식품,김,3.3,22.0,23.0,18.0,1.52,3.3,소형,4000.0,2026-05-25,배송완료,2026-05-25 16:12:00,인터넷접수,2026-05-22 16:03:00,2026-05-25,3.3,22,3.3
1100002387,2026-07-29 18:51:00,11,서울지점,C3D0481A0,김영영,고영빈,010-6463-2110,서울,용산구 이태원동,일반,의류·패션,코트,1.4,32.0,37.0,30.0,5.92,5.92,중형,6000.0,2026-07-30,배송완료,2026-07-30 11:32:00,방문접수,2026-07-29 18:51:00,2026-07-30,1.4,32,5.9
2100000224,2026-07-08 12:29:00,21,대전지점,C6E85BF03,이호자,강하희,1043605548,경기,성남시 분당구,일반,의류·패션,가방,0.8,49.0,33.0,29.0,7.82,7.82,중형,6000.0,2026-07-09,미배송,,방문접수,2026-07-08 12:29:00,2026-07-09,0.8,49,7.8
1200002409,2026-05-13 18:04:00,12,용산지점,CD30D3EB8,김나우,김호식,010-2357-5086,부산,동래구 온천동,일반,화장품·미용,샴푸,1.1,23.0,25.0,24.0,2.3,2.3,소형,7000.0,2026-05-14,배송완료,2026-05-14 18:18:00,편의점접수,2026-05-13 18:04:00,2026-05-14,1.1,23,2.3
3100001461,2026-05-23 16:36:00,31,진주지점,C2887D505,김우영,김윤진,010-4199-5630,서울,강남구 역삼동,일반,식품,김,6.7,21.0,29.0,25.0,2.54,6.7,중형,6000.0,2026-05-25,배송완료,2026-05-25 13:46:00,방문접수,2026-05-23 16:36:00,2026-05-25,6.7,21cm,6.7
1100000063,2026-05-04 10:16:00,11,서울지점,C3F7E3CB6,이준아,김지준,010-4177-1055,경기,남양주시 다산동,일반,전자·디지털,충전기,0.8,26.0,22.0,20.0,1.91,1.91,소형,7000.0,2026-05-05,배송완료,2026-05-06 16:28:00,방문접수,2026-05-04 10:16:00,2026-05-05,0.8,26,1.9
3200000557,2026-06-16 17:16:00,32,거제지점,C0DDDAC9D,송성서,양준환,010-4141-8796,울산,동구 방어동,일반,생활용품,빨래건조대,6.9,39.0,32.0,14.0,2.91,6.9,중형,6000.0,2026-06-17,반품,,편의점접수,2026-06-16 17:16:00,2026-06-17,6.9,39,6.9
1100002945,2026-06-26 11:52:00,11,서울지점,CA65E724A,이도서,김성연,010-3314-3869,인천,서구 청라동,일반,전자·디지털,태블릿케이스,5.2,18.0,28.0,15.0,1.26,5.2,중형,6000.0,2026-06-29,배송완료,2026-06-29 18:04:00,대리점,06/26/2026 11:52,2026-06-29,5.2,18,5.2
1100002183,2026-07-09 11:01:00,11,서울지점,C79734C51,이승우,오정현,010-3540-6354,대전,유성구 봉명동,일반,의류·패션,가방,0.4,48.0,23.0,12.0,2.21,2.21,중형,6000.0,2026-07-10,배송완료,2026-07-13 17:18:00,인터넷접수,2026-07-09 11:01:00,2026-07-10,0.4,48,2.2
1100002723,2026-05-07 15:26:00,11,서울지점,C7F7B293D,송도빈,김현식,,인천,서구 청라동,일반,생활용품,청소기필터,1.3,43.0,42.0,21.0,6.32,6.32,중형,6000.0,2026-05-08,배송완료,2026-05-08 17:24:00,인터넷접수,2026-05-07 15:26:00,2026-05-08,1.3,43,6.3
3100002997,2026-06-01 16:54:00,31,진주지점,C64477C18,허서준,정민아,010-8745-5398,울산,남구 삼산동,일반,식품,쌀 20kg,11.8,33.0,15.0,14.0,1.16,11.8,중형,6000.0,2026-06-02,배송완료,2026-06-02 15:26:00,방문접수,06/01/2026 16:54,2026-06-02,11.8,33,11.8
2100002136,2026-06-14 17:27:00,21,대전지점,C9B2127BB,이정호,최재현,010-5306-2217,전남,목포시 하당,일반,생활용품,수납함,3.0,41.0,42.0,27.0,7.75,7.75,중형,9000.0,2026-06-15,배송완료,2026-06-16 10:45:00,대리점접수,2026-06-14 17:27:00,2026-06-15,3,41,7.7
3100000435,2026-07-03 15:39:00,31,진주지점,C9BA24C67,박영연,신승아,1061917006,대전,대덕구 송촌동,일반,식품,된장,6.2,22.0,16.0,13.0,0.76,6.2,중형,6000.0,2026-07-06,배송완료,2026-07-06 18:16:00,방문접수,2026-07-03 15:39:00,2026-07-06,6.2,22,6.2
1100001018,2026-05-08 16:25:00,11,서울지점,C6DAD2ACD,박민호,김정진,010-3278-4765,경기,용인시 기흥구,일반,의류·패션,가방,1.5,50.0,33.0,32.0,8.8,8.8,중형,6000.0,2026-05-11,미배송,,편의점접수,2026-05-08 16:25:00,2026-05-11,1.5,50,8.8
1100002389,2026-06-19 18:56:00,11,서울지점,C3EBC20CF,최태호,김수철,010-6881-9028,울산,울주군 범서읍,일반,식품,상품권,11.9,22.0,22.0,13.0,1.05,11.9,중형,6000.0,2026-06-22,배송완료,2026-06-22 12:45:00,대리점접수,2026-06-19 18:56:00,2026-06-22,11.9,22,11.9
1200000654,2026-06-03 15:45:00,12,용산지점,C936DD66E,김지준,이도호(경비실),010-6474-2552,서울,송파구 잠실동,일반,도서·문구,다이어리,2.3,24.0,22.0,18.0,1.58,2.3,소형,4000.0,2026-06-04,미배송,,방문접수,2026-06-03 15:45:00,2026-06-04,2.3,24,2.3
3100002436,2026-05-19 12:37:00,31,진주지점,CDC37E2DE,이채식,윤지영(경비실),010-7151-8313,대구,수성구 범어동,일반,도서·문구,문제집,4.6,30.0,30.0,18.0,2.7,4.6,소형,4000.0,2026-05-20,배송완료,2026-05-20 19:28:00,대리점,2026-05-19 12:37:00,2026-05-20,4.6,30,4.6
1200001762,2026-05-05 09:38:00,12,용산지점,C4D159EEA,이성현,서채진,010-5709-3312,충남,서산시 동문동,일반,화장품·미용,헤어드라이어,0.6,38.0,20.0,25.0,3.17,3.17,중형,6000.0,2026-05-06,배송완료,2026-05-06 10:08:00,인터넷접수,2026-05-05 9:38:00,2026-05-06,0.6,38,3.2
1100002282,2026-06-23 16:13:00,11,서울지점,C81733BA7,김승미,박규식,,대구,달서구 상인동,일반,전자·디지털,태블릿케이스,1.3,29.0,16.0,19.0,1.47,1.47,소형,4000.0,2026-06-24,반품,2026-06-24 11:30:00,방문접수,2026-06-23 16:13:00,2026-06-24,1.3kg,29,1.3kg
1100000302,2026-05-25 09:50:00,11,서울지점,C864F1C01,박예환,전성준,010-6893-7086,경남,진주시 초전동,일반,생활용품,휴지 30롤,3.6,34.0,26.0,31.0,4.57,4.57,중형,6000.0,,배송완료,2026-05-26 10:52:00,대리점,2026-05-25 9:50:00,,3.6,34,4.6
3100002467,2026-07-03 10:17:00,31,진주지점,C9B958C06,김진서,김윤진,010-4965-5366,울산,동구 방어동,일반,전자·디지털,키보드,3.8,21.0,32.0,22.0,2.46,3.8,소형,4000.0,2026-07-06,배송완료,2026-07-06 16:36:00,인터넷접수,2026-07-03 10:17:00,2026-07-06,3.8,21,3.8
3100001339,2026-05-14 16:43:00,31,진주지점,C6F9C2FDE,최은희,이민빈,010-6957-9210,대구,수성구 범어동,일반,의류·패션,티셔츠,2.4,30.0,36.0,20.0,3.6,3.6,중형,6000.0,2026-05-15,미배송,,대리점,2026-05-14 16:43:00,2026-05-15,2.4,30,3.6
1100001630,2026-05-21 15:24:00,11,서울지점,CBB92B612,김준율,김재서,,경기,남양주시 다산동,일반,생활용품,세제,2.6,29.0,36.0,20.0,3.48,3.48,중형,1000.0,2026-05-22,배송완료,2026-05-22 13:46:00,편의점접수,2026-05-21 15:24:00,2026-05-22,2.6,29,3.5
1200001332,2026-06-22 14:24:00,12,용산지점,C3912C60F,강진희,윤나영,010-6663-8485,광주,북구 운암동,일반,도서·문구,향수,7.1,34.0,19.0,16.0,1.72,7.1,중형,6000.0,2026-06-23,미배송,2026-06-23 16:47:00,인터넷접수,2026-06-22 14:24:00,2026-06-23,-3,34,7.1
3200002022,2026-05-25 15:17:00,32,거제지점,C7720D598,최지아,최민철,010-2347-5003,서울,용산구 한남동,일반,도서·문구,문제집,13.1,26.0,23.0,26.0,2.59,13.1,중형,6000.0,2026-05-26,반품,,편의점접수,2026-05-25 15:17:00,2026-05-26,13.1,26,13.1
4100000893,2026-06-01 16:42:00,41,울산지점,C7652ECDD,임시철,강호아,010-4713-3386,서울,용산구 원효로1가,일반,식품,라면박스,8.4,34.0,18.0,26.0,2.65,8.4,중형,6000.0,2026-06-02,배송완료,2026-06-02 17:21:00,방문접수,2026-06-01 16:42:00,2026-06-02,8.4,34,8.4
2100001527,2026-07-20 12:19:00,21,대전지점,CA6983046,윤아숙,정재영,010-8537-1883,경기,남양주시 다산동,일반,의류·패션,가방,1.1,34.0,27.0,20.0,3.06,3.06,중형,6000.0,2026-07-21,배송완료,2026-07-21 15:10:00,편의점접수,2026-07-20 12:19:00,2026-07-21,1.1,34,3.1
2100002192,2026-06-30 14:39:00,21,대전지점,CF59BBD05,김호우,윤규서,,충북,청주시 흥덕구,일반,의류·패션,반팔티,0.5,29.0,36.0,31.0,5.39,5.39,중형,6000.0,2026-07-01,배송완료,2026-07-03 16:12:00,편의점접수,2026-06-30 14:39:00,2026-07-01,0.5,29,5.4
4100002138,2026-06-23 10:21:00,41,울산지점,C1F55BB3A,문규환,허재서,010-3011-7128,경남,거제시 고현동,일반,전자·디지털,이어폰,1.0,25.0,15.0,12.0,0.75,1.0,극소형,3500.0,2026-06-24,배송완료,2026-06-25 16:21:00,인터넷접수,2026-06-23 10:21:00,2026-06-24,1,25,1
1100001642,2026-06-08 11:33:00,11,서울지점,C7FAE69B9,김준율,박규희,010-7831-9753,대전,동구 가양동,일반,식품,과일선물세트,7.7,35.0,21.0,16.0,1.96,7.7,중형,6000.0,2026-06-09,배송완료,2026-06-09 19:21:00,편의점접수,2026-06-08 11:33:00,2026-06-09,7.7,35,7.7
3200002023,2026-05-18 14:55:00,32,거제지점,C35D79120,이서현,신윤경,010-9225-7158,인천,부평구 부평동,일반,의류·패션,티셔츠,2.4,48.0,29.0,31.0,7.19,7.19,중형,6000.0,2026-05-19,미배송,,인터넷접수,2026-05-18 14:55:00,2026-05-19,2.4,48,7.2
1200001376,2026-05-18 10:54:00,12,용산지점,C9948C94A,박윤현,이민원,010-2233-3980,울산,남구 옥동,일반,의류·패션,운동화(박스포함),2.4,45.0,32.0,30.0,7.2,7.2,중형,6000.0,2026-05-19,배송완료,2026-05-20 17:00:00,방문접수,2026-05-18 10:54:00,2026-05-19,2.4,45,7.2
4100000004,2026-05-22 15:19:00,41,울산지점,C32CAE732,김성란,김윤현,010-3701-7422,인천,서구 청라동,일반,생활용품,청소기필터,2.2,47.0,42.0,24.0,7.9,7.9,중형,6000.0,2026-05-25,배송완료,2026-05-26 20:23:00,방문접수,2026-05-22 15:19:00,2026-05-25,2.2,47,7.9
1100001391,2026-05-23 17:27:00,11,서울지점,CE168433A,이현숙,이도환,010-4719-8719,전북,전주시 덕진구,일반,식품,김치통,1.4,36.0,30.0,27.0,4.86,4.86,중형,6000.0,2026-05-25,배송완료,2026-05-25 14:25:00,인터넷접수,2026-05-23 17:27:00,2026-05-25,1.4,36,4.9
1100001787,2026-07-06 15:42:00,11,서울지점,C89DE6C47,강수연,조정연,010-9153-5968,대전,동구 가양동,일반,생활용품,수납함,7.2,46.0,28.0,23.0,4.94,7.2,중형,6000.0,2026-07-07,배송완료,2026-07-07 15:30:00,방문접수,2026-07-06 15:42:00,2026.07.07,7.2,46,7.2
3200002639,2026-07-04 16:39:00,32,거제지점,CDDA3FA27,전서자,이서철,010-5495-6457,울산,동구 방어동,일반,전자·디지털,모니터,4.5,32.0,31.0,15.0,2.48,4.5,소형,4000.0,2026-07-06,배송완료,2026-07-07 10:53:00,편의점접수,2026-07-04 16:39:00,2026-07-06,4.5,32,4.5
1200001416,2026-06-18 11:57:00,12,용산지점,CD7513A8A,조정호,손연환,010-5179-6654,광주,서구 치평동,일반,생활용품,휴지 30롤,3.2,35.0,24.0,14.0,1.96,3.2,소형,4000.0,2026-06-19,배송완료,2026-06-19 12:55:00,인터넷접수,2026-06-18 11:57:00,2026-06-19,3.2,35,3.2
1100000002,2026-07-10 17:28:00,11,서울지점,C176F1945,이하경,윤정경,010-2452-8518,경기,고양시 일산동구,일반,의류·패션,티셔츠,0.4,37.0,31.0,27.0,5.16,5.16,중형,6000.0,2026-07-13,배송완료,2026-07-13 18:34:00,편의점접수,2026-07-10 17:28:00,2026-07-13,0.4,37,5.2
1200002250,2026-07-01 17:46:00,12,용산지점,C1A5C77AE,정채미,이나진,010-2569-6655,전남,순천시 조례동,일반,생활용품,휴지,2.1,35.0,42.0,32.0,7.84,7.84,중형,6000.0,2026-07-02,배송완료,2026-07-03 16:33:00,인터넷접수,2026-07-01 17:46:00,2026-07-02,2.1,35,7.8
4100001788,2026-05-15 15:13:00,41,울산지점,C9B86C830,정유아,김지율,010-8044-6986,부산,사하구 하단동,일반,식품,리튬배터리,5.6,29.0,23.0,23.0,2.56,5.6,중형,6000.0,2026-05-18,배송완료,2026-05-18 9:46:00,대리점,2026-05-15 15:13:00,2026-05-18,5.6,29,5.6
2100002246,2026-05-03 17:08:00,21,대전지점,C2D88FC4B,이은미,송시현,010-2972-1247,경남,거제시 옥포동,일반,가구·침구,커튼,4.4,41.0,44.0,34.0,10.22,10.22,중형,6000.0,2026-05-04,배송완료,2026-05-04 10:14:00,대리점접수,2026-05-03 17:08:00,2026-05-04,4.4,41,10.2
1200002374,2026-07-29 11:10:00,12,용산지점,CA2488A42,조정숙,고나희,010-2138-2401,경기,고양시 일산동구,일반,의류·패션,운동화,1.5,40.0,22.0,30.0,4.4,4.4,중형,6000.0,2026-07-30,배송완료,2026-08-03 9:49:00,편의점접수,2026.07.29 11시10분,2026-07-30,1.5,40,4.4
1200000318,2026-06-16 19:53:00,12,용산지점,CE5C28F9B,이주진,오우란,010-8653-2761,전북,군산시 나운동,일반,가구·침구,러그,5.9,59.0,41.0,33.0,13.3,13.3,대형,9000.0,2026-06-17,배송완료,2026-06-17 12:40:00,편의점접수,2026.06.16 19시53분,2026-06-17,5.9,59,13.3
4100002717,2026-05-20 15:25:00,41,울산지점,C146823E7,최연자,황도영,010-8825-5267,경기,수원시 영통구,일반,전자·디지털,태블릿케이스,4.4,26.0,32.0,8.0,1.11,4.4,소형,4000.0,2026-05-21,배송완료,2026-05-21 13:16:00,편의점접수,2026-05-20 15:25:00,2026-05-21,4.4,26,4.4
1200000735,2026-05-04 16:35:00,12,용산지점,CF6C0DC19,강서율,김연율,010-2932-6523,경남,진주시 충무공동,일반,의류·패션,패딩,1.2,40.0,36.0,28.0,6.72,6.72,중형,6000.0,2026-05-05,배송완료,2026-05-06 13:11:00,편의점접수,2026-05-04 16:35:00,2026-05-05,1.2,40,6.7
2100001711,2026-06-15 10:00:00,21,대전지점,CDD850B8F,정유준,남하우,010-9919-7845,세종,새롬동,일반,생활용품,세제,5.2,40.0,42.0,28.0,7.84,7.84,중형,6000.0,2026-06-16,배송완료,2026-06-16 15:38:00,대리점,2026-06-15 10:00:00,2026-06-16,5.2,40cm,7.8
4100002133,2026-06-10 16:32:00,41,울산지점,CC64B3DCE,이정서,이채호,010-8485-5045,제주,제주시 연동,제주,생활용품,수납함,1.8,47.0,25.0,28.0,5.48,5.48,중형,9000.0,2026-06-12,배송완료,2026-06-12 17:11:00,편의점접수,2026-06-10 16:32:00,2026-06-12,1.8,47,1.8
4100000964,2026-07-19 10:54:00,41,울산지점,C8A227D2F,김영경,이정환,,경남,창원시 성산구,일반,식품,과일선물세트,9.6,21.0,15.0,12.0,0.63,9.6,중형,6000.0,2026-07-20,배송완료,2026-07-20 18:06:00,방문접수,2026-07-19 10:54:00,2026-07-20,9.6,21,9.6
1100000496,2026-07-16 09:06:00,11,서울지점,C788E0C28,이민자,남정연,010-2039-6857,서울,용산구 원효로1가,일반,전자·디지털,공유기,2.5,36.0,30.0,17.0,3.06,3.06,중형,6000.0,2026-07-17,배송완료,2026-07-20 11:55:00,방문접수,2026-07-16 9:06:00,2026-07-17,2.5,36,3.1
3100001797,2026-08-03 18:22:00,31,진주지점,C955174F6,강나연,임예자,010-8020-3810,대전,유성구 봉명동,일반,화장품·미용,스킨케어세트,2.4,28.0,31.0,22.0,3.18,3.18,중형,6000.0,2026-08-04,배송완료,2026-08-04 13:29:00,방문접수,2026-08-03 18:22:00,2026-08-04,2.4,28,3.2
2100000589,2026-05-05 18:35:00,21,대전지점,CE4906BBC,강규원,장채아,010-6716-6152,서울,노원구 상계동,일반,의류·패션,청바지,2.3,50.0,42.0,30.0,10.5,10.5,대형,9000.0,2026-05-06,배송완료,2026-05-08 19:57:00,인터넷접수,2026-05-05 18:35:00,2026-05-06,2.3,50,10.5
1200002772,2026-07-13 12:50:00,12,용산지점,CB34F6337,오아준,김유숙,010-2855-5093,울산,동구 방어동,일반,가구·침구,커튼,4.2,63.0,48.0,45.0,22.68,22.68,대형,9000.0,2026-07-14,배송완료,2026-07-14 17:16:00,편의점접수,2026-07-13 12:50:00,2026-07-14,4.2,63,4.2
1100000315,2026-07-29 11:26:00,11,서울지점,C3BA0B53F,박규숙,황규경,010-9062-3419,인천,연수구 송도동,일반,의류·패션,청바지,1.6,30.0,29.0,13.0,1.88,1.88,소형,4000.0,2026-07-30,배송완료,2026-07-30 15:58:00,편의점접수,2026-07-29 11:26:00,2026-07-30,1.6,30,1.9
2100002355,2026-05-04 15:30:00,21,대전지점,CF3FFB3DE,김호우,오은준,,서울,용산구 이태원동,일반,전자·디지털,태블릿케이스,2.4,21.0,25.0,17.0,1.49,2.4,소형,4000.0,2026-05-05,배송완료,2026-05-05 16:17:00,인터넷접수,2026-05-04 15:30:00,2026-05-05,2.4,21,2.4
1200002586,2026-07-06 18:03:00,12,용산지점,C76C0B8A6,김아경,김채원,010-9895-6413,대전,유성구 노은동,일반,가구·침구,베개,4.3,45.0,44.0,49.0,16.17,16.17,대형,9000.0,2026-07-07,배송완료,2026-07-07 9:42:00,인터넷접수,2026-07-06 18:03:00,2026-07-07,4.3,45,16.2
2100002065,2026-07-31 11:27:00,21,대전지점,C66933097,조수란,정연현,,경남,진주시 평거동,일반,도서·문구,필기구세트,12.5,21.0,30.0,14.0,1.47,12.5,중형,3000.0,2026-08-03,배송완료,2026-08-05 13:17:00,방문접수,2026-07-31 11:27:00,2026-08-03,12.5,21,12.5
1100000804,2026-05-07 15:07:00,11,서울지점,C29D7490B,정유자,한태원,010-6297-5630,경북,안동시 옥동,일반,도서·문구,다이어리,13.8,34.0,24.0,15.0,2.04,13.8,중형,6000.0,2026-05-08,배송완료,2026-05-08 9:45:00,편의점접수,2026-05-07 15:07:00,2026-05-08,13.8kg,34,13.8
1100002551,2026-06-22 16:24:00,11,서울지점,C725AFEAF,오태아,정태식,010-2246-2639,서울,송파구 잠실동,일반,의류·패션,운동화,0.4,40.0,33.0,16.0,3.52,3.52,중형,6000.0,2026-06-23,배송완료,2026-06-23 18:25:00,방문접수,2026-06-22 16:24:00,2026/06/23,0.4,40,3.5
1200001031,2026-05-04 19:28:00,12,용산지점,CAB18CAFD,한우숙,박민율,010-2703-9063,서울,용산구 청파동,일반,생활용품,세제(대용량),0.8,,26.0,32.0,,0.8,중형,6000.0,2026-05-05,배송완료,2026-05-07 13:00:00,편의점접수,2026-05-04 19:28:00,2026-05-05,0.8,-10,4
4100000793,2026-08-04 12:33:00,41,울산지점,C3F443572,이호서,이수자,010-4802-1991,서울,마포구 서교동,일반,생활용품,청소기필터,3.2,38.0,40.0,14.0,3.55,3.55,중형,6000.0,2026-08-05,배달중,,인터넷접수,2026-08-04 12:33:00,2026-08-05,3.2,38,3.2
2100001309,2026-07-24 17:10:00,21,대전지점,C61AE2A89,김지환,김유준 님,010-2065-8863,부산,동래구 온천동,일반,의류·패션,모자,0.9,34.0,32.0,22.0,3.99,3.99,중형,6000.0,2026-07-27,배송완료,2026-07-27 18:01:00,인터넷접수,2026-07-24 17:10:00,2026-07-27,0.9,34,4
1100001612,2026-07-20 11:47:00,11,서울지점,C995150A2,김아우,박지란,010-2975-5123,충남,아산시 배방읍,일반,생활용품,청소기필터,5.5,45.0,27.0,32.0,6.48,6.48,중형,6000.0,2026-07-21,배송완료,2026-07-21 14:59:00,편의점접수,2026-07-20 11:47:00,2026-07-21,5.5,45,6.5
1100001544,2026-06-01 12:26:00,11,서울지점,CF9F8EA0D,권우환,김아자,010-9685-6924,경기,용인시 기흥구,일반,의류·패션,가방,2.3,33.0,36.0,29.0,5.74,5.74,중형,6000.0,2026-06-02,배송완료,2026-06-02 20:27:00,편의점접수,2026-06-01 12:26:00,2026-06-02,2.3,33,5.7
3100002971,2026-05-22 11:23:00,31,진주지점,C2E0B9BF7,황민빈,최하영,010-6418-4767,대전,동구 가양동,일반,가구·침구,커튼,4.4,48.0,43.0,48.0,16.51,16.51,대형,9000.0,2026-05-25,배송완료,2026-05-25 12:46:00,편의점접수,2026-05-22 11:23:00,2026-05-25,4.4,48,16.5
1200000884,2026-07-27 18:04:00,12,용산지점,C6ACBFBD3,이현란,임예빈,010-9812-3281,대전,유성구 노은동,일반,의류·패션,패딩,0.7,41.0,31.0,14.0,2.97,2.97,중형,6000.0,2026-07-28,배송완료,2026-07-30 9:30:00,인터넷접수,2026-07-27 18:04:00,2026-07-28,0.7,41,3
3100001452,2026-08-03 15:56:00,31,진주지점,C00CF4F70,권하호,이정미,010-7395-2916,서울,용산구 원효로1가,일반,식품,커피원두,11.8,21.0,28.0,28.0,2.74,11.8,중형,6000.0,2026-08-04,배송완료,2026-08-05 14:08:00,방문접수,2026-08-03 15:56:00,2026-08-04,11.8,21,11.8
2100001591,2026-08-03 10:15:00,21,대전지점,CEF20701F,오연우,김성현(직접수령),010-6707-1365,경남,김해시 장유동,일반,의류·패션,코트,0.7,40.0,40.0,30.0,8.0,8.0,중형,6000.0,2026-08-04,배송완료,2026-08-05 9:15:00,대리점,08/03/2026 10:15,2026-08-04,0.7,40,8
4100001988,2026-05-08 14:35:00,41,울산지점,C3216D975,김호란,유시서,010 3844 2766,강원,강릉시 교동,일반,생활용품,청소기필터,3.8,32.0,37.0,31.0,6.12,6.12,중형,6000.0,2026-05-11,배송완료,2026-05-12 15:53:00,편의점접수,2026-05-08 14:35:00,2026-05-11,3.8,32,6.1
1100000248,2026-07-13 15:25:00,11,서울지점,CF97FFBE1,김나진,장수현,010-4396-3763,부산,해운대구 우동,일반,의류·패션,가방,1.7,33.0,33.0,25.0,4.54,4.54,중형,6000.0,2026-07-14,배송완료,2026-07-14 18:21:00,방문접수,2026-07-13 15:25:00,2026-07-14,1.7,33,4.5
4100000853,2026-07-26 11:31:00,41,울산지점,C925AAAB0,손하란,김호호,010-6979-4483,대전,유성구 노은동,일반,반려동물,장난감,0.6,33.0,16.0,17.0,1.5,1.5,소형,4000.0,2026-07-27,완료,2026-07-27 16:40:00,편의점접수,2026-07-26 11:31:00,2026-07-27,0.6,33,1.5
1100002334,2026-08-04 16:55:00,11,서울지점,C6047CAF5,안정철,김규서,010-5813-1733,울산,동구 방어동,일반,도서·문구,다이어리,10.0,26.0,15.0,25.0,1.62,10.0,중형,6000.0,2026-08-05,간선상차,,방문접수,2026-08-04 16:55:00,2026-08-05,10,26cm,10
3100000996,2026-06-29 17:40:00,31,진주지점,CBB92B612,김준율,최수준,1056675617,울산,북구 명촌동,일반,의류·패션,티셔츠,0.8,47.0,33.0,24.0,6.2,6.2,중형,6000.0,2026-06-30,배송완료,2026-06-30 10:10:00,대리점접수,2026-06-29 17:40:00,2026-06-30,0.8,47,6.2
4100000992,2026-05-26 14:50:00,41,울산지점,C417D0795,임나진,임태서,010-8287-9906,경남,진주시 충무공동,일반,의류·패션,패딩,2.0,39.0,29.0,21.0,3.96,3.96,중형,6000.0,2026-05-27,배송완료,2026-05-27 9:24:00,인터넷접수,2026-05-26 14:50:00,2026-05-27,2,39,2
4100000954,2026-06-16 18:22:00,41,울산지점,C3F9A2591,이나식,남서연,010-2327-4671,충북,제천시 하소동,일반,도서·문구,필기구세트,11.1,36.0,27.0,19.0,3.08,11.1,중형,6000.0,2026-06-17,배송완료,2026-06-17 18:35:00,대리점,2026-06-16 18:22:00,2026-06-17,11.1,36,11.1
4100001048,2026-05-25 17:53:00,41,울산지점,C907B0685,김규연,남우서,010-7331-3213,경기,수원시 영통구,일반,의류·패션,가방,1.0,35.0,35.0,13.0,2.65,2.65,중형,6000.0,2026-05-26,배송완료,2026-05-27 12:50:00,편의점접수,2026-05-25 17:53:00,2026-05-26,1,35,2.7
1200000284,2026-06-06 11:57:00,12,용산지점,C74851D1E,박지연,윤준숙,010-8749-3963,울산,북구 명촌동,일반,식품,쌀(햅쌀),6.6,21.0,22.0,13.0,1.0,6.6,중형,6000.0,2026-06-08,배송완료,2026-06-08 20:58:00,방문접수,06/06/2026 11:57,2026-06-08,6.6,21,6.6
1100002400,2026-06-10 16:36:00,11,서울지점,C3A712848,최지환,임은아,010-3169-8462,충남,서산시 동문동,일반,전자·디지털,태블릿케이스,6.0,31.0,28.0,9.0,1.3,6.0,중형,6000.0,2026-06-11,배송완료,2026-06-11 19:51:00,편의점접수,2026-06-10 16:36:00,2026-06-11,6,31,6
4100001546,2026-08-03 19:52:00,41,울산지점,CF6C0DC19,강서율,박아환,010-8789-6750,서울,마포구 서교동,일반,의류·패션,운동화,1.1,47.0,33.0,15.0,3.88,3.88,중형,6000.0,2026-08-04,배송완료,2026-08-04 14:20:00,편의점접수,2026-08-03 19:52:00,2026-08-04,1.1,47,3.9
2100002557,2026-07-13 09:58:00,21,대전지점,C7D97427E,이은미,허성숙,1077944153,강원,원주시 무실동,일반,의류·패션,청바지,2.2,49.0,26.0,22.0,4.67,4.67,중형,6000.0,2026-07-14,배송완료,2026-07-15 15:24:00,대리점,2026-07-13 9:58:00,2026-07-14,2.2,49,4.7
3200000946,2026-05-12 15:17:00,32,거제지점,CC7E3147B,허나서,최영아,010-8382-4898,서울,노원구 상계동,일반,의류·패션,패딩,1.7,34.0,42.0,29.0,6.9,6.9,중형,6000.0,2026-05-13,배송완료,2026-05-17 14:24:00,편의점접수,2026/05/12 15:17,2026-05-13,1.7,34,6.9
1100001371,2026-05-01 16:28:00,11,서울지점,C91FFA8C2,김준경,양지철,010-5683-5514,전남,목포시 하당,일반,도서·문구,노트류,7.1,22.0,25.0,18.0,1.65,7.1,중형,6000.0,2026-05-04,미배송,,편의점접수,2026-05-01 16:28:00,2026-05-04,7.1,22,7.1
1100002175,2026-07-03 13:08:00,11,서울지점,C22EF91BE,오은우,김연원,010-5584-4053,서울,용산구 이태원동,일반,의류·패션,가방,1.3,44.0,32.0,29.0,6.81,6.81,중형,6000.0,2026-07-06,배송완료,2026-07-06 16:31:00,방문접수,2026-07-03 13:08:00,2026-07-06,1.3,44,6.8
1200001420,2026-05-27 18:03:00,12,용산지점,CE5297175,최주호,박아환,010-3852-7780,세종,새롬동,일반,의류·패션,패딩,1.4,31.0,41.0,14.0,2.97,2.97,중형,6000.0,2026-05-28,배송완료,2026-05-28 18:17:00,인터넷접수,2026-05-27 18:03:00,2026-05-28,1.4,31,3
1200001927,2026-05-25 09:54:00,12,용산지점,CE817A356,배주희,박유철,010-8292-5800,서울,용산구 후암동,일반,가구·침구,베개,4.1,47.0,36.0,39.0,11.0,11.0,대형,9000.0,2026-05-26,배송완료,2026-05-26 9:50:00,방문접수,2026-05-25 9:54:00,2026-05-26,4.1,47,11
1100000831,2026-07-18 15:22:00,11,서울지점,C6B506F61,김수미,김태원,,서울,용산구 청파동,일반,생활용품,수납함,5.9,31.0,30.0,15.0,2.33,5.9,중형,6000.0,2026-07-20,배송완료,2026-07-20 12:24:00,대리점,2026-07-18 15:22:00,2026-07-20,5.9,31,5.9
1100002764,2026-06-01 15:25:00,11,서울지점,C23151BF6,박승현,김호희,010-5765-6465,대구,수성구 범어동,일반,전자·디지털,이어폰,4.0,26.0,28.0,9.0,1.09,4.0,소형,4000.0,2026-06-02,배송완료,2026-06-03 15:58:00,방문,2026-06-01 15:25:00,2026-06-02,4,26,4
3100000222,2026-07-07 12:52:00,31,진주지점,C4926B2D8,김채호,장서원,010-7189-8960,울산,남구 삼산동,일반,식품,과일선물세트,7.4,24.0,28.0,21.0,2.35,7.4,중형,6000.0,2026-07-08,배송완료,2026-07-10 10:59:00,대리점,2026-07-07 12:52:00,2026-07-08,7.4,24,7.4
3100000491,2026-05-09 16:18:00,31,진주지점,C77E9E228,이준현,최규원,010-7687-8405,경남,거제시 장승포동,일반,도서·문구,문제집,7.4,27.0,29.0,20.0,2.61,7.4,중형,6000.0,2026-05-11,배송완료,2026-05-13 16:45:00,대리점,2026-05-09 16:18:00,2026-05-11,7.4,27,7.4
1100000408,2026-05-07 16:20:00,11,서울지점,CB593B690,김윤경,권서미,010-7463-7699,경남,거제시 장승포동,일반,의류·패션,티셔츠,1.4,29.0,34.0,15.0,2.46,2.46,소형,4000.0,2026-05-08,배송완료,2026-05-08 15:36:00,편의점접수,2026-05-07 16:20:00,2026-05-08,1.4,29,2.5
3100001068,2026-05-25 19:34:00,31,진주지점,C3912C60F,강진희,김현서(직접수령),010-4837-7248,인천,연수구 송도동,일반,의류·패션,신발,2.4,44.0,25.0,21.0,3.85,3.85,중형,6000.0,2026-05-26,배송완료,,편의점접수,2026-05-25 19:34:00,2026-05-26,2.4,44,3.9
1100002730,2026-05-11 12:38:00,11,서울지점,C08B2E406,박현현,신주호,010-9922-6993,대전,대덕구 송촌동,일반,전자·디지털,공유기,4.2,22.0,23.0,19.0,1.6,4.2,소형,4000.0,2026-05-12,배송완료,2026-05-12 14:18:00,,2026-05-11 12:38:00,2026-05-12,4.2,22,4.2
2100000495,2026-06-02 18:08:00,21,대전지점,CF735909D,이민숙,배지서,1073976017,서울,마포구 서교동,일반,생활용품,수납함,4.9,35.0,30.0,23.0,4.03,4.9,중형,6000.0,2026-06-03,배송완료,2026-06-03 13:19:00,인터넷접수,2026-06-02 18:08:00,2026-06-03,4.9,35,4.9
2100001350,2026-06-26 14:12:00,21,대전지점,C612BFB78,박규경,김예미,010-9699-1576,대구,달서구 상인동,일반,전자·디지털,리튬배터리,2.4,22.0,19.0,9.0,0.63,2.4,소형,4000.0,2026-06-29,배송완료,2026-06-29 13:14:00,방문접수,2026-06-26 14:12:00,2026-06-29,2.4,22,2.4
3100000834,2026-05-11 09:48:00,31,진주지점,CEA7AB848,최서희,김재영,010-4308-7380,인천,남동구 구월동,일반,반려동물,사료,2.2,19.0,14.0,12.0,0.53,2.2,소형,4000.0,2026-05-12,배송완료,2026-05-12 13:14:00,편의점접수,2026-05-11 9:48:00,2026-05-12,2.2,19,2.2
1100000177,2026-06-02 18:29:00,11,서울지점,C95192FDA,권정식,문은환,010-9828-1922,경남,거제시 옥포동,일반,의류·패션,운동화(박스포함),0.7,49.0,38.0,19.0,5.9,5.9,중형,6000.0,2026-06-03,배송완료,2026-06-03 13:09:00,편의점접수,2026-06-02 18:29:00,2026-06-03,0.7,49,0.7
2100001112,2026-05-25 18:47:00,21,대전지점,C0CACC56C,조영자,이은란(경비실),,울산,북구 명촌동,일반,반려동물,고양이모래,8.2,29.0,19.0,18.0,1.65,8.2,중형,6000.0,2026-05-26,반송,,방문접수,2026-05-25 18:47:00,2026-05-26,8.2,29,8.2
1100001141,2026-07-27 14:16:00,11,서울지점,CE224381A,송수준,임연자,010-5585-7918,경북,안동시 옥동,일반,식품,쌀,2.1,32.0,29.0,26.0,4.02,4.02,중형,6000.0,2026-07-28,배송완료,2026-07-28 19:11:00,편의점접수,2026-07-27 14:16:00,2026-07-28,2.1,32,4
4100000815,2026-07-16 13:35:00,41,울산지점,C2F9F0A2C,정우원,이연경,1040543513,울산,남구 옥동,일반,화장품·미용,샴푸,1.3,27.0,18.0,17.0,1.38,1.38,소형,4000.0,2026-07-17,배송완료,2026-07-17 14:00:00,인터넷접수,2026-07-16 13:35:00,2026-07-17,1.3,27,1.4
1100002080,2026-05-06 17:06:00,11,서울지점,CEF9E5FD3,김태미,박예환,010-4158-7510,서울,용산구 이태원동,일반,의류·패션,패딩,2.0,39.0,29.0,18.0,3.39,3.39,중형,6000.0,2026-05-07,배송완료,2026-05-08 14:48:00,인터넷접수,2026-05-06 17:06:00,2026-05-07,2,39,3.4
2100002732,2026-08-01 11:43:00,21,대전지점,CF2FC398C,이호우,이진진,010-3968-8771,대전,동구 가양동,일반,생활용품,빨래건조대,5.8,49.0,35.0,32.0,9.15,9.15,중형,6000.0,2026-08-03,배송완료,2026-08-03 17:21:00,편의점접수,2026-08-01 11:43:00,2026-08-03,5.8,49,9.1
1100002362,2026-06-22 19:25:00,11,서울지점,CEF09C048,이예준,류수연,,제주,제주시 연동,제주,생활용품,빨래건조대,7.3,49.0,28.0,24.0,5.49,7.3,중형,9000.0,2026-06-24,배송완료,2026-06-26 13:43:00,방문접수,2026-06-22 19:25:00,2026.06.24,7.3,49,7.3
1200001667,2026-06-13 15:11:00,12,용산지점,CE5ECC571,손하호,최유희,010-2973-8584,서울,송파구 잠실동,일반,화장품·미용,헤어드라이어,1.1,26.0,22.0,23.0,2.19,2.19,소형,4000.0,2026-06-15,배송완료,2026-06-15 19:58:00,방문접수,2026-06-13 15:11:00,2026-06-15,1.1,26,2.2
2100000608,2026-06-30 12:24:00,21,대전지점,C5A242068,최호서,김지미,010-3376-6201,전북,전주시 덕진구,일반,식품,과일선물세트,6.1,37.0,26.0,19.0,3.05,6.1,중형,6000.0,2026-07-01,배송완료,2026-07-02 17:39:00,방문접수,2026-06-30 12:24:00,2026-07-01,6.1,37,6.1
4100001034,2026-06-25 15:30:00,41,울산지점,CDB8AE49A,강재율,백민원,010-2017-5431,대전,대덕구 송촌동,일반,전자·디지털,태블릿케이스,0.5,28.0,30.0,24.0,3.36,3.36,중형,6000.0,2026-06-26,회수,2026-06-26 14:25:00,편의점접수,2026-06-25 15:30:00,2026-06-26,0.5,28,3.4
2100002446,2026-07-29 15:41:00,21,대전지점,CA5A2F4EB,한영영,김우숙,010-8956-6777,제주,서귀포시 중문동,제주,의류·패션,모자,0.8,49.0,42.0,24.0,8.23,8.23,중형,9000.0,2026-07-31,배송완료,2026-07-31 20:15:00,인터넷접수,2026-07-29 15:41:00,2026-07-31,0.8,49,8.2
1100001621,2026-06-01 15:45:00,11,서울지점,C93744420,박주자,오은경,010-2789-9229,경남,진주시 충무공동,일반,의류·패션,모자,2.1,39.0,25.0,19.0,3.09,3.09,중형,6000.0,2026-06-02,배송완료,2026-06-02 9:12:00,방문접수,2026-06-01 15:45:00,2026-06-02,2.1,39,3.1
1100000095,2026-06-09 16:44:00,11,서울지점,CD5A4BC31,임성희,장예빈,010-9568-2611,충북,제천시 하소동,일반,반려동물,사료,5.8,29.0,23.0,9.0,1.0,5.8,중형,6000.0,2026-06-10,배송완료,2026-06-10 15:34:00,편의접수,2026-06-09 16:44:00,2026-06-10,5.8,29,5.8
3100001580,2026-07-01 17:01:00,31,진주지점,CEDA200DF,김나철,서규연,010-2123-1456,경남,거제시 옥포동,일반,의류·패션,가방,0.7,34.0,29.0,13.0,2.14,2.14,소형,4000.0,2026-07-02,배송완료,2026-07-02 14:40:00,편의점접수,2026-07-01 17:01:00,2026-07-02,0.7,34,2.1
4100001194,2026-05-04 11:13:00,41,울산지점,C409F5738,조도호,임은영,010-6580-6338,경북,경주시 황성동,일반,식품,건어물,7.9,31.0,18.0,28.0,2.6,7.9,중형,6000.0,2026-05-05,배송완료,2026-05-07 17:21:00,편의점접수,2026-05-04 11:13:00,2026-05-05,7.9,31,7.9
1200002685,2026-06-22 11:46:00,12,용산지점,CFDE1F0DE,안주원,강주진,1035387625,울산,울주군 범서읍,일반,식품,된장,4.1,34.0,27.0,26.0,3.98,4.1,중형,6000.0,2026-06-23,배송완료,2026-06-23 16:10:00,편의점접수,2026-06-22 11:46:00,2026-06-23,4.1,34,4.1
4100000569,2026-05-25 17:39:00,41,울산지점,CDAD7D58C,김태희,정주경,010-6080-2159,대전,중구 은행동,일반,생활용품,살아있는 병아리,0.8,34.0,23.0,27.0,3.52,3.52,중형,6000.0,2026-05-26,미배송,2026-05-26 19:21:00,대리점,2026-05-25 17:39:00,2026-05-26,0.8,34,3.5
4100002780,2026-07-08 13:31:00,41,울산지점,C84154483,김윤우,김예영,010-9027-8683,경남,거제시 옥포동,일반,의류·패션,코트,0.5,35.0,34.0,27.0,5.36,5.36,중형,6000.0,2026-07-09,배송완료,2026-07-09 11:57:00,인터넷접수,2026-07-08 13:31:00,2026-07-09,0.5,35,5.4
1200002770,2026-07-11 15:07:00,12,용산지점,CA596C04F,허수자,김준진(직접수령),010-9090-7535,울산,동구 방어동,일반,도서·문구,책 30권,6.7,33.0,27.0,21.0,3.12,6.7,중형,6000.0,2026-07-13,배송완료,2026-07-13 14:42:00,편의점접수,2026-07-11 15:07:00,2026-07-13,6.7,33,6.7
4100001081,2026-05-11 15:23:00,41,울산지점,C0F85F6F5,이서식,황연원,,부산,부산진구 부전동,일반,도서·문구,필기구세트,13.2,27.0,21.0,12.0,1.13,13.2,중형,6000.0,2026-05-12,배송완료,2026-05-12 9:22:00,방문접수,2026-05-11 15:23:00,2026-05-12,13.2,27,13.2
1100001689,2026-05-20 17:46:00,11,서울지점,C725AFEAF,오태아,허은아(경비실),010-3288-9066,대구,달서구 상인동,일반,가구·침구,쿠션,19.4,64.0,55.0,33.0,19.36,19.4,대형,9000.0,2026-05-21,배송완료,2026-05-21 20:02:00,인터넷접수,2026-05-20 17:46:00,2026-05-21,999,64,19.4
4100000883,2026-07-01 10:44:00,41,울산지점,C1ED60A81,송주자,문채란,010-6073-1095,경기,고양시 일산동구,일반,의류·패션,티셔츠 2장,0.4,50.0,29.0,12.0,2.9,2.9,중형,6000.0,2026-07-02,배송완료,2026-07-03 15:23:00,인터넷접수,2026-07-01 10:44:00,2026-07-02,0.4,50,2.9
3200000429,2026-06-15 16:21:00,32,거제지점,CFF523681,황현연,윤채현,010-2348-2081,울산,북구 명촌동,일반,전자·디지털,충전기,3.0,23.0,27.0,26.0,2.69,3.0,소형,4000.0,2026-06-16,배송실패,,방문접수,2026-06-15 16:21:00,2026-06-16,3,23,3
1200002846,2026-07-09 17:20:00,12,용산지점,C21A998D0,조현빈,박호자,010-4613-4802,서울,마포구 서교동,일반,의류·패션,원피스,0.9,28.0,26.0,32.0,3.88,3.88,중형,6000.0,2026-07-10,배송완료,2026-07-10 19:31:00,편의점접수,2026-07-09 17:20:00,2026-07-10,0.9,28,3.9
3100001190,2026-07-21 19:25:00,31,진주지점,C8EC787C5,최채준,김하환,,경북,구미시 인동,일반,식품,건어물,8.4,34.0,24.0,12.0,1.63,8.4,중형,6000.0,2026-07-22,배송완료,2026-07-23 18:11:00,방문접수,2026-07-21 19:25:00,2026-07-22,8.4,34,8.4
2100001834,2026-07-20 14:09:00,21,대전지점,C903558B3,강서희,백주호,010-5718-2500,울산,남구 삼산동,일반,도서·문구,책(중고),9.4,26.0,29.0,13.0,1.63,9.4,중형,6000.0,2026-07-21,배송완료,2026-07-22 18:43:00,방문접수,2026-07-20 14:09:00,2026-07-21,9.4,26,9.4
1200001675,2026-06-18 12:37:00,12,용산지점,C55F6D57C,한예진,오영철,010-8952-2594,충남,아산시 배방읍,일반,의류·패션,청바지,0.4,49.0,38.0,31.0,9.62,9.62,중형,6000.0,2026-06-19,배송완료,2026-06-19 15:06:00,인터넷접수,2026-06-18 12:37:00,2026-06-19,0.4,49,9.6
2100001714,2026-05-01 19:49:00,21,대전지점,C09CD7A1F,김우서,고하영,010-4402-8844,경북,구미시 인동,일반,생활용품,주방용품,7.3,47.0,42.0,20.0,6.58,7.3,중형,6000.0,2026-05-04,배송완료,2026-05-04 19:50:00,편의점접수,2026-05-01 19:49:00,2026/05/04,7.3,47,7.3
3200001604,2026-07-20 16:00:00,32,거제지점,C6607CB09,오예준,김아란,010-5108-8810,서울,강남구 역삼동,일반,식품,커피원두,10.1,29.0,21.0,24.0,2.44,10.1,중형,6000.0,2026-07-21,배송완료,2026-07-22 14:20:00,편의점접수,2026-07-20 16:00:00,2026-07-21,10.1,29,10.1
1200000329,2026-05-11 15:09:00,12,용산지점,CCF31E316,김아빈,한유연,,인천,남동구 구월동,일반,식품,라면박스,1.0,21.0,17.0,22.0,1.31,1.31,극소형,3500.0,2026-05-12,배송완료,2026-05-12 18:52:00,편의점접수,2026-05-11 15:09:00,2026-05-12,1,21,1.3
1100001501,2026-06-10 18:43:00,11,서울지점,CBB92B612,김준율,이민연,010-6859-7256,서울,강남구 역삼동,일반,식품,건어물,10.4,23.0,24.0,23.0,2.12,10.4,중형,6000.0,2026-06-11,미배송,,방문접수,2026-06-10 18:43:00,2026-06-11,10.4,23,10.4
2100002903,2026-07-01 16:27:00,21,대전지점,C146823E7,최연자,한민현,010-7430-1909,울산,울주군 범서읍,일반,도서·문구,문제집,2.5,29.0,24.0,15.0,1.74,2.5,소형,7000.0,2026-07-02,배송완료,2026-07-02 18:08:00,인터넷접수,2026-07-01 16:27:00,2026-07-02,2.5,29,2.5
1100001755,2026-05-30 11:14:00,11,서울지점,CB054BB84,박유아,최준경,010-6975-8652,경남,김해시 장유동,일반,식품,라이터,7.4,26.0,23.0,12.0,1.2,7.4,중형,6000.0,2026-06-01,반품,2026-06-01 13:56:00,편의점접수,2026-05-30 11:14:00,2026-06-01,7.4,26,7.4
2100001974,2026-06-16 14:06:00,21,대전지점,C0F50A46B,이재숙,윤호자,010-6381-5038,경남,진주시 초전동,일반,의류·패션,코트,1.7,45.0,39.0,27.0,7.9,7.9,중형,6000.0,2026-06-17,배송완료,2026-06-18 9:18:00,인터넷접수,26-06-16 14:06,2026-06-17,1.7,45,7.9
1200002894,2026-06-24 16:30:00,12,용산지점,C4CEE3425,박규율,박서진,010-3829-5065,울산,중구 성남동,일반,화장품·미용,스킨케어세트,2.6,35.0,30.0,,,2.6,소형,4000.0,2026-06-25,배송완료,2026-06-26 14:09:00,편의점접수,2026-06-24 16:30:00,2026-06-25,2.6,35,2.6
2100001248,2026-05-25 17:00:00,21,대전지점,CFE4920C9,배아연,박정호,010-6325-6131,경남,거제시 옥포동,일반,가구·침구,쿠션,2.1,52.0,35.0,39.0,11.83,11.83,대형,9000.0,2026-05-26,배송완료,,방문접수,2026-05-25 17:00:00,2026/05/26,2.1,52,11.8
1200002132,2026-05-08 17:43:00,12,용산지점,CB1BFE0A4,유예호,이지란,010-3204-1165,인천,부평구 부평동,일반,식품,건어물,7.7,29.0,20.0,19.0,1.84,7.7,중형,6000.0,2026-05-11,미배송,,방문접수,2026-05-08 17:43:00,2026-05-11,7.7,29,7.7
2100002363,2026-07-27 11:30:00,21,대전지점,C84646D56,최예식,김도숙,1069242724,울산,동구 방어동,일반,화장품·미용,샴푸,2.8,28.0,20.0,14.0,1.31,2.8,소형,4000.0,2026-07-28,배송완료,2026-07-28 13:41:00,방문접수,2026-07-27 11:30:00,2026-07-28,2.8,28,2.8
1100002358,2026-06-27 16:27:00,11,서울지점,CA84BCAE3,이유란,박서영,010-7680-2856,대전,동구 가양동,일반,도서·문구,문제집,10.4,27.0,20.0,17.0,1.53,10.4,중형,6000.0,2026-06-29,배송완료,2026-06-29 16:02:00,인터넷접수,2026-06-27 16:27:00,2026-06-29,10.4,27,10.4
1100002033,2026-08-03 14:32:00,11,서울지점,C67291611,홍태식,황태진,010-4790-3338,대구,북구 침산동,일반,식품,김,4.4,23.0,15.0,24.0,1.38,4.4,소형,4000.0,2026-08-04,배송완료,2026-08-04 11:51:00,인터넷접수,2026-08-03 14:32:00,2026-08-04,4.4,23,4.4
2100000727,2026-05-21 15:43:00,21,대전지점,CB58EEFCD,조영빈,박아아,010-2021-7444,서울,마포구 서교동,일반,의류·패션,청바지,1.6,47.0,37.0,17.0,4.93,4.93,중형,6000.0,2026-05-22,배송완료,2026-05-22 18:39:00,방문접수,2026-05-21 15:43:00,2026-05-22,1.6,47,4.9
3200001428,2026-06-15 09:18:00,32,거제지점,CEC6B2E89,조태준,이정호,010-4865-8713,울산,남구 삼산동,일반,의류·패션,원피스,2.2,34.0,40.0,30.0,6.8,6.8,중형,6000.0,2026-06-16,배송완료,2026-06-18 17:05:00,인터넷접수,2026-06-15 9:18:00,2026-06-16,2.2,34,6.8
3100001061,2026-06-11 12:43:00,31,진주지점,C16EFA169,김나아,김정희,,대구,북구 침산동,일반,생활용품,수납함,6.1,35.0,33.0,16.0,3.08,6.1,중형,6000.0,2026-06-12,배송완료,2026-06-15 19:09:00,인터넷접수,06/11/2026 12:43,2026-06-12,6.1,35cm,6.1
1100001001,2026-06-01 19:12:00,11,서울지점,C546FA8F4,정지아,김재철,010-7450-8387,부산,해운대구 우동,일반,식품,김,8.2,28.0,29.0,17.0,2.3,8.2,중형,6000.0,2026-06-02,배송완료,2026-06-02 13:11:00,방문접수,2026-06-01 19:12:00,2026/06/02,8.2,28,8.2
4100001347,2026-07-03 17:45:00,41,울산지점,C17A1CFD8,조지호,최서우,010-2181-4612,충남,서산시 동문동,일반,의류·패션,패딩,1.9,46.0,25.0,17.0,3.26,3.26,중형,6000.0,2026-07-06,배송완료,2026-07-07 17:28:00,대리점,2026-07-03 17:45:00,2026-07-06,1.9,46,3.3
4100001274,2026-07-06 09:03:00,41,울산지점,C81BC35D7,김우환,유준연,010-6402-1077,경기,성남시 분당구,일반,의류·패션,가방,1.7,37.0,26.0,29.0,4.65,4.65,중형,6000.0,2026-07-07,배송완료,2026-07-09 15:36:00,인터넷접수,2026-07-06 9:03:00,2026-07-07,1.7,37,4.6
4100001186,2026-07-18 16:08:00,41,울산지점,C22424CA0,조현철,전은율,010-5424-4811,대전,유성구 봉명동,일반,의류·패션,반팔티,0.8,41.0,35.0,24.0,5.74,5.74,중형,6000.0,2026-07-20,배송완료,2026-07-20 13:39:00,방문접수,07/18/2026 16:08,2026-07-20,0.8,41,5.7
1100001874,2026-05-05 16:15:00,11,서울지점,CDF18D549,장우영,신나현,1095303350,경남,창원시 성산구,일반,도서·문구,필기구세트,0.9,32.0,26.0,15.0,2.08,2.08,소형,4000.0,2026-05-06,배송완료,2026-05-06 9:49:00,편의점접수,2026-05-05 16:15:00,2026-05-06,0.9,32,2.1
2100002998,2026-06-16 18:40:00,21,대전지점,C7C40A754,신현율,이지식,010-4954-3455,경남,진주시 평거동,일반,도서·문구,도서,4.7,29.0,16.0,13.0,1.01,4.7,소형,4000.0,2026-06-17,배송완료,2026-06-18 14:53:00,인터넷접수,2026.06.16 18시40분,2026-06-17,4.7,29,4.7
1100001465,2026-07-28 10:31:00,11,서울지점,C6718C8AA,김수희,김재미,010-4071-7243,부산,동래구 온천동,일반,생활용품,빨래건조대,1.9,45.0,36.0,30.0,8.1,8.1,중형,6000.0,2026-07-29,배송완료,,인터넷접수,2026-07-28 10:31:00,2026-07-29,1.9,45,8.1
1100000897,2026-07-13 16:13:00,11,서울지점,C8E2DCC6E,이호아,안태환,010-8151-1554,대전,서구 둔산동,일반,식품,향수,5.9,29.0,26.0,21.0,2.64,5.9,중형,6000.0,2026-07-14,미배송,2026-07-14 11:25:00,온라인,2026-07-13 16:13:00,2026-07-14,5.9,29cm,5.9
3200000866,2026-06-21 19:59:00,32,거제지점,CAEF59841,이아원,김규우,010-9769-7284,울산,동구 방어동,일반,가구·침구,커튼,3.7,63.0,49.0,33.0,16.98,16.98,대형,9000.0,2026-06-22,배송완료,2026-06-25 11:11:00,인터넷접수,2026-06-21 19:59:00,2026-06-22,3.7,63,17
1100002698,2026-07-13 18:37:00,11,서울지점,C5E0BECCB,김지율,최재숙,010-7416-8582,부산,부산진구 부전동,일반,의류·패션,모자,0.5,40.0,41.0,29.0,7.93,7.93,중형,6000.0,2026-07-14,배송완료,2026-07-16 10:54:00,편의점접수,2026-07-13 18:37:00,2026-07-14,0.5,40,7.9
1200001273,2026-05-15 18:24:00,12,용산지점,C6ADB3DE6,최성숙,김규현,010-5494-3392,경기,용인시 기흥구,일반,전자·디지털,공유기,1.0,21.0,31.0,25.0,2.71,2.71,소형,4000.0,2026-05-18,배송완료,2026-05-18 19:05:00,편의점접수,2026-05-15 18:24:00,2026-05-18,1,21,2.7
3100000773,2026-06-22 14:51:00,31,진주지점,C6B6819DF,강승환,강준식,010-7446-8340,전남,목포시 하당,일반,도서·문구,다이어리,4.3,29.0,16.0,25.0,1.93,4.3,소형,4000.0,2026-06-23,배송완료,2026-06-23 14:46:00,편의점접수,2026-06-22 14:51:00,2026-06-23,4.3,29,4.3
4100001064,2026-06-29 18:18:00,41,울산지점,C4B62403D,이시서,김준경,010-4624-2699,대전,서구 둔산동,일반,의류·패션,코트,2.3,32.0,29.0,29.0,4.49,4.49,중형,6000.0,2026-06-30,배송완료,2026-06-30 14:18:00,편의점접수,2026-06-29 18:18:00,2026-06-30,2.3,32,4.5
1100000486,2026-06-27 13:28:00,11,서울지점,CDF18D549,장우영,박승희,109673681,인천,서구 청라동,일반,생활용품,휴지 30롤,1.3,46.0,28.0,22.0,4.72,4.72,중형,6000.0,2026-06-29,배송완료,2026-06-29 20:46:00,인터넷접수,2026-06-27 13:28:00,2026-06-29,1.3,46,4.7
4100001570,2026-07-02 11:01:00,41,울산지점,C4914CDDE,오하율,이아경,010-4864-5124,경남,진주시 충무공동,일반,가구·침구,베개,1.3,48.0,54.0,41.0,17.71,17.71,대형,9000.0,2026-07-03,배송완료,2026-07-03 12:07:00,편의점접수,2026-07-02 11:01:00,2026-07-03,1.3,48,17.7
2100002692,2026-05-11 09:30:00,21,대전지점,C964587C1,임도환,이성연,010-7249-1022,서울,송파구 잠실동,일반,생활용품,세제,1.3,32.0,30.0,12.0,1.92,1.92,소형,4000.0,2026-05-12,배송완료,2026-05-12 16:33:00,편의점접수,2026-05-11 9:30:00,2026-05-12,1.3,32,1.9
2100001440,2026-07-13 16:49:00,21,대전지점,C3E699135,조규경,김아영,010-5925-6700,서울,송파구 잠실동,일반,도서·문구,살아있는 병아리,0.5,30.0,23.0,13.0,1.5,1.5,소형,4000.0,,미배송,2026-07-14 13:17:00,방문접수,2026-07-13 16:49:00,,0.5,30,1.5
4100002832,2026-05-11 15:58:00,41,울산지점,C2803BDDB,이연서,최성율,,울산,울주군 범서읍,일반,생활용품,청소기필터,5.5,30.0,31.0,16.0,2.48,5.5,중형,6000.0,2026-05-12,배송완료,2026-05-12 17:14:00,인터넷,2026-05-11 15:58:00,2026-05-12,5.5,30,5.5
1200001659,2026-06-16 15:37:00,12,용산지점,CFE966C1C,김재경,박민준,010-3525-9965,서울,은평구 응암동,일반,가구·침구,러그,5.5,44.0,35.0,25.0,6.42,6.42,중형,6000.0,2026-06-17,배송완료,2026-06-17 18:27:00,방문접수,2026-06-16 15:37:00,2026-06-17,5.5,44,6.4
1200000234,2026-05-29 19:58:00,12,용산지점,C988273E7,김유란,정재영,010-5978-8812,충북,제천시 하소동,일반,식품,커피원두,11.9,32.0,26.0,15.0,2.08,11.9,중형,6000.0,2026-06-01,배송완료,2026-06-01 13:00:00,편의점접수,2026-05-29 19:58:00,2026-06-01,11.9,32,11.9
1200002216,2026-08-04 10:12:00,12,용산지점,C4C8940C3,이도아,한민우,010-9022-6179,부산,사하구 하단동,일반,생활용품,빨래건조대,5.6,32.0,30.0,30.0,4.8,5.6,중형,6000.0,2026-08-05,집화처리,,편의점접수,2026-08-04 10:12:00,2026-08-05,5.6,32,5.6
2100001966,2026-05-13 15:38:00,21,대전지점,C58A7CAC8,김채자,박정환,010-6556-4260,경북,경주시 황성동,일반,전자·디지털,모니터,3.3,18.0,14.0,18.0,0.76,3.3,소형,4000.0,2026-05-14,배송완료,2026-05-18 11:05:00,방문접수,2026-05-13 15:38:00,2026-05-14,3.3,18,3.3
1200002360,2026-07-17 17:24:00,12,용산지점,C900A25C2,이승호,박수현,010-2267-5364,대전,중구 은행동,일반,식품,김치통,6.8,36.0,25.0,23.0,3.45,6.8,중형,6000.0,2026-07-20,배송완료,2026-07-20 13:46:00,편의점접수,2026-07-17 17:24:00,2026-07-20,6.8,36,6.8
3100002072,2026-07-13 14:38:00,31,진주지점,C159F8C26,허민경,김도빈,010-8090-7919,울산,북구 명촌동,일반,식품,과일선물세트,3.8,21.0,29.0,16.0,1.62,3.8,소형,4000.0,2026-07-14,배송완료,2026-07-14 16:17:00,인터넷접수,2026-07-13 14:38:00,2026-07-14,3.8,21,3.8
1100000550,2026-05-13 16:50:00,11,서울지점,CBA93A893,한민원,신예식,010-8398-5264,경북,경주시 황성동,일반,화장품·미용,향수,0.9,29.0,24.0,17.0,1.97,1.97,소형,4000.0,2026-05-14,배송완료,2026-05-14 17:51:00,편의점접수,2026-05-13 16:50:00,2026-05-14,0.9,29,2
3100000696,2026-05-09 15:13:00,31,진주지점,CD2876E43,김서원,이영준,010-7361-1122,서울,강남구 역삼동,일반,식품,라면박스,6.5,33.0,29.0,20.0,3.19,6.5,중형,6000.0,2026-05-11,배송완료,2026-05-11 20:47:00,인터넷접수,2026-05-09 15:13:00,2026-05-11,6.5,33,6.5
2100001369,2026-06-18 12:51:00,21,대전지점,C616B1245,정진철,이준영,010-2437-1257,서울,용산구 이태원동,일반,의류·패션,코트,1.9,50.0,28.0,27.0,6.3,6.3,중형,6000.0,2026-06-19,배송완료,2026-06-19 14:18:00,대리점,2026-06-18 12:51:00,2026-06-19,1.9,50,6.3
1200001709,2026-07-27 12:19:00,12,용산지점,C77D59E51,김예진,이현호,010-4597-5597,울산,중구 성남동,일반,의류·패션,모자,0.8,41.0,22.0,15.0,2.26,2.26,소형,4000.0,2026-07-28,배송완료,2026-07-28 17:58:00,방문접수,26-07-27 12:19,2026-07-28,0.8,41,2.3
1200001780,2026-06-01 15:21:00,12,용산지점,C0AF153EF,이하호,김아서,010-5261-3873,경기,부천시 원미구,일반,의류·패션,패딩,0.4,33.0,23.0,24.0,3.04,3.04,소형,4000.0,2026-06-02,미배송,,편의점접수,2026.06.01 15시21분,2026-06-02,0.4,33,3
1100000890,2026-07-13 19:18:00,11,서울지점,CEE9504EA,홍우식,장연숙,010-5977-9282,인천,남동구 구월동,일반,식품,김,11.6,24.0,26.0,16.0,1.66,11.6,중형,6000.0,2026-07-14,배송완료,2026-07-14 14:46:00,편의점접수,2026-07-13 19:18:00,2026-07-14,11.6,24,11.6
1100000497,2026-06-01 16:11:00,11,서울지점,CD902870B,이정숙,김규자,010-7856-9765,서울,마포구 서교동,일반,식품,라면박스,11.4,38.0,20.0,27.0,3.42,11.4,중형,6000.0,2026-06-02,배송완료,,편의점접수,2026-06-01 16:11:00,2026.06.02,11.4,38,11.4
2100000077,2026-06-29 15:11:00,21,대전지점,CCD3CBA93,김호희,이준경,,경북,구미시 인동,일반,의류·패션,운동화,1.9,30.0,33.0,30.0,4.95,4.95,중형,6000.0,2026-06-30,배송완료,2026-06-30 13:27:00,방문접수,2026-06-29 15:11:00,2026-06-30,1.9,30,5
4100002161,2026-07-20 17:51:00,41,울산지점,C7BF9EFAD,윤하숙,배시연,010-8239-8304,강원,춘천시 퇴계동,일반,전자·디지털,공유기,5.0,28.0,17.0,8.0,0.63,5.0,소형,4000.0,2026-07-21,배송완료,2026-07-21 10:59:00,편의점접수,2026.07.20 17시51분,2026-07-21,5,28,5
1100001696,2026-07-02 14:56:00,11,서울지점,C7D056059,이유원,이우희,010-2270-7292,경기,성남시 분당구,일반,생활용품,세제(대용량),1.4,37.0,26.0,26.0,4.17,4.17,중형,6000.0,2026-07-03,배송완료,2026-07-06 12:33:00,편의점접수,2026-07-02 14:56:00,2026-07-03,1.4,37,4.2
1100001695,2026-05-10 09:34:00,11,서울지점,C51540494,박준진,김성현,010-4406-6642,강원,춘천시 퇴계동,일반,의류·패션,모자,1.6,39.0,40.0,22.0,5.72,5.72,중형,6000.0,2026-05-11,배송완료,,편의점접수,2026-05-10 9:34:00,2026-05-11,1.6,39,5.7
3100000417,2026-05-12 14:45:00,31,진주지점,CDF21FA02,황하영,이시현,1054988258,경기,용인시 기흥구,일반,생활용품,휴지 30롤,0.9,41.0,27.0,18.0,3.32,3.32,중형,6000.0,2026-05-13,배송완료,2026-05-14 13:38:00,편의점접수,2026-05-12 14:45:00,2026-05-13,0.9,41,3.3
2100000482,2026-06-11 15:27:00,21,대전지점,C16640A84,김준우,황승미,010-6949-1016,울산,남구 옥동,일반,의류·패션,원피스,2.0,30.0,31.0,16.0,2.48,2.48,소형,4000.0,2026-06-12,배송완료,2026-06-12 14:55:00,편의점접수,2026-06-11 15:27:00,2026-06-12,2,30,2.5
1100000715,2026-05-20 14:02:00,11,서울지점,C8BD2AE09,김현영,김나연,,대전,대덕구 송촌동,일반,생활용품,세탁세제,5.4,49.0,42.0,17.0,5.83,5.83,중형,6000.0,2026-05-21,배송완료,2026-05-21 11:08:00,편의점접수,2026-05-20 14:02:00,2026-05-21,5.4,49,5.8
1200000050,2026-07-24 11:24:00,12,용산지점,CA954676C,강유아,유도란,010-9464-6939,경남,양산시 물금읍,일반,의류·패션,청바지,2.5,36.0,39.0,31.0,7.25,7.25,중형,6000.0,2026-07-27,배송완료,2026-07-27 19:30:00,인터넷접수,2026-07-24 11:24:00,2026-07-27,2.5,36,7.3
4100002554,2026-06-17 14:22:00,41,울산지점,C2CFD1F25,오수호,정은식,010-6442-7700,전남,순천시 조례동,일반,식품,백미,2.2,28.0,15.0,15.0,1.05,2.2,소형,4000.0,2026-06-18,배송완료,2026-06-18 10:42:00,인터넷접수,2026-06-17 14:22:00,2026-06-18,2.2,28,2.2
3200001896,2026-06-29 12:11:00,32,거제지점,C8725C32F,김은빈,김우경,010-4373-3114,서울,마포구 서교동,일반,화장품·미용,헤어드라이어,1.2,34.0,27.0,10.0,1.53,1.53,소형,4000.0,2026-06-30,배송완료,2026-07-04 14:05:00,방문접수,2026-06-29 12:11:00,2026-06-30,1.2,34,1.5
1200002238,2026-06-22 16:38:00,12,용산지점,C4A539359,최아자,허유식,010-5370-4841,대전,대덕구 송촌동,일반,전자·디지털,모니터,2.7,27.0,32.0,25.0,3.6,3.6,중형,6000.0,2026-06-23,배송완료,2026-06-23 13:07:00,,2026-06-22 16:38:00,2026-06-23,2.7,27,3.6
1100002015,2026-05-18 14:52:00,11,서울지점,C7B674E9D,이지호,최나희,010-8751-8512,서울,용산구 원효로1가,일반,의류·패션,가방,1.4,28.0,37.0,15.0,2.59,2.59,소형,4000.0,2026-05-19,배송완료,2026-05-19 13:38:00,인터넷접수,2026-05-18 14:52:00,2026-05-19,1.4,28,2.6
3100000023,2026-06-12 12:47:00,31,진주지점,C16640A84,김준우,이나영,010-3143-7828,경남,진주시 초전동,일반,식품,포기김치,4.8,31.0,26.0,21.0,2.82,4.8,소형,4000.0,2026-06-15,배송완료,,방문접수,2026-06-12 12:47:00,2026-06-15,4.8,31,4.8
4100002310,2026-06-17 16:29:00,41,울산지점,C99DFCC37,이서경,김진환,010-5289-7721,경기,용인시 기흥구,일반,식품,쌀 20kg,10.2,32.0,15.0,12.0,0.96,10.2,중형,6000.0,2026-06-18,배송완료,2026-06-18 20:37:00,인터넷접수,2026-06-17 16:29:00,2026-06-18,10.2,32,10.2
3100002629,2026-05-03 14:31:00,31,진주지점,C18B192B3,김우율,이민서,010-9113-9468,대구,북구 침산동,일반,생활용품,주방용품,5.5,47.0,41.0,21.0,6.74,6.74,중형,6000.0,2026-05-04,배송완료,2026-05-04 9:35:00,인터넷접수,2026-05-03 14:31:00,2026-05-04,5.5,47,6.7
3100002745,2026-07-23 11:46:00,31,진주지점,CD50D6F9F,문도환,이나우,010-4446-8452,경기,수원시 영통구,일반,식품,건어물,6.5,32.0,22.0,22.0,2.58,6.5,중형,6000.0,2026-07-24,배송완료,,인터넷접수,2026-07-23 11:46:00,2026-07-24,6.5,32,6.5
4100002079,2026-06-29 12:04:00,41,울산지점,C899B5864,황영연,조주경,1066897083,대전,대덕구 송촌동,일반,가구·침구,이 불,2.5,52.0,41.0,45.0,15.99,15.99,대형,9000.0,2026-06-30,배송완료,2026-06-30 11:06:00,인터넷접수,2026-06-29 12:04:00,2026/06/30,2.5,52,16
3100001692,2026-05-28 11:50:00,31,진주지점,C32CAE732,김성란,김아연,010-9237-8709,경남,양산시 물금읍,일반,도서·문구,노트류,14.0,31.0,22.0,18.0,2.05,14.0,중형,6000.0,2026-05-29,배송완료,2026-05-29 9:40:00,편의점접수,2026-05-28 11:50:00,2026-05-29,14,31,14
1100001992,2026-05-14 17:19:00,11,서울지점,CAD2C2D3E,정우호,고지희,010-5854-4826,울산,동구 방어동,일반,전자·디지털,충전기,1.1,30.0,28.0,8.0,1.12,1.12,소형,4000.0,2026-05-15,배송완료,2026-05-15 12:53:00,편의점접수,2026-05-14 17:19:00,2026-05-15,1.1,30,1.1
3200002146,2026-07-29 19:22:00,32,거제지점,C3D61795D,유지준,최아우,010-7509-7880,강원,원주시 무실동,일반,의류·패션,리튬배터리,0.5,50.0,33.0,22.0,6.05,6.05,중형,6000.0,2026-07-30,배송완료,2026-08-02 16:25:00,방문접수,2026-07-29 19:22:00,2026-07-30,0.5,50,6
4100000998,2026-05-25 15:54:00,41,울산지점,CC3F19780,강윤빈,정영영,107796262,대전,유성구 봉명동,일반,가구·침구,러그,1.8,45.0,38.0,31.0,8.84,8.84,중형,6000.0,2026-05-26,배송완료,2026-05-26 10:06:00,방문접수,2026-05-25 15:54:00,2026.05.26,1.8,45,8.8
2100002053,2026-07-15 16:24:00,21,대전지점,CBE890351,김지환,홍준현,010-3416-5185,울산,동구 방어동,일반,생활용품,빨래건조대,1.3,37.0,36.0,16.0,3.55,3.55,중형,6000.0,2026-07-16,배송완료,2026-07-17 19:07:00,방문접수,2026-07-15 16:24:00,2026-07-16,1.3,37,1.3
2100001483,2026-06-26 14:34:00,21,대전지점,C93EEDA55,강지영,전수환,,대구,북구 침산동,일반,의류·패션,가방,0.8,46.0,25.0,20.0,3.83,3.83,중형,6000.0,2026-06-29,배송완료,2026-06-29 17:02:00,방문접수,2026-06-26 14:34:00,2026-06-29,0.8,46,3.8
1100001080,2026-05-29 09:22:00,11,서울지점,CFA11B6FF,이호란,임호철,010-5397-8290,울산,동구 방어동,일반,의류·패션,원피스,0.9,35.0,40.0,32.0,7.47,7.47,중형,6000.0,2026-06-01,배송완료,2026-06-01 16:08:00,인터넷접수,2026-05-29 9:22:00,2026-06-01,0.9kg,35,7.5
1200000818,2026-06-01 18:18:00,12,용산지점,CF0099E30,배주란,신준우,010-6685-6361,부산,부산진구 부전동,일반,화장품·미용,헤어드라이어,2.9,31.0,20.0,10.0,1.03,2.9,소형,4000.0,2026-06-02,배송완료,2026-06-02 18:40:00,인터넷접수,06/01/2026 18:18,2026-06-02,2.9,31,2.9
4100002372,2026-05-15 11:31:00,41,울산지점,C9DAEC101,양예서,조도희,010-4170-4506,대전,유성구 봉명동,일반,의류·패션,청바지,2.1,43.0,27.0,20.0,3.87,3.87,중형,6000.0,2026-05-18,배송완료,2026-05-18 20:10:00,대리점,2026-05-15 11:31:00,2026-05-18,2.1,43,3.9
3200001852,2026-07-02 09:03:00,32,거제지점,CCF5FF8E0,정준서,이성경,010-6961-7763,세종,한솔동,일반,생활용품,주방용품,6.3,33.0,40.0,14.0,3.08,6.3,중형,6000.0,2026-07-03,배송완료,2026-07-03 14:08:00,인터넷접수,2026-07-02 9:03:00,2026-07-03,6.3kg,33,6.3
3100000555,2026-07-13 17:30:00,31,진주지점,C66D63679,이은환,김정우,010-8497-9172,대전,중구 은행동,일반,생활용품,수납함,3.1,30.0,29.0,24.0,3.48,3.48,중형,6000.0,2026-07-14,배송완료,2026-07-16 12:39:00,편의점접수,2026-07-13 17:30:00,2026-07-14,3.1,30,3.5
3100000789,2026-06-11 17:04:00,31,진주지점,C26607215,김은준,이호자,,서울,용산구 후암동,일반,도서·문구,문제집,5.0,22.0,24.0,26.0,2.29,5.0,소형,4000.0,2026-06-12,배송완료,2026-06-12 15:51:00,편의점접수,2026-06-11 17:04:00,2026-06-12,5,22,5
4100001749,2026-06-29 19:51:00,41,울산지점,C612BFB78,박규경,장채준,010-9080-7630,경기,화성시 동탄,일반,전자·디지털,충전기,4.6,21.0,21.0,18.0,1.32,4.6,소형,4000.0,2026-06-30,배송완료,2026-06-30 12:49:00,인터넷접수,2026-06-29 19:51:00,2026-06-30,4.6,21,4.6
1100002326,2026-05-21 18:43:00,11,서울지점,C4E9B5A8B,정재영,이재영,010-2196-2429,울산,중구 성남동,일반,의류·패션,원피스,2.3,37.0,30.0,24.0,4.44,4.44,중형,6000.0,2026-05-22,배송완료,2026-05-22 14:37:00,편의점접수,2026-05-21 18:43:00,2026-05-22,2.3,37,4.4
4100002014,2026-07-06 16:02:00,41,울산지점,C404E1E82,김재환,윤채자,010-3228-4497,부산,동래구 온천동,일반,의류·패션,청바지,1.1,37.0,38.0,29.0,6.8,6.8,중형,6000.0,2026-07-07,배송완료,2026-07-07 20:48:00,편의점접수,2026-07-06 16:02:00,2026-07-07,1.1,37,6.8
3100002804,2026-06-15 17:05:00,31,진주지점,CD2FBC3F5,한수영,이규영,010-3788-5412,경북,포항시 남구,일반,식품,김,1.8,30.0,28.0,20.0,2.8,2.8,소형,4000.0,2026-06-16,배송완료,2026-06-17 15:01:00,방문접수,2026-06-15 17:05:00,2026-06-16,1.8,30,2.8
3100001847,2026-05-18 11:56:00,31,진주지점,C852DC4BE,박준란,문예서,1054794792,경남,거제시 옥포동,일반,생활용품,주방용품,1.2,33.0,31.0,17.0,2.9,2.9,중형,6000.0,2026-05-19,배송완료,2026-05-19 17:20:00,방문접수,2026-05-18 11:56:00,2026-05-19,1.2,33,1.2
4100000392,2026-07-03 11:05:00,41,울산지점,C94E969BF,김서영,조규원,010-9163-9111,경기,성남시 분당구,일반,생활용품,청소기필터,2.1,36.0,39.0,23.0,5.38,5.38,중형,6000.0,2026-07-06,배송완료,2026-07-06 14:39:00,인터넷접수,2026-07-03 11:05:00,2026-07-06,2.1,36,5.4
1100002887,2026-06-15 19:42:00,11,서울지점,C908BD161,박호아,김정현,010-7431-1151,인천,남동구 구월동,일반,반려동물,강아지옷,9.1,32.0,26.0,10.0,1.39,9.1,중형,6000.0,2026-06-16,배송완료,2026-06-16 17:27:00,인터넷접수,2026-06-15 19:42:00,2026-06-16,9.1,32,9.1
2100000287,2026-06-15 15:05:00,21,대전지점,CEBD0BCF8,김지희,서태서,010-2050-5579,충남,당진시 수청동,일반,의류·패션,운동화(박스포함),0.9,48.0,31.0,31.0,7.69,7.69,중형,6000.0,2026-06-16,미배송,,편의점접수,2026-06-15 15:05:00,2026-06-16,0.9,48,7.7
1200001935,2026-05-05 11:54:00,12,용산지점,CA7063596,문지준,이도란,010-2678-7224,울산,남구 옥동,일반,의류·패션,티셔츠,1.9,38.0,23.0,24.0,3.5,3.5,중형,6000.0,2026-05-06,배송완료,2026-05-06 20:02:00,편의점접수,2026-05-05 11:54:00,2026-05-06,1.9,38,3.5
1100000848,2026-06-06 15:25:00,11,서울지점,CB6CD848C,이윤진,김민희,,울산,중구 성남동,일반,식품,김치통,1.7,21.0,22.0,20.0,1.54,1.7,소형,4000.0,2026-06-08,배송완료,2026-06-09 16:40:00,인터넷접수,2026-06-06 15:25:00,2026-06-08,1.7,21,1.7
2100001178,2026-07-09 18:14:00,21,대전지점,CB02051C0,이진자,정현아,010 5494 2313,경기,부천시 원미구,일반,식품,커피원두,8.9,24.0,21.0,16.0,1.34,8.9,중형,6000.0,2026-07-10,배송완료,2026-07-13 12:34:00,편의점접수,2026-07-09 18:14:00,2026-07-10,8.9,24,8.9
4100001341,2026-06-09 18:50:00,41,울산지점,CCE2C1D7A,한성란,김나아,010-7566-3288,대전,중구 은행동,일반,화장품·미용,샴푸,0.6,35.0,25.0,20.0,2.92,2.92,소형,4000.0,2026-06-10,배송완료,2026-06-17 20:25:00,편의점접수,2026-06-09 18:50:00,2026-06-10,0.6,35,2.9
1100000239,2026-07-19 14:15:00,11,서울지점,CBB74D958,전은호,김준우,010-5515-5755,대전,유성구 봉명동,일반,의류·패션,가방,1.2,50.0,32.0,18.0,4.8,4.8,중형,6000.0,2026-07-20,미배송,,편의점접수,2026-07-19 14:15:00,2026-07-20,1.2,50,4.8
2100001482,2026-06-19 15:27:00,21,대전지점,C793EC812,김은진,정주경,010-3966-8969,대전,유성구 봉명동,일반,생활용품,수납함,1.1,37.0,37.0,14.0,3.19,3.19,중형,6000.0,2026-06-22,배송완료,2026-06-23 14:51:00,편의점접수,2026-06-19 15:27:00,2026-06-22,1.1,37cm,3.2
1100000454,2026-06-22 16:37:00,11,서울지점,C57ABD0C8,김하진,김호숙,010-7947-9041,울산,북구 명촌동,일반,화장품·미용,샴푸,1.9,30.0,14.0,16.0,1.12,1.9,극소형,3500.0,2026-06-23,배송완료,2026-06-23 17:29:00,편의점접수,2026-06-22 16:37:00,2026-06-23,1.9,30,1.9
1100000811,2026-06-09 13:35:00,11,서울지점,CC5D93F0D,김나준,홍연빈,010-3397-6990,전북,익산시 영등동,일반,화장품·미용,향수,2.6,26.0,17.0,14.0,1.03,2.6,소형,4000.0,2026-06-10,배송완료,2026-06-10 13:48:00,인터넷접수,2026-06-09 13:35:00,2026-06-10,2.6,26,2.6
2100001342,2026-05-18 17:24:00,21,대전지점,C4B132738,김준연,전하현,010-5316-5235,경남,진주시 초전동,일반,의류·패션,모자,1.7,45.0,28.0,27.0,5.67,5.67,중형,6000.0,2026-05-19,배송완료,2026-05-19 12:04:00,인터넷접수,2026-05-18 17:24:00,2026-05-19,1.7,45,5.7
2100000562,2026-05-26 16:14:00,21,대전지점,CF136A60F,이성영,오예진,010-9274-5261,대전,중구 은행동,일반,전자·디지털,충전기,5.2,19.0,17.0,21.0,1.13,5.2,중형,6000.0,2026-05-27,배송완료,2026-05-27 17:09:00,편의점접수,2026-05-26 16:14:00,2026-05-27,5.2,19,5.2
2100001530,2026-05-01 18:42:00,21,대전지점,C409565D2,최하호,안성경,010-7443-6079,경남,진주시 초전동,일반,의류·패션,청바지,0.8,48.0,26.0,22.0,4.58,4.58,중형,6000.0,2026-05-04,배송완료,2026-05-05 13:38:00,인터넷접수,26-05-01 18:42,2026-05-04,0.8,48,4.6
3100001241,2026-07-13 14:44:00,31,진주지점,C964A71CD,김정호,이예영,010-6009-5992,경남,김해시 장유동,일반,생활용품,주방용품,7.0,48.0,37.0,30.0,8.88,8.88,중형,6000.0,2026-07-14,회수,,편의점접수,2026-07-13 14:44:00,2026-07-14,7,48,8.9
1200002152,2026-08-01 16:16:00,12,용산지점,C3D0481A0,김영영,박연연,010-7096-2899,부산,부산진구 부전동,일반,식품,김,1.3,23.0,16.0,21.0,1.29,1.3,극소형,3500.0,2026-08-03,배송완료,2026-08-03 11:41:00,방문접수,2026-08-01 16:16:00,2026-08-03,1.3,23,1.3
1100000010,2026-08-03 10:05:00,11,서울지점,C101077F7,박호란,김유율(직접수령),010-4485-4703,울산,북구 명촌동,일반,의류·패션,가방,1.7,38.0,40.0,20.0,5.07,5.07,중형,6000.0,2026-08-04,배송완료,2026-08-04 17:16:00,인터넷접수,2026-08-03 10:05:00,2026-08-04,1.7,38,5.1
2100002318,2026-07-17 17:57:00,21,대전지점,C59B431E3,장우연,김민철,010-7638-2279,경남,김해시 장유동,일반,전자·디지털,이어폰,1.7,19.0,25.0,17.0,1.35,1.7,소형,4000.0,2026-07-20,배송완료,2026-07-20 9:36:00,인터넷접수,2026-07-17 17:57:00,2026-07-20,1.7,19,1.7
4100001648,2026-07-17 17:15:00,41,울산지점,C50E29085,이아숙,양은미(경비실),010-8887-9284,인천,서구 청라동,일반,전자·디지털,공유기,3.5,22.0,22.0,21.0,1.69,3.5,소형,4000.0,2026-07-20,배송완료,2026-07-20 18:05:00,대리점,2026-07-17 17:15:00,2026-07-20,3.5,22,3.5
1200002169,2026-05-11 10:43:00,12,용산지점,CED4FC49C,김연빈,권성현,109238949,인천,부평구 부평동,일반,화장품·미용,향수,2.3,24.0,28.0,18.0,2.02,2.3,소형,4000.0,2026-05-12,배송완료,2026-05-12 9:31:00,편의점접수,2026-05-11 10:43:00,2026/05/12,2.3,24,2.3
1100000936,2026-06-15 10:13:00,11,서울지점,CE80CCBF0,오태미,정현희,010-8946-5846,서울,송파구 잠실동,일반,의류·패션,원피스,2.4,29.0,28.0,26.0,3.52,3.52,중형,6000.0,2026-06-16,배송완료,2026-06-16 17:30:00,편의점접수,2026-06-15 10:13:00,2026-06-16,2.4,29,3.5
2100000617,2026-06-22 16:46:00,21,대전지점,C98B56FCC,문도원,김영미,010-8462-5377,경남,진주시 평거동,일반,의류·패션,원피스,0.5,29.0,29.0,25.0,3.5,3.5,중형,6000.0,2026-06-23,배송완료,2026-06-24 16:44:00,인터넷접수,2026-06-22 16:46:00,2026-06-23,0.5,29,3.5
3100001971,2026-05-18 17:42:00,31,진주지점,CC889F657,박유서,이성희,010-3649-6909,전북,익산시 영등동,일반,도서·문구,문제집,7.2,23.0,27.0,27.0,2.79,7.2,중형,6000.0,2026-05-19,배송완료,2026-05-19 17:13:00,인터넷접수,26-05-18 17:42,2026-05-19,7.2,23,7.2
1100001772,2026-06-06 15:04:00,11,서울지점,C2EEC641D,김나호,황은호,010-9551-3374,울산,남구 옥동,일반,의류·패션,모자,1.7,32.0,27.0,32.0,4.61,4.61,중형,6000.0,2026-06-08,배송완료,2026-06-08 16:07:00,인터넷접수,2026-06-06 15:04:00,2026-06-08,1.7,32,4.6
1200002583,2026-06-15 13:39:00,12,용산지점,C17C09CC1,김호환,송정현,010-9677-8039,서울,용산구 후암동,일반,식품,김,5.5,22.0,28.0,20.0,2.05,5.5,중형,6000.0,2026-06-16,완료,2026-06-16 10:50:00,편의점접수,2026-06-15 13:39:00,2026-06-16,5.5,22,5.5
4100002475,2026-07-02 13:44:00,41,울산지점,CA6DBFF4A,이승란,김수연,010-3928-2643,서울,용산구 이태원동,일반,가구·침구,이 불,3.8,56.0,49.0,41.0,18.75,18.75,대형,9000.0,2026-07-03,배달완료,2026-07-06 17:29:00,편의점접수,2026-07-02 13:44:00,2026-07-03,3.8,56,18.8
1100002482,2026-05-18 13:55:00,11,서울지점,C8D719BED,이진율,박우란,010-4476-5604,인천,서구 청라동,일반,의류·패션,가방,0.8,42.0,31.0,29.0,6.29,6.29,중형,6000.0,2026-05-19,배송완료,2026-05-19 15:19:00,방문접수,2026-05-18 13:55:00,2026-05-19,0.8,42,6.3
1100001481,2026-06-15 13:47:00,11,서울지점,C788E0C28,이민자,이규식,010-6878-2892,울산,북구 명촌동,일반,식품,쌀,4.0,32.0,25.0,19.0,2.53,4.0,소형,4000.0,2026-06-16,배송완료,2026-06-16 20:37:00,편의점접수,2026-06-15 13:47:00,2026-06-16,4,32,4
2100002043,2026-07-28 16:30:00,21,대전지점,C6FC49349,조유환,이서준,010-8262-8019,경기,남양주시 다산동,일반,생활용품,휴지,7.8,44.0,38.0,28.0,7.8,7.8,중형,6000.0,2026-07-29,배송완료,2026-07-30 13:44:00,편의점접수,2026-07-28 16:30:00,2026.07.29,7.8,44,7.8
1200002233,2026-05-15 11:36:00,12,용산지점,C10BD07B7,임재란,이승숙,010-8106-5047,부산,부산진구 부전동,일반,생활용품,주방용품,2.9,46.0,41.0,13.0,4.09,4.09,중형,6000.0,2026-05-18,배송완료,2026-05-18 20:50:00,인터넷접수,2026-05-15 11:36:00,2026-05-18,2.9,46,4.1
2100000552,2026-06-01 09:48:00,21,대전지점,CB40FC860,안시우,류서연,010-6993-9202,대구,북구 침산동,일반,도서·문구,주류,4.0,28.0,21.0,27.0,2.65,4.0,소형,4000.0,2026-06-02,미배송,2026-06-02 11:54:00,방문접수,2026-06-01 9:48:00,2026-06-02,4,28,4
1200001858,2026-07-27 10:52:00,12,용산지점,C17C09CC1,김호환,오태자,010-8558-5845,서울,용산구 후암동,일반,화장품·미용,스킨케어세트,2.2,28.0,32.0,12.0,1.79,2.2,소형,4000.0,2026-07-28,배송완료,2026-08-04 10:03:00,편의점접수,26-07-27 10:52,2026-07-28,2.2,28,2.2
1100001948,2026-06-26 14:47:00,11,서울지점,C6047CAF5,안정철,박승미,010-5952-6204,전북,군산시 나운동,일반,식품,건어물,6.0,35.0,18.0,23.0,2.42,6.0,중형,6000.0,2026-06-29,배송완료,2026-06-29 18:53:00,방문접수,2026-06-26 14:47:00,2026-06-29,6,35,6
2100002990,2026-06-29 11:23:00,21,대전지점,C452B86F4,서시식,김준진,010-6492-6066,울산,남구 삼산동,일반,전자·디지털,공유기,1.5,32.0,23.0,16.0,1.96,1.96,소형,4000.0,2026-06-30,배송완료,2026-07-01 15:31:00,편의점접수,2026-06-29 11:23:00,2026-06-30,1.5,32,2
2100001526,2026-05-21 10:34:00,21,대전지점,C4B3E2F79,정나빈,정연서,010-3274-5554,경남,진주시 평거동,일반,의류·패션,원피스,1.6,33.0,28.0,16.0,2.46,2.46,소형,4000.0,2026-05-22,배송완료,2026-05-25 16:49:00,편의점접수,2026-05-21 10:34:00,2026-05-22,1.6,33,2.5
3100000308,2026-06-02 14:07:00,31,진주지점,CAEF59841,이아원,박규자,010-6614-5011,충북,제천시 하소동,일반,도서·문구,노트류,0.8,37.0,28.0,15.0,2.59,2.59,소형,4000.0,2026-06-03,배송완료,2026-06-10 12:16:00,방문접수,2026-06-02 14:07:00,2026-06-03,0.8,37,2.6
2100000073,2026-07-22 11:02:00,21,대전지점,C78FBB12F,정현경,홍도미,010-6967-2154,경기,남양주시 다산동,일반,식품,화분(생화),5.3,20.0,26.0,14.0,1.21,5.3,중형,6000.0,2026-07-23,배송완료,2026-07-23 10:52:00,방문접수,2026-07-22 11:02:00,2026-07-23,5.3,20,5.3
1100002740,2026-06-24 17:40:00,11,서울지점,C28ACF0B3,김성호,강태빈,010-4971-4727,경기,남양주시 다산동,일반,반려동물,고양이모래,6.7,28.0,30.0,10.0,1.4,6.7,중형,6000.0,2026-06-25,배송완료,2026-06-25 14:53:00,편의점접수,2026-06-24 17:40:00,2026-06-25,6.7,28,6.7
1100001042,2026-05-06 15:20:00,11,서울지점,C6D91F853,이주란,오민영,010-4321-7344,전북,익산시 영등동,일반,의류·패션,모자,1.0,46.0,38.0,12.0,3.5,3.5,중형,6000.0,2026-05-07,배송완료,2026-05-08 18:33:00,방문접수,2026-05-06 15:20:00,2026-05-07,1,46,3.5
2100001205,2026-07-13 11:21:00,21,대전지점,C0E18915C,김유아,조하환,1074553409,경기,화성시 동탄,일반,생활용품,수납함,4.4,44.0,38.0,30.0,8.36,8.36,중형,6000.0,2026-07-14,배송완료,2026-07-14 13:51:00,편의점접수,2026-07-13 11:21:00,2026-07-14,4.4,44,8.4
3200002012,2026-06-22 10:23:00,32,거제지점,CA596C04F,허수자,김영빈,010-3982-8826,경남,창원시 성산구,일반,전자·디지털,태블릿케이스,5.5,18.0,27.0,20.0,1.62,5.5,중형,6000.0,2026-06-23,배송완료,2026-06-23 20:02:00,인터넷접수,2026-06-22 10:23:00,2026-06-23,5.5,18,5.5
1200001980,2026-05-27 10:45:00,12,용산지점,C2E913452,장수아,김채연,010-2812-3700,대전,대덕구 송촌동,일반,가구·침구,이불 (겨울용),2.2,47.0,53.0,44.0,18.27,18.27,대형,9000.0,2026-05-28,배송완료,2026-05-28 13:07:00,편의접수,2026-05-27 10:45:00,2026-05-28,2.2,47,18.3
4100001098,2026-07-15 12:15:00,41,울산지점,C69879385,박연준,김나숙,010-9731-4122,경기,고양시 일산동구,일반,식품,된장,2.6,31.0,18.0,14.0,1.3,2.6,소형,4000.0,2026-07-16,배송완료,2026-07-17 17:41:00,대리점,2026-07-15 12:15:00,2026-07-16,2.6,31,2.6
3200002660,2026-06-10 15:14:00,32,거제지점,CFEA5600F,박아서,장서진,010-4543-8918,경기,수원시 영통구,일반,의류·패션,원피스,1.3,32.0,41.0,16.0,3.5,3.5,중형,6000.0,2026-06-11,배송완료,2026-06-11 9:57:00,편의점접수,2026-06-10 15:14:00,2026-06-11,1.3,32,3.5
4100000582,2026-06-22 13:12:00,41,울산지점,C257711D3,허진영,이예경,010-9380-1706,경기,화성시 동탄,일반,도서·문구,노트 10권,11.2,33.0,29.0,28.0,4.47,11.2,중형,6000.0,,배송완료,2026-06-23 11:55:00,편의점접수,2026-06-22 13:12:00,,11.2,33,11.2
3100001770,2026-07-20 11:54:00,31,진주지점,C6F89B72B,이시환,정현현,,강원,속초시 조양동,일반,식품,건어물,5.6,31.0,25.0,22.0,2.84,5.6,중형,6000.0,2026-07-21,배송완료,2026-07-22 12:10:00,인터넷접수,2026-07-20 11:54:00,2026-07-21,5.6,31,5.6
3200002029,2026-07-12 16:04:00,32,거제지점,CD7513A8A,조정호,배나율,010-5773-1506,대전,대덕구 송촌동,일반,식품,라면박스,12.0,30.0,17.0,19.0,1.62,12.0,중형,6000.0,2026-07-13,배송완료,2026-07-15 20:53:00,편의점접수,2026-07-12 16:04:00,2026-07-13,12,30,12
1100000119,2026-06-18 16:49:00,11,서울지점,C462825F1,장나아,박정빈,010-3558-9614,충북,청주시 흥덕구,일반,화장품·미용,향수,2.0,25.0,21.0,26.0,2.28,2.28,소형,4000.0,2026-06-19,반품,,인터넷접수,2026-06-18 16:49:00,2026-06-19,2,25,2.3
1100000600,2026-08-03 15:36:00,11,서울지점,C409565D2,최하호,이승빈,010-5946-2260,서울,강남구 역삼동,일반,식품,커피원두,8.8,36.0,21.0,20.0,2.52,8.8,중형,6000.0,2026-08-04,배송중,,편의점접수,2026-08-03 15:36:00,2026-08-04,8.8,36,8.8
1100001793,2026-06-05 14:34:00,11,서울지점,C68A782B0,한채경,박재율,010-5585-9651,경기,수원시 영통구,일반,의류·패션,신발,1.7,35.0,28.0,26.0,4.25,4.25,중형,6000.0,2026-06-08,배송완료,2026-06-08 10:52:00,방문접수,2026-06-05 14:34:00,2026-06-08,1.7,35,4.2
3100000777,2026-07-30 16:22:00,31,진주지점,C8ECBE8E5,최하아,김준우,,경기,화성시 동탄,일반,의류·패션,원피스,1.0,30.0,26.0,14.0,1.82,1.82,소형,3000.0,,배송완료,,방문접수,2026-07-30 16:22:00,,1,30,1.8
3200000166,2026-06-05 19:46:00,32,거제지점,C6345FB7E,남재연,오승미,010-4498-5174,서울,강남구 역삼동,일반,식품,라면박스,9.0,25.0,17.0,23.0,1.63,9.0,중형,6000.0,2026-06-08,배송완료,2026-06-08 10:46:00,편의점접수,2026-06-05 19:46:00,2026-06-08,9,25,9
3200002168,2026-07-02 15:07:00,32,거제지점,C385D1FC3,한은호,강시빈,010-9229-9285,경북,구미시 인동,일반,화장품·미용,샴푸,3.0,24.0,28.0,23.0,2.58,3.0,소형,4000.0,2026-07-03,미배달,,편의점접수,26-07-02 15:07,2026-07-03,3,24,3
1100000512,2026-06-25 09:01:00,11,서울지점,CC4FD5289,고승진,이민원,010-2687-7430,대구,북구 침산동,일반,생활용품,수납함,3.6,43.0,33.0,16.0,3.78,3.78,중형,6000.0,2026-06-26,배송완료,2026-06-26 10:32:00,방문접수,2026-06-25 9:01:00,2026-06-26,3.6,43,3.8
1100002518,2026-05-25 13:33:00,11,서울지점,CEDBD7B92,김도호,김호철,1060125283,경기,부천시 원미구,일반,생활용품,세제,3.2,46.0,34.0,15.0,3.91,3.91,중형,6000.0,2026-05-26,배송완료,2026-05-26 10:49:00,편의점접수,2026-05-25 13:33:00,2026-05-26,3.2,46,3.9
1100002127,2026-08-03 10:08:00,11,서울지점,CEBD0BCF8,김지희,윤예준,010-5429-8434,서울,용산구 원효로1가,일반,식품,커피원두,3.3,24.0,21.0,13.0,1.09,3.3,소형,4000.0,2026-08-04,배송완료,2026-08-05 17:52:00,편의점접수,2026-08-03 10:08:00,2026-08-04,3.3,24,3.3
1100002443,2026-05-14 11:46:00,11,서울지점,CE4906BBC,강규원,정규원,010-2350-4701,서울,노원구 상계동,일반,생활용품,휴지 30롤,4.4,48.0,41.0,25.0,8.2,8.2,중형,6000.0,2026-05-15,배송완료,2026-05-18 14:08:00,편의점접수,2026-05-14 11:46:00,2026-05-15,4.4,48,8.2
2100000927,2026-07-14 17:59:00,21,대전지점,C7FAE69B9,김준율,조은란,010-4280-3596,경남,거제시 옥포동,일반,의류·패션,가방,1.6,46.0,25.0,32.0,6.13,6.13,중형,6000.0,2026-07-15,배송완료,2026-07-15 18:41:00,인터넷접수,2026-07-14 17:59:00,2026-07-15,1.6,46,6.1
2100002073,2026-06-02 17:28:00,21,대전지점,C76B43D2D,류성경,박나환,010-7938-6148,서울,마포구 서교동,일반,전자·디지털,공유기,4.9,26.0,19.0,18.0,1.48,4.9,소형,4000.0,2026-06-03,배송완료,2026-06-03 14:03:00,편의점접수,2026-06-02 17:28:00,2026-06-03,4.9,26cm,4.9
2100001385,2026-06-27 09:47:00,21,대전지점,C40598D1C,송민빈,박민식,010-8096-8887,울산,북구 명촌동,일반,전자·디지털,공유기,5.5,19.0,15.0,26.0,1.24,5.5,중형,6000.0,2026-06-29,배송완료,2026-06-29 14:04:00,편의점접수,2026-06-27 9:47:00,2026-06-29,5.5,19,5.5
1100001173,2026-08-03 14:33:00,11,서울지점,C61E4B76A,박예빈,이태진,010-4577-4662,경남,진주시 평거동,일반,식품,과일선물세트,8.1,27.0,26.0,17.0,1.99,8.1,중형,6000.0,2026-08-04,배송완료,2026-08-05 20:18:00,편의점접수,2026-08-03 14:33:00,2026-08-04,8.1,27,8.1
1100000579,2026-07-30 18:18:00,11,서울지점,C79052336,이연호,이호진,,충북,제천시 하소동,일반,반려동물,장난감,8.0,20.0,32.0,24.0,2.56,8.0,중형,6000.0,2026-07-31,배송완료,2026-07-31 17:53:00,인터넷접수,2026-07-30 18:18:00,2026-07-31,8,20,8
3200000885,2026-07-17 15:32:00,32,거제지점,CD2876E43,김서원,송주호,010-2605-3181,부산,해운대구 우동,일반,도서·문구,노트류,11.8,33.0,29.0,20.0,3.19,11.8,중형,6000.0,2026-07-20,배송완료,2026-07-25 20:31:00,편의점접수,2026-07-17 15:32:00,2026.07.20,11.8,33,11.8
4100002677,2026-05-31 12:20:00,41,울산지점,C8F1261F4,이영경,김민희,010-9560-1098,경기,부천시 원미구,일반,의류·패션,원피스,0.4,40.0,42.0,18.0,5.04,5.04,중형,6000.0,2026-06-01,배송완료,2026-06-01 14:34:00,인터넷접수,2026-05-31 12:20:00,2026-06-01,0.4,40,5
3100000689,2026-06-19 12:41:00,31,진주지점,C487B0E26,김도율,신연환,010-4498-3266,서울,강남구 역삼동,일반,전자·디지털,키보드,1.3,30.0,25.0,11.0,1.38,1.38,소형,4000.0,2026-06-22,반품,2026-06-23 14:05:00,인터넷접수,2026-06-19 12:41:00,2026-06-22,1.3,30,1.4
1200002966,2026-07-13 11:24:00,12,용산지점,C0FB8FD70,이도아,정지준,010-2157-7755,대전,동구 가양동,일반,전자·디지털,공유기,4.5,19.0,28.0,17.0,1.51,4.5,소형,4000.0,2026-07-14,배송완료,2026-07-14 20:31:00,인터넷접수,2026-07-13 11:24:00,2026-07-14,4.5,19,4.5
3100001902,2026-07-06 18:14:00,31,진주지점,CD914745D,김영율,유규우,010-4300-7426,경남,진주시 초전동,일반,의류·패션,티셔츠,0.7,49.0,36.0,19.0,5.59,5.59,중형,6000.0,2026-07-07,반송,,인터넷접수,2026-07-06 18:14:00,2026-07-07,0.7,49,5.6
1100001862,2026-05-04 17:12:00,11,서울지점,C3F443572,이호서,김채연,010-4805-1229,울산,동구 방어동,일반,생활용품,빨래건조대,6.6,46.0,27.0,27.0,5.59,6.6,중형,6000.0,2026-05-05,배송완료,2026-05-06 19:45:00,대리점,2026-05-04 17:12:00,2026-05-05,6.6,46,6.6
2100001611,2026-06-11 15:12:00,21,대전지점,C3E78B8D5,김규호,이성현,1025668158,경남,진주시 평거동,일반,화장품·미용,향수,2.5,39.0,23.0,9.0,1.35,2.5,소형,4000.0,2026-06-12,배송완료,2026-06-19 10:38:00,대리점,2026-06-11 15:12:00,2026-06-12,2.5,39,2.5
1200000975,2026-06-06 16:39:00,12,용산지점,C36AFC6BE,안진현,이재식,010-5960-2260,울산,울주군 범서읍,일반,전자·디지털,충전기,2.2,38.0,14.0,14.0,1.24,2.2,소형,4000.0,2026-06-08,완료,2026-06-08 11:41:00,편의점접수,2026-06-06 16:39:00,2026-06-08,2.2,38,2.2
1100001337,2026-05-18 16:53:00,11,서울지점,CABADDC1A,박주철,박우철,,서울,용산구 이태원동,일반,화장품·미용,스킨케어세트,2.8,21.0,23.0,14.0,1.13,2.8,소형,4000.0,2026-05-19,배송완료,2026-05-19 12:37:00,편의점접수,2026-05-18 16:53:00,2026-05-19,2.8,21,2.8
1100002102,2026-05-29 11:56:00,11,서울지점,C3F6AE748,박서란,손유경,010-9332-2161,울산,동구 방어동,일반,반려동물,장난감,9.9,30.0,29.0,23.0,3.34,9.9,중형,6000.0,2026-06-01,배송완료,2026-06-01 12:10:00,인터넷접수,2026-05-29 11:56:00,2026-06-01,9.9,30,9.9
1100000961,2026-08-03 15:15:00,11,서울지점,CFBCE2B3E,김나아,이채환,010-3367-3648,충남,서산시 동문동,일반,전자·디지털,충전기,5.8,40.0,30.0,18.0,3.6,5.8,중형,6000.0,2026-08-04,미배달,,대리점,2026-08-03 15:15:00,2026-08-04,5.8,40,5.8
3100001180,2026-05-25 15:36:00,31,진주지점,CD24CA64F,김호희,김은철,010-2726-9310,대전,동구 가양동,일반,식품,김,8.3,25.0,15.0,15.0,0.94,8.3,중형,6000.0,2026-05-26,배송완료,2026-05-26 15:55:00,편의점접수,2026-05-25 15:36:00,2026-05-26,8.3,25,8.3
1100000570,2026-08-02 18:50:00,11,서울지점,C3A712848,최지환,임은환,010-4810-4286,부산,해운대구 우동,일반,식품,라면박스,3.7,37.0,23.0,15.0,2.13,3.7,소형,4000.0,2026-08-03,배달중,,편의점접수,2026-08-02 18:50:00,2026-08-03,3.7,37,3.7
3200001713,2026-07-21 17:07:00,32,거제지점,C3216D975,김호란,박호숙,010-5150-8295,경남,창원시 성산구,일반,의류·패션,가방,1.9,46.0,39.0,19.0,5.68,5.68,중형,6000.0,2026-07-22,배송완료,2026-07-22 16:10:00,편의점접수,2026.07.21 17시07분,2026-07-22,1.9,46,5.7
2100000544,2026-07-27 16:37:00,21,대전지점,CCF5FF8E0,정준서,김규철,010-4647-2962,서울,용산구 원효로1가,일반,전자·디지털,충전기,3.4,18.0,27.0,20.0,1.62,3.4,소형,4000.0,2026-07-28,배송완료,2026-07-29 15:30:00,인터넷접수,2026-07-27 16:37:00,2026-07-28,3.4,18,3.4
1100000489,2026-06-03 11:49:00,11,서울지점,CE61BD650,김시연,김아영,010-4529-3138,경남,창원시 성산구,일반,식품,김치통,7.7,26.0,23.0,16.0,1.59,7.7,중형,6000.0,,배송완료,2026-06-05 20:25:00,방문접수,2026/06/03 11:49,,7.7,26,7.7
3100000051,2026-07-02 13:40:00,31,진주지점,C35F99C6F,박서식,조유준,010-2147-8679,서울,용산구 청파동,일반,도서·문구,다이어리,1.8,33.0,22.0,18.0,2.18,2.18,소형,4000.0,2026-07-03,배송완료,2026-07-03 14:08:00,편의점접수,2026-07-02 13:40:00,2026-07-03,1.8,33,2.2
2100001240,2026-05-25 18:19:00,21,대전지점,CC8D0248F,최우경,박정영,010-7297-8532,경기,수원시 영통구,일반,식품,건어물,10.1,34.0,25.0,18.0,2.55,10.1,중형,6000.0,2026-05-26,반품,,방문접수,2026-05-25 18:19:00,2026-05-26,10.1,34,10.1
1100001768,2026-07-17 16:50:00,11,서울지점,CBFBB184F,류정자,서연아,1040837804,울산,남구 옥동,일반,식품,김치,10.9,20.0,21.0,18.0,1.26,10.9,중형,6000.0,2026-07-20,배송완료,,대리점접수,2026-07-17 16:50:00,2026-07-20,10.9,20,10.9
1100000859,2026-07-17 12:42:00,11,서울지점,C9DAEC101,양예서,이준빈,109522387,대전,서구 둔산동,일반,도서·문구,필기구세트,8.6,35.0,29.0,24.0,4.06,8.6,중형,6000.0,2026-07-20,배송완료,2026-07-20 20:45:00,편의점접수,2026-07-17 12:42:00,2026-07-20,8.6,35,8.6
1100001986,2026-06-09 16:03:00,11,서울지점,C50AD5834,박성호,손정경,010-6315-3449,경남,진주시 평거동,일반,화장품·미용,샴푸,0.2,35.0,21.0,24.0,2.94,2.94,소형,4000.0,2026-06-10,배송완료,2026-06-12 11:42:00,편의점접수,2026-06-09 16:03:00,2026-06-10,0.2,35,2.9
1200002591,2026-07-20 12:03:00,12,용산지점,C3F7E3CB6,이준아,이민연,010-7453-8215,서울,용산구 원효로1가,일반,식품,쌀,10.1,29.0,19.0,24.0,2.2,10.1,중형,6000.0,2026-07-21,배송완료,2026-07-21 16:30:00,인터넷접수,2026-07-20 12:03:00,2026-07-21,10.1,29,10.1
1100000375,2026-05-18 12:24:00,11,서울지점,C8C8C562C,김재란,최윤자,010-8534-2115,경남,거제시 고현동,일반,식품,과일선물세트,11.8,27.0,19.0,27.0,2.31,11.8,중형,6000.0,2026-05-19,배송 완료,2026-05-19 10:36:00,인터넷접수,2026-05-18 12:24:00,2026-05-19,-3,27,11.8
3100000518,2026-07-23 16:10:00,31,진주지점,C4A990FC0,김규빈,이유철,010-7794-6359,경기,부천시 원미구,일반,식품,라면박스,11.3,34.0,16.0,28.0,2.54,11.3,중형,6000.0,2026-07-24,배송완료,2026-07-24 9:17:00,인터넷접수,2026-07-23 16:10:00,2026-07-24,11.3,34,11.3
1200001538,2026-06-11 13:37:00,12,용산지점,C76B43D2D,류성경,김지율(경비실),010-8356-2195,전남,여수시 학동,일반,의류·패션,가방,0.7,48.0,40.0,17.0,5.44,5.44,중형,6000.0,2026-06-12,배송완료,2026-06-15 10:00:00,방문접수,2026-06-11 13:37:00,2026-06-12,0.7,48,5.4
1100001827,2026-06-25 15:56:00,11,서울지점,C0838E327,조도아,허도희,010-6268-9371,경남,거제시 고현동,일반,생활용품,빨래건조대,5.0,28.0,39.0,25.0,4.55,5.0,중형,6000.0,2026-06-26,배송완료,2026-06-29 14:48:00,편의점접수,2026/06/25 15:56,2026-06-26,5,28,5
1100000809,2026-06-29 16:41:00,11,서울지점,C589FA874,장재희,최하철,010-7560-2388,도서산간,울릉도 도동,도서산간,반려동물,사료,2.1,23.0,23.0,17.0,1.5,2.1,소형,9000.0,2026-07-02,배송완료,2026-07-02 12:01:00,편의점접수,2026-06-29 16:41:00,2026-07-02,2.1kg,23,2.1
1100002548,2026-06-15 19:36:00,11,서울지점,C159E1D9E,최승호,이도경,010-4740-3498,경북,경주시 황성동,일반,도서·문구,노트 10권,0.4,24.0,20.0,23.0,1.84,1.84,소형,4000.0,2026-06-16,미배송,,인터넷접수,2026-06-15 19:36:00,2026-06-16,0.4,24,1.8
3100000346,2026-07-31 13:19:00,31,진주지점,C55F6D57C,한예진,김시영,1055203468,울산,북구 명촌동,일반,의류·패션,코트,1.9,41.0,32.0,21.0,4.59,4.59,중형,6000.0,2026-08-03,배송완료,2026-08-04 13:10:00,편의점접수,2026-07-31 13:19:00,2026-08-03,1.9,41cm,4.6
2100002311,2026-05-26 18:05:00,21,대전지점,CA954676C,강유아,최연아,010-2785-1638,서울,송파구 잠실동,일반,가구·침구,커튼,4.0,52.0,44.0,46.0,17.54,17.54,대형,9000.0,2026-05-27,배송완료,2026-06-03 10:38:00,방문접수,2026-05-26 18:05:00,2026-05-27,4,52,17.5
1100002690,2026-07-10 14:01:00,11,서울지점,CA7228354,박나환,이민환,010-8465-7319,울산,북구 명촌동,일반,가구·침구,커튼,2.1,43.0,44.0,40.0,12.61,12.61,대형,9000.0,2026-07-13,배송완료,2026-07-13 16:39:00,편의점 접수,2026-07-10 14:01:00,2026-07-13,2.1,43,12.6
1100002853,2026-07-03 17:04:00,11,서울지점,C6ADB3DE6,최성숙,홍유연,010-4770-3329,울산,남구 삼산동,일반,식품,김,9.4,29.0,17.0,28.0,2.3,9.4,중형,6000.0,2026-07-06,배송완료,2026-07-06 17:50:00,대리점,2026-07-03 17:04:00,2026-07-06,9.4,29,9.4
1100001638,2026-07-07 17:59:00,11,서울지점,C44337150,정지식,안도원,010-5313-4881,전북,군산시 나운동,일반,생활용품,수납함,1.4,47.0,30.0,23.0,5.4,5.4,중형,6000.0,2026-07-08,배송완료,2026-07-09 20:37:00,편의점접수,2026-07-07 17:59:00,2026-07-08,1.4,47,5.4
1100000963,2026-07-27 16:17:00,11,서울지점,C64D69499,박예식,이규원,1065369828,세종,한솔동,일반,반려동물,부탄가스,8.4,24.0,15.0,15.0,0.9,8.4,중형,6000.0,2026-07-28,배송완료,2026-07-29 17:27:00,대리점,2026-07-27 16:17:00,2026/07/28,8.4,24,8.4
3100002513,2026-07-13 18:08:00,31,진주지점,C6F75010D,장성미,이승연,010-8084-9326,서울,마포구 서교동,일반,의류·패션,운동화(박스포함),0.3,29.0,31.0,18.0,2.7,2.7,소형,4000.0,2026-07-14,배송완료,2026-07-16 10:08:00,편의점접수,2026-07-13 18:08:00,2026-07-14,0.3,29,2.7
2100000780,2026-05-17 14:54:00,21,대전지점,CE38C61B0,안하호,윤예식,010-5756-5694,대전,대덕구 송촌동,일반,의류·패션,패딩,2.0,36.0,31.0,12.0,2.23,2.23,소형,4000.0,2026-05-18,배송완료,2026-05-18 13:07:00,인터넷접수,2026-05-17 14:54:00,2026-05-18,2,36,2.2
2100002675,2026-06-08 18:56:00,21,대전지점,C2A0208D5,손규영,조은율,010-9462-3324,충북,충주시 연수동,일반,의류·패션,원피스,1.9,36.0,39.0,16.0,3.74,3.74,중형,6000.0,2026-06-09,배송완료,2026-06-09 19:49:00,인터넷접수,2026-06-08 18:56:00,2026-06-09,1.9,36cm,3.7
1200000862,2026-06-24 14:56:00,12,용산지점,CCE47DEF8,정은경,배태빈,010-6488-1345,경남,김해시 장유동,일반,화장품·미용,헤어드라이어,2.2,37.0,26.0,11.0,1.76,2.2,소형,4000.0,2026-06-25,배송완료,2026-06-25 10:17:00,편의점접수,2026-06-24 14:56:00,2026-06-25,2.2,37,2.2
1200002448,2026-06-30 11:49:00,12,용산지점,C46DA4720,김호우,최규원,010 9546 3563,전북,익산시 영등동,일반,도서·문구,도서,10.7,33.0,27.0,13.0,1.93,10.7,중형,6000.0,2026-07-01,배송완료,2026-07-02 9:43:00,인터넷접수,2026-06-30 11:49:00,2026-07-01,10.7,33,10.7
1100000578,2026-05-07 18:34:00,11,서울지점,C338D580D,정민미,박아우,010-4000-6882,서울,용산구 한남동,일반,생활용품,청소기필터,4.2,33.0,30.0,15.0,2.48,4.2,소형,4000.0,2026-05-08,배송완료,2026-05-08 12:44:00,대리점,2026-05-07 18:34:00,2026-05-08,4.2,33,4.2
1100001377,2026-06-10 16:54:00,11,서울지점,C154CC174,송호원,최나영,010-2916-2352,인천,서구 청라동,일반,식품,된장,9.5,27.0,27.0,19.0,2.31,9.5,중형,6000.0,2026-06-11,배송완료,2026-06-11 17:05:00,인터넷접수,2026-06-10 16:54:00,2026-06-11,9.5,27,9.5
1200002160,2026-06-17 12:27:00,12,용산지점,C17401F02,박유희,김지아,010-6991-3871,충북,청주시 흥덕구,일반,식품,된장,2.6,27.0,25.0,16.0,1.8,2.6,소형,4000.0,2026-06-18,배송완료,2026-06-18 13:28:00,인터넷접수,2026-06-17 12:27:00,2026-06-18,2.6,27,2.6
1200002669,2026-05-01 12:11:00,12,용산지점,CD5A4BC31,임성희,정민자,010-4014-8145,대전,대덕구 송촌동,일반,의류·패션,티셔츠 2장,0.4,31.0,35.0,17.0,3.07,3.07,중형,6000.0,2026-05-04,배송완료,2026-05-04 9:13:00,편의점접수,2026-05-01 12:11:00,2026-05-04,0.4,31,3.1
1100002531,2026-06-19 16:12:00,11,서울지점,C64D69499,박예식,이태원,010-6660-8347,강원,속초시 조양동,일반,의류·패션,가방,1.3,37.0,35.0,16.0,3.45,3.45,중형,6000.0,2026-06-22,배송완료,2026-06-23 19:37:00,인터넷접수,2026-06-19 16:12:00,2026-06-22,1.3,37,3.5
2100001579,2026-08-02 14:04:00,21,대전지점,CE64BF397,박재호,최지희,010-8817-1320,경기,용인시 기흥구,일반,화장품·미용,샴푸,0.3,26.0,26.0,19.0,2.14,2.14,소형,4000.0,2026-08-03,배송완료,2026-08-03 17:00:00,편의점접수,2026-08-02 14:04:00,2026-08-03,0.3,26cm,2.1
1200000124,2026-06-01 14:44:00,12,용산지점,CF5FBB477,전승경,안주식,010-3966-9491,서울,은평구 응암동,일반,전자·디지털,키보드,1.6,29.0,16.0,17.0,1.31,1.6,소형,4000.0,2026-06-02,배송완료,2026-06-02 11:21:00,인터넷접수,2026-06-01 14:44:00,2026-06-02,1.6,29,1.6
2100001946,2026-06-24 16:33:00,21,대전지점,CB10EF960,정주율,황아란,010-7051-5100,울산,동구 방어동,일반,식품,커피원두,8.1,23.0,18.0,21.0,1.45,8.1,중형,6000.0,2026-06-25,배송완료,2026-06-25 12:31:00,인터넷접수,2026-06-24 16:33:00,2026-06-25,8.1,23,8.1
1100002240,2026-06-08 18:02:00,11,서울지점,C7652ECDD,임시철,김은환,010-8977-5090,전북,익산시 영등동,일반,의류·패션,티셔츠,2.2,42.0,35.0,16.0,3.92,3.92,중형,6000.0,2026-06-09,미배송,,대리점,2026-06-08 18:02:00,2026-06-09,2.2,42,3.9
3100001684,2026-05-11 15:58:00,31,진주지점,C532AAAD8,허시영,이우현,010-5775-5669,인천,부평구 부평동,일반,전자·디지털,키보드,2.2,30.0,15.0,15.0,1.12,2.2,소형,4000.0,2026-05-12,배송완료,2026-05-12 18:44:00,편의점접수,2026-05-11 15:58:00,2026-05-12,2.2,30,2.2
4100002226,2026-07-24 18:35:00,41,울산지점,C0102186A,이성서,최윤우 님,010-7313-3919,경남,진주시 평거동,일반,도서·문구,노트류,1.8,32.0,30.0,26.0,4.16,4.16,중형,6000.0,2026-07-27,배송완료,2026-07-27 10:30:00,편의점접수,2026-07-24 18:35:00,2026-07-27,1.8,32,4.2
3200001057,2026-07-01 17:08:00,32,거제지점,CEDBD7B92,김도호,권지서,010-9064-6635,경남,진주시 충무공동,일반,의류·패션,청바지,2.0,44.0,40.0,22.0,6.45,6.45,중형,6000.0,2026-07-02,배송완료,2026-07-06 19:25:00,편의점접수,2026-07-01 17:08:00,2026/07/02,2,44,6.5
3100002200,2026-05-18 14:22:00,31,진주지점,C3E699135,조규경,신민란,010-4703-2406,대전,유성구 노은동,일반,의류·패션,티셔츠,2.4,42.0,30.0,17.0,3.57,3.57,중형,6000.0,2026-05-19,배송완료,2026-05-19 13:27:00,편의점접수,2026-05-18 14:22:00,2026-05-19,2.4,42,3.6
4100001518,2026-07-31 15:09:00,41,울산지점,CFF0BB7E6,강규현,이호호,010-5887-8122,경기,부천시 원미구,일반,전자·디지털,공유기,2.9,25.0,28.0,19.0,2.22,2.9,소형,4000.0,2026-08-03,배송완료,2026-08-03 19:38:00,편의점접수,2026-07-31 15:09:00,2026-08-03,2.9,25,2.9
2100002802,2026-05-05 09:58:00,21,대전지점,CD3EA7566,김정아,김주아,010-7159-1212,울산,북구 명촌동,일반,식품,포기김치,10.3,30.0,28.0,15.0,2.1,10.3,중형,6000.0,2026-05-06,배송완료,2026-05-06 19:40:00,인터넷접수,2026-05-05 9:58:00,2026-05-06,10.3,30,10.3
2100002860,2026-07-20 17:27:00,21,대전지점,C2D352EB4,김도철,윤서미,010-5696-4451,대전,유성구 봉명동,일반,식품,라면박스,11.6,22.0,15.0,14.0,0.77,11.6,중형,4000.0,2026-07-21,미배송,,편의점접수,2026-07-20 17:27:00,2026-07-21,11.6,22,11.6
3100001586,2026-05-25 14:50:00,31,진주지점,C12D9F034,이정미,최준식,010-5882-7425,대구,달서구 상인동,일반,생활용품,주방용품,0.6,49.0,39.0,16.0,5.1,5.1,중형,6000.0,2026-05-26,배송완료,2026-05-26 17:27:00,편의점접수,2026-05-25 14:50:00,2026-05-26,0.6,49,5.1
1100000746,2026-08-03 16:01:00,11,서울지점,C75CF7827,이규란,정은숙,010-9532-4421,세종,새롬동,일반,의류·패션,반팔티,0.8,42.0,36.0,16.0,4.03,4.03,중형,6000.0,2026-08-04,배송완료,2026-08-04 18:37:00,편의점접수,08/03/2026 16:01,2026-08-04,0.8,42,4
1100000342,2026-07-06 17:56:00,11,서울지점,C0B504EA5,정나율,김태준,010-4659-5648,서울,용산구 청파동,일반,의류·패션,패딩,2.2,36.0,39.0,24.0,5.62,5.62,중형,6000.0,2026-07-07,배송완료,2026-07-07 9:48:00,방문접수,07/06/2026 17:56,2026-07-07,2.2,36,5.6
1100000956,2026-06-15 16:15:00,11,서울지점,CAC1543B2,이정진,송하미,010-8729-8552,강원,속초시 조양동,일반,화장품·미용,스킨케어세트,1.7,25.0,29.0,19.0,2.3,2.3,소형,4000.0,2026-06-16,배송완료,2026-06-16 15:13:00,편의점접수,2026-06-15 16:15:00,2026-06-16,1.7,25,2.3
4100001118,2026-07-15 12:11:00,41,울산지점,C2FB5599B,김승현,손규아,010-3850-3661,경기,용인시 기흥구,일반,식품,된장,7.2,27.0,23.0,27.0,2.79,7.2,중형,6000.0,2026-07-16,배송완료,2026-07-16 20:21:00,인터넷접수,2026-07-15 12:11:00,2026-07-16,7.2,27,7.2
1200002592,2026-07-17 16:07:00,12,용산지점,CCD34DB00,김하철,박수현,010 9928 6670,전북,군산시 나운동,일반,화장품·미용,향수,2.0,22.0,29.0,22.0,2.34,2.34,소형,4000.0,2026-07-20,배송완료,2026-07-20 13:55:00,인터넷접수,2026-07-17 16:07:00,2026-07-20,2,22,2.3
1100002086,2026-05-25 14:06:00,11,서울지점,C4B4602EE,김채자,김현서,010-7878-3720,대전,유성구 노은동,일반,생활용품,빨래건조대,4.1,44.0,36.0,21.0,5.54,5.54,중형,6000.0,2026-05-26,배송완료,2026-05-26 12:57:00,인터넷접수,2026-05-25 14:06:00,2026-05-26,4.1,44,5.5
4100002369,2026-06-22 13:33:00,41,울산지점,CACF2FFC3,이지철,류지란(경비실),010-6320-7071,경북,구미시 인동,일반,가구·침구,커튼,3.9,53.0,52.0,34.0,15.62,15.62,대형,9000.0,2026-06-23,배송완료,2026-06-23 17:40:00,인터넷접수,2026-06-22 13:33:00,2026-06-23,3.9,53,15.6
1100001175,2026-05-04 16:51:00,11,서울지점,CEF8F4FF9,안수영,한준서,010-9407-1842,서울,용산구 한남동,일반,식품,건어물,11.1,38.0,17.0,12.0,1.29,11.1,중형,1000.0,2026-05-05,배송완료,2026-05-05 18:32:00,방문접수,2026-05-04 16:51:00,2026-05-05,11.1,38,11.1
1100000966,2026-06-08 18:38:00,11,서울지점,CF8A2A311,김성진,이규식,010-7212-6741,충남,천안시 서북구,일반,의류·패션,패딩,0.5,33.0,24.0,26.0,3.43,3.43,중형,6000.0,2026-06-09,배송완료,2026-06-09 17:01:00,인터넷접수,2026-06-08 18:38:00,2026-06-09,0.5,33,3.4
1100001109,2026-05-03 12:06:00,11,서울지점,C6047CAF5,안정철,양예빈,010-4515-7175,경기,고양시 일산동구,일반,화장품·미용,헤어드라이어,0.3,38.0,24.0,10.0,1.52,1.52,소형,4000.0,2026-05-04,배송완료,2026-05-04 11:08:00,편의점접수,2026-05-03 12:06:00,2026-05-04,0.3,38,1.5
1100000273,2026-06-08 19:52:00,11,서울지점,C43460007,김준자,이영현,010-7923-4607,경기,수원시 영통구,일반,식품,과일선물세트,11.7,32.0,23.0,15.0,1.84,11.7,중형,6000.0,2026-06-09,배송완료,2026-06-09 16:36:00,인터넷접수,06/08/2026 19:52,2026-06-09,11.7,32,11.7
4100002262,2026-06-23 17:06:00,41,울산지점,C6EDB81C0,강태식,손아영,010 4592 8635,전남,순천시 조례동,일반,생활용품,주방용품,3.6,36.0,26.0,24.0,3.74,3.74,중형,6000.0,2026-06-24,배송완료,2026-06-24 14:52:00,편의점접수,2026-06-23 17:06:00,2026-06-24,3.6,36,3.7
4100001467,2026-07-03 13:03:00,41,울산지점,C9B86C830,정유아,황도희,010-3306-1045,경기,화성시 동탄,일반,식품,김,5.0,31.0,18.0,20.0,1.86,5.0,소형,4000.0,2026-07-06,배송완료,,방문접수,2026-07-03 13:03:00,2026-07-06,5,31,5
1100002005,2026-06-01 18:52:00,11,서울지점,C08365604,박진빈,정우숙,010-9255-8047,경남,양산시 물금읍,일반,의류·패션,냉동식품,2.0,28.0,28.0,27.0,3.53,3.53,중형,6000.0,2026-06-02,배송완료,2026-06-02 11:23:00,인터넷접수,2026-06-01 18:52:00,2026.06.02,2,28,3.5
1100002996,2026-05-31 14:33:00,11,서울지점,C04F94574,강재희,김지철,010-5636-7116,전북,익산시 영등동,일반,의류·패션,모자,1.7,48.0,30.0,16.0,3.84,3.84,중형,6000.0,2026-06-01,배송완료,2026-06-01 9:32:00,인터넷접수,2026-05-31 14:33:00,2026-06-01,1.7,48,3.8
3100002738,2026-05-18 11:27:00,31,진주지점,CBEFC1856,전주경,권수희,010-6623-4677,대전,유성구 봉명동,일반,생활용품,청소기필터,5.0,42.0,24.0,27.0,4.54,5.0,중형,6000.0,2026-05-19,배송완료,2026-05-19 13:58:00,방문접수,2026-05-18 11:27:00,2026-05-19,5,42,5
1200000441,2026-08-03 15:04:00,12,용산지점,C8D91A1AE,이하빈,김유연,010-2492-1662,경남,거제시 옥포동,일반,전자·디지털,태블릿케이스,1.1,39.0,15.0,16.0,1.56,1.56,소형,4000.0,2026-08-04,배송완료,2026-08-05 19:52:00,편의점접수,2026-08-03 15:04:00,2026-08-04,1.1,39,1.6
1100002921,2026-07-09 11:07:00,11,서울지점,C338D580D,정민미,이영란,010-9134-9211,경기,남양주시 다산동,일반,화장품·미용,샴푸,0.3,39.0,21.0,8.0,1.09,1.09,소형,4000.0,2026-07-10,배송완료,2026-07-10 13:31:00,방문접수,2026-07-09 11:07:00,2026-07-10,0.3,39,1.1
2100001977,2026-06-22 12:44:00,21,대전지점,C2F2D56C0,류시환,박연율,010-7600-7373,서울,은평구 응암동,일반,의류·패션,모자,1.6,37.0,42.0,26.0,6.73,6.73,중형,6000.0,2026-06-23,배송완료,2026-06-23 12:31:00,편의점접수,2026.06.22 12시44분,2026-06-23,1.6,37,6.7
1100002792,2026-06-16 16:46:00,11,서울지점,C0DDDAC9D,송성서,허도원,010 5654 9663,서울,마포구 서교동,일반,생활용품,세제(대용량),2.1,32.0,36.0,25.0,4.8,4.8,중형,6000.0,2026-06-17,배송완료,2026-06-17 16:48:00,대리점,2026-06-16 16:46:00,2026-06-17,2.1,32,4.8
2100001049,2026-05-25 15:11:00,21,대전지점,C54F60978,이규아,최준진,010-9789-1605,울산,중구 성남동,일반,의류·패션,청바지,0.4,36.0,28.0,26.0,4.37,4.37,중형,6000.0,2026-05-26,배송완료,2026-05-26 12:25:00,편의점접수,2026-05-25 15:11:00,2026-05-26,0.4,36,4.4
2100002413,2026-05-25 14:32:00,21,대전지점,C6DE8155D,김진원,최지숙,010-9959-9476,경기,부천시 원미구,일반,생활용품,수납함,4.2,37.0,29.0,25.0,4.47,4.47,중형,6000.0,2026-05-26,배송완료,2026-05-26 13:44:00,편의점접수,2026-05-25 14:32:00,2026-05-26,4.2,37,4.2
1200002084,2026-06-29 09:56:00,12,용산지점,C82217638,손재진,김정자,010-5022-6806,경기,화성시 동탄,일반,도서·문구,문제집,8.7,20.0,17.0,23.0,1.3,8.7,중형,6000.0,2026-06-30,배송완료,2026-07-01 12:18:00,편의점접수,2026-06-29 9:56:00,2026-06-30,8.7,20,8.7
4100001859,2026-06-29 15:46:00,41,울산지점,CCF5FF8E0,정준서,김승숙,,대전,동구 가양동,일반,가구·침구,이 불,3.8,40.0,44.0,31.0,9.09,9.09,중형,6000.0,2026-06-30,배송완료,2026-07-07 14:19:00,방문접수,2026-06-29 15:46:00,2026.06.30,3.8,40,9.1
1200002292,2026-07-23 10:02:00,12,용산지점,C4E8D4535,김예진,고지미,010-4760-6048,전남,순천시 조례동,일반,의류·패션,가방,0.7,37.0,41.0,12.0,3.03,3.03,중형,6000.0,2026-07-24,배송완료,2026-07-24 19:47:00,편의점접수,2026-07-23 10:02:00,2026-07-24,0.7,37,3
1100002026,2026-06-06 18:21:00,11,서울지점,C5792B9F8,김정호,서영호,010-3019-2963,경남,거제시 옥포동,일반,생활용품,세제(대용량),7.2,44.0,24.0,23.0,4.05,7.2,중형,6000.0,2026-06-08,배송완료,2026-06-08 9:38:00,대리점,2026-06-06 18:21:00,2026-06-08,7.2,44,7.2
4100002417,2026-06-10 15:03:00,41,울산지점,C794F16E6,오서란,이우우,010-6269-6512,경남,거제시 옥포동,일반,전자·디지털,태블릿케이스,1.7,18.0,19.0,15.0,0.86,1.7,극소형,3500.0,2026-06-11,반품,2026-06-11 14:03:00,방문접수,2026-06-10 15:03:00,2026-06-11,1.7,18,1.7
3200000062,2026-07-20 10:55:00,32,거제지점,CEB7FD892,송민율,김성빈,010-8049-5516,제주,서귀포시 중문동,제주,도서·문구,책 30권,7.3,30.0,29.0,17.0,2.46,7.3,중형,9000.0,2026-07-22,배송완료,2026-07-23 9:24:00,편의점 접수,2026-07-20 10:55:00,2026-07-22,7.3,30,7.3
1100001938,2026-06-26 15:12:00,11,서울지점,CB8C4C5D7,김은현,박수원,010-8010-7669,경남,진주시 초전동,일반,의류·패션,패딩,1.6,45.0,36.0,27.0,7.29,7.29,중형,6000.0,2026-06-29,배송완료,2026-06-29 19:47:00,대리점접수,2026-06-26 15:12:00,2026-06-29,1.6,45,7.3
3100001000,2026-07-10 13:00:00,31,진주지점,C91AE5D79,안주원,고영아,010-6819-6591,충남,당진시 수청동,일반,가구·침구,베개,1.4,41.0,38.0,30.0,7.79,7.79,중형,6000.0,2026-07-13,배송완료,2026-07-13 17:20:00,방문접수,2026-07-10 13:00:00,2026-07-13,1.4,41,7.8
1200002960,2026-06-03 11:46:00,12,용산지점,C96AAE470,윤아경,이정우,010-8801-3183,서울,노원구 상계동,일반,생활용품,세제,8.0,42.0,33.0,15.0,3.46,8.0,중형,9000.0,2026-06-04,배송완료,2026-06-04 11:31:00,인터넷접수,2026-06-03 11:46:00,2026-06-04,8,42,8
3100002955,2026-05-13 13:23:00,31,진주지점,CF6A64786,최지호,황아영,010-5855-6302,전남,여수시 학동,일반,의류·패션,가방,2.5,39.0,38.0,27.0,6.67,6.67,중형,6000.0,2026-05-14,배송완료,2026-05-14 9:31:00,방문접수,2026-05-13 13:23:00,2026-05-14,2.5,39,6.7
1100000463,2026-05-18 17:32:00,11,서울지점,C6488CB8E,김현율,김은환,010-9726-3374,인천,부평구 부평동,일반,화장품·미용,헤어드라이어,1.3,34.0,21.0,16.0,1.9,1.9,소형,4000.0,2026-05-19,배송완료,2026-05-19 10:15:00,방문접수,2026-05-18 17:32:00,2026-05-19,1.3,34,1.9
1200001397,2026-07-27 12:41:00,12,용산지점,C2CF0FDCA,김수빈,전지현,010-9743-6766,울산,남구 삼산동,일반,전자·디지털,모니터,1.9,26.0,31.0,11.0,1.48,1.9,소형,4000.0,2026-07-28,배송완료,2026-07-28 9:13:00,대리점,2026-07-27 12:41:00,2026-07-28,1.9,26,1.9
1100002225,2026-05-18 13:25:00,11,서울지점,C2A363D2D,이규빈,한호희,010 5501 6982,제주,서귀포시 중문동,제주,전자·디지털,공유기,5.9,24.0,16.0,20.0,1.28,5.9,중형,9000.0,2026-05-20,배송완료,2026-05-21 17:57:00,편의점접수,2026-05-18 13:25:00,2026-05-20,5.9,24,5.9
1100001728,2026-06-15 11:27:00,11,서울지점,CBA93A893,한민원,조은아,010-5467-3313,서울,용산구 한남동,일반,전자·디지털,충전기,4.9,33.0,15.0,23.0,1.9,4.9,소형,4000.0,2026-06-16,배송완료,2026-06-17 20:26:00,방문접수,2026-06-15 11:27:00,2026-06-16,4.9,33,4.9
1200000021,2026-08-02 10:28:00,12,용산지점,C25B74EA8,이하원,김서경,105840287,경남,거제시 고현동,일반,가구·침구,이불세트,4.4,41.0,51.0,37.0,12.89,12.89,대형,9000.0,2026-08-03,배송완료,2026-08-05 17:21:00,인터넷접수,2026-08-02 10:28:00,2026-08-03,4.4,41,12.9
2100000003,2026-06-03 19:23:00,21,대전지점,CA6983046,윤아숙,조예우,010-9214-9988,경남,거제시 옥포동,일반,의류·패션,운동화,1.5,39.0,30.0,23.0,4.49,4.49,중형,6000.0,2026-06-04,배송완료,2026-06-04 13:10:00,인터넷접수,2026-06-03 19:23:00,2026-06-04,1.5,39,4.5
4100002653,2026-07-31 16:54:00,41,울산지점,CD4B003D8,최정진,양진환,010-8831-4616,경남,창원시 성산구,일반,생활용품,주방용품,4.1,36.0,34.0,22.0,4.49,4.49,중형,6000.0,2026-08-03,배송완료,2026-08-03 16:26:00,인터넷,2026-07-31 16:54:00,2026-08-03,4.1,36,4.5
1100000827,2026-05-13 14:50:00,11,서울지점,CB58EEFCD,조영빈,최아빈,010-9396-6723,경기,고양시 일산동구,일반,의류·패션,청바지,1.5,41.0,24.0,31.0,5.08,5.08,중형,6000.0,2026-05-14,배송완료,2026-05-14 13:28:00,인터넷접수,2026-05-13 14:50:00,2026-05-14,1.5,41,5.1
4100000341,2026-05-14 17:11:00,41,울산지점,CC0FA9AE0,김태환,김연환,010-8483-7406,경기,부천시 원미구,일반,식품,김,9.6,32.0,24.0,22.0,2.82,9.6,중형,6000.0,2026-05-15,배송완료,2026-05-15 10:52:00,편의점접수,2026-05-14 17:11:00,2026-05-15,9.6,32,9.6
1100002236,2026-07-06 11:51:00,11,서울지점,CD5F03AF1,최은숙,임지연,010-4967-6900,울산,남구 옥동,일반,의류·패션,현금,0.5,41.0,31.0,23.0,4.87,4.87,중형,6000.0,2026-07-07,미배송,2026-07-09 12:12:00,편의점접수,2026-07-06 11:51:00,2026-07-07,0.5,41,4.9
3200001707,2026-07-21 10:30:00,32,거제지점,CD89D702A,김나식,김채철,010-6564-1401,경기,수원시 영통구,일반,생활용품,세제,6.5,39.0,33.0,23.0,4.93,6.5,중형,6000.0,2026-07-22,배송완료,2026-07-28 12:10:00,편의점접수,2026-07-21 10:30:00,2026-07-22,6.5,39cm,6.5
1200002867,2026-05-24 11:50:00,12,용산지점,C7BBB0816,최채우,최우영,010-3330-3049,인천,부평구 부평동,일반,식품,건어물,4.5,32.0,23.0,21.0,2.58,4.5,소형,4000.0,2026-05-25,배송완료,2026-05-25 15:23:00,방문접수,2026-05-24 11:50:00,2026-05-25,4.5,32,4.5
2100000032,2026-06-20 09:37:00,21,대전지점,CA1EC6039,김유율,윤주희,010-5565-6807,대전,대덕구 송촌동,일반,가구·침구,베개,12.5,47.0,37.0,43.0,12.46,12.5,대형,9000.0,2026-06-22,배송완료,2026-06-22 16:09:00,방문접수,2026-06-20 9:37:00,2026-06-22,-1,47,12.5
2100000307,2026-07-03 18:05:00,21,대전지점,CDD850B8F,정유준,신우란,,경기,남양주시 다산동,일반,의류·패션,원피스,2.1,35.0,26.0,25.0,3.79,3.79,중형,6000.0,2026-07-06,배송완료,2026-07-06 9:14:00,방문접수,2026-07-03 18:05:00,2026-07-06,2.1,35,3.8
1200001736,2026-05-12 12:33:00,12,용산지점,C3611D9C5,이하서,정하준,010-4113-7507,경남,김해시 장유동,일반,생활용품,주방용품,7.0,32.0,42.0,15.0,3.36,7.0,중형,6000.0,2026-05-13,배송완료,2026-05-13 10:13:00,방문접수,2026-05-12 12:33:00,2026-05-13,7,32,7
1100001639,2026-07-20 09:09:00,11,서울지점,CC5CFC3A6,손주준,정진란,010-7355-4105,서울,용산구 이태원동,일반,화장품·미용,향수,2.7,33.0,23.0,9.0,1.14,2.7,소형,4000.0,2026-07-21,배송완료,2026-07-22 10:37:00,방문접수,2026-07-20 9:09:00,2026-07-21,2.7,33,2.7
3200000241,2026-08-04 17:55:00,32,거제지점,C69D027A3,이도희,권은미,010-2733-8861,경남,양산시 물금읍,일반,식품,라면박스,7.1,29.0,16.0,17.0,1.31,7.1,중형,6000.0,2026-08-05,미배송,,편의점접수,2026-08-04 17:55:00,2026-08-05,7.1,29,7.1
1200002410,2026-05-25 13:26:00,12,용산지점,C6F75010D,장성미,김서란,010-8593-4760,경남,진주시 충무공동,일반,의류·패션,원피스,2.0,36.0,29.0,28.0,4.87,4.87,중형,6000.0,2026-05-26,미배송,,방문접수,2026-05-25 13:26:00,2026-05-26,2,36,4.9
1200000706,2026-06-05 17:18:00,12,용산지점,C18B192B3,김우율,김준호,010-6181-2910,부산,사하구 하단동,일반,화장품·미용,샴푸,2.7,26.0,22.0,17.0,1.62,2.7,소형,4000.0,2026-06-08,배송완료,2026-06-08 13:21:00,대리점접수,2026-06-05 17:18:00,2026-06-08,2.7,26,2.7
3200002348,2026-07-09 17:29:00,32,거제지점,CB1BFE0A4,유예호,김주경,010-6452-8935,전남,순천시 조례동,일반,의류·패션,코트,1.5,31.0,32.0,20.0,3.31,3.31,중형,6000.0,2026-07-10,배송완료,2026-07-16 17:40:00,편의점접수,2026-07-09 17:29:00,2026-07-10,1.5,31,3.3
1100000639,2026-07-13 15:07:00,11,서울지점,CF59BBD05,김호우,김하원,010-3101-7999,경기,성남시 분당구,일반,전자·디지털,키보드,2.0,22.0,16.0,26.0,1.53,2.0,소형,4000.0,2026-07-14,배송완료,2026-07-14 12:17:00,편의점접수,2026-07-13 15:07:00,2026-07-14,2,22,2
4100001314,2026-06-22 10:47:00,41,울산지점,C56F3DE91,이나호,오윤철,010 7109 9307,대구,북구 침산동,일반,도서·문구,필기구세트,2.0,37.0,27.0,14.0,2.33,2.33,소형,4000.0,2026-06-23,배송완료,2026-06-23 20:54:00,방문접수,2026-06-22 10:47:00,2026-06-23,2,37,2.3
3200001448,2026-08-03 11:53:00,32,거제지점,CCE47DEF8,정은경,이하희,010-4681-6717,서울,용산구 이태원동,일반,생활용품,화장지,6.1,41.0,35.0,15.0,3.59,6.1,중형,6000.0,2026-08-04,배송중,,편의점접수,2026-08-03 11:53:00,2026-08-04,6.1,41,6.1
1100000053,2026-07-27 12:02:00,11,서울지점,C29AA50BF,김재미,이성원,010-2074-5535,제주,제주시 노형동,제주,도서·문구,노트류,0.7,36.0,30.0,12.0,2.16,2.16,소형,7000.0,2026-07-29,배송완료,2026-07-29 18:14:00,방문접수,2026-07-27 12:02:00,2026-07-29,0.7,36,2.2
1100001260,2026-07-06 09:53:00,11,서울지점,CB516322F,김서현,박우경,,충남,천안시 서북구,일반,식품,라면박스,9.8,29.0,28.0,13.0,1.76,9.8,중형,6000.0,2026-07-07,배송완료,2026-07-08 14:19:00,편의점접수,2026-07-06 9:53:00,2026-07-07,9.8,29,9.8
1100001005,2026-05-07 15:22:00,11,서울지점,CAECFEA7D,류시현,황주철(직접수령),010-3440-6034,대전,서구 둔산동,일반,가구·침구,쿠션,4.4,55.0,41.0,41.0,15.41,15.41,대형,9000.0,2026-05-08,배송완료,2026-05-11 10:25:00,편의점접수,2026-05-07 15:22:00,2026-05-08,4.4,55,15.4
4100001873,2026-07-14 18:17:00,41,울산지점,C6938BB54,김지호,김영환,010-6258-1957,경남,진주시 초전동,일반,전자·디지털,공유기,1.6,26.0,26.0,14.0,1.58,1.6,소형,4000.0,2026-07-15,배송완료,2026-07-15 15:06:00,인터넷접수,2026-07-14 18:17:00,2026-07-15,1.6,26,1.6
4100002779,2026-05-11 14:27:00,41,울산지점,CD39A2453,최성율,한재준(직접수령),,대구,북구 침산동,일반,생활용품,빨래건조대,5.8,49.0,22.0,25.0,4.49,5.8,중형,6000.0,2026-05-12,배송완료,2026-05-13 11:24:00,인터넷접수,2026-05-11 14:27:00,2026-05-12,5.8,49,5.8
3100002604,2026-07-24 12:51:00,31,진주지점,CDF98C3CF,조유우,김서란,010-7153-8924,대전,유성구 노은동,일반,의류·패션,가방,0.9,29.0,32.0,22.0,3.4,3.4,중형,6000.0,2026-07-27,배송완료,2026-07-27 19:14:00,인터넷접수,2026/07/24 12:51,2026-07-27,0.9,29,3.4
1200001932,2026-07-23 12:44:00,12,용산지점,C8FD2B166,박유연,신은희,010-9763-3836,경기,수원시 영통구,일반,생활용품,빨래건조대,6.4,31.0,34.0,29.0,5.09,6.4,중형,6000.0,2026-07-24,배송완료,2026-07-24 19:07:00,방문접수,2026-07-23 12:44:00,2026-07-24,6.4,31cm,6.4
4100000247,2026-07-27 17:22:00,41,울산지점,C878B912D,김윤숙,이수서,010-9356-2828,서울,용산구 이태원동,일반,의류·패션,운동화(박스포함),1.5,37.0,37.0,13.0,2.97,2.97,중형,6000.0,2026-07-28,배송완료,2026-07-29 13:20:00,인터넷접수,2026-07-27 17:22:00,2026-07-28,1.5,37,3
1200001677,2026-06-15 16:12:00,12,용산지점,C275E7C42,김호희,김준현,010-5691-9369,경남,진주시 평거동,일반,의류·패션,모자,0.7,32.0,33.0,23.0,4.05,4.05,중형,6000.0,2026-06-16,배송완료,2026-06-16 16:32:00,편의점접수,2026-06-15 16:12:00,2026-06-16,0.7,32,4
2100002212,2026-06-26 16:41:00,21,대전지점,CB1BAB3A5,김우식,최영서,010-9380-3706,강원,강릉시 교동,일반,전자·디지털,모니터,2.4,39.0,30.0,8.0,1.56,2.4,소형,4000.0,2026-06-29,배송완료,2026-06-30 15:09:00,편의점접수,2026-06-26 16:41:00,2026-06-29,2.4,39,2.4
3200001306,2026-05-11 10:12:00,32,거제지점,C6EA13D24,김영진,오승희,010-6433-9456,경남,진주시 평거동,일반,의류·패션,원피스,2.2,34.0,36.0,26.0,5.3,5.3,중형,6000.0,2026-05-12,미배송,,편의점접수,2026-05-11 10:12:00,2026/05/12,2.2,34,5.3
3200002993,2026-06-29 16:13:00,32,거제지점,CD355A80B,김준진,정영준,1080184406,서울,송파구 잠실동,일반,도서·문구,다이어리,4.1,37.0,21.0,27.0,3.5,4.1,중형,6000.0,2026-06-30,배송완료,2026-07-06 15:22:00,편의점접수,2026-06-29 16:13:00,2026-06-30,4.1,37,4.1
3100000759,2026-05-25 14:18:00,31,진주지점,C3D0481A0,김영영,김우미,010-3630-1369,경남,진주시 충무공동,일반,식품,커피원두,6.5,37.0,23.0,26.0,3.69,6.5,중형,9000.0,2026-05-26,배송완료,2026-05-27 11:04:00,인터넷접수,2026-05-25 14:18:00,2026-05-26,-3,37,6.5
2100000861,2026-07-22 15:57:00,21,대전지점,C35FC75A0,김규빈,정채숙,010-8875-4177,서울,송파구 잠실동,일반,생활용품,휴지,6.0,45.0,41.0,17.0,5.23,6.0,중형,6000.0,2026-07-23,배송완료,2026-07-23 12:11:00,인터넷접수,2026-07-22 15:57:00,2026-07-23,6,45,6
2100001991,2026-07-21 09:51:00,21,대전지점,C9EE95090,김호환,김예율,,경남,거제시 고현동,일반,의류·패션,모자,0.4,38.0,27.0,15.0,2.56,2.56,소형,4000.0,2026-07-22,배송완료,2026-07-22 9:39:00,편의점접수,2026-07-21 9:51:00,2026-07-22,0.4,38,2.6
1100000795,2026-06-09 16:12:00,11,서울지점,CEC63D7FD,손아희,이우현,010-2629-8339,서울,송파구 잠실동,일반,생활용품,청소기필터,4.3,39.0,42.0,14.0,3.82,4.3,중형,6000.0,2026-06-10,배송완료,2026-06-10 18:19:00,편의점접수,2026-06-09 16:12:00,2026-06-10,4.3,39,4.3
1200002622,2026-07-06 12:32:00,12,용산지점,C3F9A2591,이나식,장나준,010-7986-4600,서울,용산구 원효로1가,일반,의류·패션,원피스,1.0,32.0,32.0,15.0,2.56,2.56,소형,4000.0,2026-07-07,배송완료,2026-07-08 20:01:00,편의점접수,2026-07-06 12:32:00,2026-07-07,1,32,2.6
4100002429,2026-06-04 10:47:00,41,울산지점,C404E1E82,김재환,김준자,010-8262-9681,부산,해운대구 우동,일반,식품,커피원두,4.0,34.0,29.0,13.0,2.14,4.0,소형,7000.0,2026-06-05,배송완료,2026-06-05 17:12:00,편의점접수,2026-06-04 10:47:00,2026/06/05,4,34,4
1200002340,2026-07-24 17:02:00,12,용산지점,CB1E1B3B3,신도철,최유희,1024112263,인천,남동구 구월동,일반,식품,김,5.3,25.0,23.0,22.0,2.11,5.3,중형,6000.0,2026-07-27,배송완료,2026-07-27 10:49:00,편의점접수,2026-07-24 17:02:00,2026-07-27,5.3,25,5.3
3100000415,2026-06-24 16:13:00,31,진주지점,CFCC417C7,오은환,송주숙(직접수령),010-4445-3449,제주,서귀포시 중문동,제주,전자·디지털,이어폰,2.1,35.0,18.0,24.0,2.52,2.52,소형,7000.0,2026-06-26,배송완료,2026-06-29 19:27:00,인터넷접수,2026-06-24 16:13:00,2026-06-26,2.1,35,2.5
1100000852,2026-05-18 12:55:00,11,서울지점,C7DE21551,정현아,이태원,010-2865-8623,제주,제주시 연동,제주,식품,건어물,1.1,29.0,25.0,25.0,3.02,3.02,소형,7000.0,2026-05-20,배송완료,2026-05-21 19:22:00,대리점,2026-05-18 12:55:00,2026-05-20,1.1,29,3
1200000164,2026-06-30 16:08:00,12,용산지점,C5F232506,고지란,권민율,010-5244-5550,경남,김해시 장유동,일반,의류·패션,청바지,1.1,43.0,36.0,25.0,6.45,6.45,중형,6000.0,2026-07-01,배송완료,2026-07-08 16:37:00,인터넷접수,2026-06-30 16:08:00,2026-07-01,1.1,43,1.1
2100000479,2026-07-27 15:15:00,21,대전지점,CA545F97A,강호철,조태아,010-4560-6033,충남,서산시 동문동,일반,식품,된장,8.0,27.0,27.0,12.0,1.46,8.0,중형,6000.0,2026-07-28,배송완료,2026-07-28 16:39:00,방문접수,2026-07-27 15:15:00,2026-07-28,8,27,8
4100001298,2026-06-23 19:14:00,41,울산지점,C91FFA8C2,김준경,황주경,010-8132-1238,울산,동구 방어동,일반,의류·패션,가방,0.6,28.0,38.0,32.0,5.67,5.67,중형,6000.0,2026-06-24,배송완료,2026-06-24 17:43:00,방문접수,2026-06-23 19:14:00,2026-06-24,0.6,28,5.7
1100002062,2026-05-25 14:08:00,11,서울지점,CE4906BBC,강규원,이규환,010-2504-5773,서울,송파구 잠실동,일반,화장품·미용,헤어드라이어,2.6,32.0,26.0,10.0,1.39,2.6,소형,4000.0,2026-05-26,배송완료,2026-05-26 11:11:00,인터넷접수,2026-05-25 14:08:00,2026-05-26,2.6,32,2.6
3100001673,2026-06-17 13:18:00,31,진주지점,C01674721,김채숙,강주호,010-2038-2644,전남,순천시 조례동,일반,식품,김,3.1,23.0,16.0,21.0,1.29,3.1,소형,4000.0,2026-06-18,배송완료,2026-06-22 13:24:00,대리점,2026-06-17 13:18:00,2026-06-18,3.1,23,3.1
2100001200,2026-06-29 19:15:00,21,대전지점,C29AD0F4C,권채준,이민식,010-6695-4616,울산,동구 방어동,일반,의류·패션,코트,0.6,35.0,35.0,31.0,6.33,6.33,중형,6000.0,2026-06-30,배송완료,2026-06-30 18:17:00,편의점접수,2026-06-29 19:15:00,2026-06-30,0.6,35,6.3
4100001802,2026-06-29 19:35:00,41,울산지점,C477C35AC,김수영,이주원,010-2221-4563,부산,사하구 하단동,일반,전자·디지털,공유기,0.7,35.0,18.0,13.0,1.36,1.36,소형,4000.0,2026-06-30,배송완료,2026-06-30 17:57:00,인터넷접수,2026-06-29 19:35:00,2026-06-30,0.7,35,1.4
1100001511,2026-07-17 18:09:00,11,서울지점,CD08565A4,이하자,전윤서,010-9692-1477,부산,사하구 하단동,일반,도서·문구,문제집,5.2,32.0,28.0,28.0,4.18,5.2,중형,6000.0,2026-07-20,배송완료,2026-07-20 17:49:00,대리점,2026-07-17 18:09:00,2026-07-20,5.2,32,5.2
3200000790,2026-06-27 10:16:00,32,거제지점,C12D9F034,이정미,박규아(경비실),010-8862-7162,전남,목포시 하당,일반,의류·패션,운동화(박스포함),1.0,45.0,22.0,21.0,3.46,3.46,중형,6000.0,2026-06-29,배송완료,2026-07-01 10:06:00,편의점접수,2026-06-27 10:16:00,2026-06-29,1,45,3.5
2100000168,2026-05-26 16:40:00,21,대전지점,C6E85BF03,이호자,박영서,1091616527,서울,강남구 역삼동,일반,전자·디지털,충전기,1.2,19.0,32.0,24.0,2.43,2.43,소형,4000.0,2026-05-27,배송완료,2026-05-28 15:14:00,인터넷접수,2026-05-26 16:40:00,2026-05-27,1.2,19,2.4
1100002612,2026-07-13 14:46:00,11,서울지점,CC0FA9AE0,김태환,김규식,010 5757 1568,경남,창원시 성산구,일반,식품,쌀,2.6,22.0,21.0,15.0,1.16,2.6,소형,4000.0,2026-07-14,배송완료,2026-07-14 11:29:00,편의점접수,2026-07-13 14:46:00,2026-07-14,2.6,22,2.6
1100000145,2026-08-03 10:21:00,11,서울지점,CDC084D16,백수환,이호숙,010-9427-3937,서울,송파구 잠실동,일반,식품,커피원두,7.5,32.0,29.0,22.0,3.4,7.5,중형,6000.0,2026-08-04,배송완료,2026-08-04 13:22:00,대리점,2026-08-03 10:21:00,2026-08-04,7.5,32,7.5
2100002269,2026-06-18 11:13:00,21,대전지점,C759E8CD2,이규란,이윤현,010-6577-5741,대전,대덕구 송촌동,일반,의류·패션,운동화(박스포함),1.6,34.0,23.0,22.0,2.87,2.87,소형,4000.0,2026-06-19,배송완료,2026-06-19 12:40:00,인터넷접수,2026-06-18 11:13:00,2026-06-19,1.6,34,2.9
2100001626,2026-05-15 13:16:00,21,대전지점,CFAD55352,김연환,이진란,010-9673-9503,경기,고양시 일산동구,일반,전자·디지털,공유기,3.6,31.0,24.0,19.0,2.36,3.6,소형,4000.0,2026-05-18,배송완료,2026-05-20 18:27:00,편의점접수,2026-05-15 13:16:00,2026-05-18,3.6,31,3.6
4100002700,2026-06-15 16:21:00,41,울산지점,CB1A6081F,황현미,이민식,010-2700-6585,경기,고양시 일산동구,일반,생활용품,빨래건조대,2.2,39.0,22.0,22.0,3.15,3.15,중형,8000.0,2026-06-16,배송완료,2026-06-16 15:39:00,인터넷접수,2026-06-15 16:21:00,2026-06-16,2.2,39,3.1
4100002691,2026-05-12 16:20:00,41,울산지점,CC6D81BD7,이호빈,이성철,010-9238-7048,대전,동구 가양동,일반,식품,된장,4.8,20.0,17.0,15.0,0.85,4.8,소형,4000.0,2026-05-13,배송완료,2026-05-14 13:13:00,편의점접수,2026-05-12 16:20:00,2026-05-13,-1,20,4.8
1100001004,2026-06-19 17:39:00,11,서울지점,C89F8CCED,서태준,박하자,1026076161,경남,거제시 장승포동,일반,생활용품,청소기필터,6.3,49.0,41.0,19.0,6.36,6.36,중형,6000.0,2026-06-22,배송완료,2026-06-22 16:22:00,편의점접수,2026-06-19 17:39:00,2026-06-22,6.3,49,6.4
2100000354,2026-08-04 17:18:00,21,대전지점,C35FC75A0,김규빈,서나영,010-4365-2502,세종,조치원읍,일반,식품,쌀 20kg,10.1,36.0,15.0,17.0,1.53,10.1,중형,6000.0,2026-08-05,간선상차,,인터넷접수,2026-08-04 17:18:00,2026-08-05,10.1,36,10.1
3100002904,2026-07-27 16:11:00,31,진주지점,CD804CBEB,고은우,신하자,010-3957-9503,경기,수원시 영통구,일반,생활용품,화장지,5.9,33.0,27.0,25.0,3.71,5.9,중형,6000.0,2026-07-28,배송완료,,편의점접수,2026-07-27 16:11:00,2026-07-28,5.9,33,5.9
2100001039,2026-05-25 12:18:00,21,대전지점,C0EA9ABB4,이성원,이진아,,서울,노원구 상계동,일반,식품,과일선물세트,9.6,35.0,24.0,23.0,3.22,9.6,중형,6000.0,2026-05-26,배송완료,2026-05-26 16:58:00,인터넷접수,2026-05-25 12:18:00,2026-05-26,9.6,35,9.6
3200002276,2026-05-06 10:48:00,32,거제지점,C46DA4720,김호우,양주자,010-8472-6165,전북,익산시 영등동,일반,전자·디지털,충전기,4.6,24.0,24.0,13.0,1.25,4.6,소형,4000.0,2026-05-07,배송완료,2026-05-11 14:27:00,편의점접수,2026-05-06 10:48:00,2026-05-07,4.6,24,4.6
4100000126,2026-06-12 15:21:00,41,울산지점,C2CC517C2,윤아희,권호희,010-9660-7171,경기,성남시 분당구,일반,생활용품,주방용품,,47.0,41.0,25.0,8.03,8.03,중형,6000.0,2026-06-15,배송완료,2026-06-15 19:26:00,인터넷접수,06/12/2026 15:21,2026-06-15,-1,47,8
1100001088,2026-07-08 15:25:00,11,서울지점,C64D9B6C9,박유빈,김우우,010-3871-5386,경북,구미시 인동,일반,전자·디지털,태블릿케이스,2.4,30.0,25.0,17.0,2.12,2.4,소형,4000.0,2026-07-09,배송완료,2026-07-09 19:01:00,인터넷접수,2026-07-08 15:25:00,2026-07-09,2.4,30,2.4
1100002949,2026-05-10 16:54:00,11,서울지점,CDAD7D58C,김태희,김주경,010-5671-3598,강원,강릉시 교동,일반,전자·디지털,태블릿케이스,0.2,25.0,30.0,19.0,2.38,2.38,소형,4000.0,2026-05-11,배송완료,2026-05-11 19:19:00,편의점접수,2026-05-10 16:54:00,2026-05-11,0.2,25,2.4
2100001576,2026-07-20 11:08:00,21,대전지점,CCC4B1991,박지빈,김민준,010-8764-8887,충남,당진시 수청동,일반,도서·문구,책(중고),4.2,38.0,25.0,21.0,3.32,4.2,중형,6000.0,2026-07-21,배송완료,2026-07-21 20:43:00,편의점접수,2026-07-20 11:08:00,2026-07-21,4.2,38,4.2
3100000131,2026-07-27 18:22:00,31,진주지점,CF6C0DC19,강서율,이시빈,010 4268 4990,울산,동구 방어동,일반,식품,김치,2.7,25.0,27.0,26.0,2.92,2.92,소형,4000.0,2026-07-28,배송완료,2026-07-28 18:10:00,편의점접수,2026-07-27 18:22:00,2026-07-28,2.7,25,2.9
3200001345,2026-06-01 16:56:00,32,거제지점,CF2FC398C,이호우,김영준,109221183,부산,해운대구 우동,일반,생활용품,주방용품,2.1,32.0,30.0,12.0,1.92,2.1,소형,4000.0,2026-06-02,배송완료,2026-06-06 11:05:00,인터넷접수,2026-06-01 16:56:00,2026-06-02,2.1,32,2.1
3100000229,2026-05-12 15:02:00,31,진주지점,C2D88FC4B,이은미,박우준,010-4956-5648,경남,거제시 옥포동,일반,의류·패션,패딩,0.9,50.0,23.0,12.0,2.3,2.3,중형,6000.0,2026-05-13,배송완료,2026-05-13 14:16:00,인터넷접수,2026-05-12 15:02:00,2026-05-13,0.9,50,2.3
3100001565,2026-06-01 16:34:00,31,진주지점,C009C3283,이민숙,김유자,1056162996,대전,동구 가양동,일반,식품,된장,6.7,25.0,22.0,15.0,1.38,6.7,중형,6000.0,2026-06-02,회수,,방문접수,2026-06-01 16:34:00,2026-06-02,6.7,25,6.7
1200000700,2026-06-26 13:16:00,12,용산지점,CE03F2A5F,김서미,강유현 님,010-2837-1537,광주,광산구 수완동,일반,도서·문구,문제집,8.8,32.0,15.0,28.0,2.24,8.8,중형,6000.0,2026-06-29,배송완료,2026-06-29 17:31:00,편의점접수,2026-06-26 13:16:00,2026-06-29,8.8,32,8.8
3100002977,2026-06-09 14:59:00,31,진주지점,C878B912D,김윤숙,박윤준,010-3639-1684,경남,거제시 장승포동,일반,의류·패션,주류,1.4,39.0,24.0,20.0,3.12,3.12,중형,9000.0,2026-06-10,미배송,2026-06-12 13:35:00,인터넷접수,2026-06-09 14:59:00,2026-06-10,1.4,39,3.1
1200000546,2026-06-08 12:54:00,12,용산지점,C3CC62E32,김규희,안유진,,경북,안동시 옥동,일반,반려동물,장난감,7.5,40.0,25.0,13.0,2.17,7.5,중형,6000.0,2026-06-09,미 배송,,편의점접수,2026-06-08 12:54:00,2026-06-09,7.5,40,7.5
1100000566,2026-06-02 16:44:00,11,서울지점,CB6A4C007,이정희,이승환,010-4525-6707,경기,부천시 원미구,일반,식품,김,10.0,33.0,30.0,27.0,4.46,10.0,중형,6000.0,2026-06-03,배송완료,2026-06-04 19:44:00,편의점접수,2026-06-02 16:44:00,2026-06-03,10,33,10
3100001327,2026-07-20 14:59:00,31,진주지점,C0872A9A8,박은호,홍채경,010-2092-2599,경북,경주시 황성동,일반,전자·디지털,이어폰,4.2,27.0,25.0,9.0,1.01,4.2,소형,4000.0,2026-07-21,배송완료,2026-07-22 13:56:00,인터넷접수,2026-07-20 14:59:00,2026-07-21,4.2,27,4.2
2100000380,2026-06-18 14:42:00,21,대전지점,C23151BF6,박승현,김연영,010-6407-8232,전남,순천시 조례동,일반,의류·패션,코트,2.5,38.0,41.0,22.0,5.71,5.71,중형,6000.0,2026-06-19,배송완료,2026-06-26 15:23:00,인터넷접수,2026-06-18 14:42:00,2026-06-19,2.5,38,5.7
2100002523,2026-05-27 10:20:00,21,대전지점,CA01E2806,강아연,고은희,010-2522-1980,부산,부산진구 부전동,일반,식품,과일선물세트,8.9,20.0,25.0,14.0,1.17,8.9,중형,6000.0,2026-05-28,배송완료,2026-05-29 20:02:00,편의점접수,2026-05-27 10:20:00,2026-05-28,8.9,20,8.9
3100000724,2026-08-03 15:41:00,31,진주지점,C846D5489,박규호,임호우,010-4263-2821,대전,대덕구 송촌동,일반,의류·패션,티셔츠,2.3,50.0,28.0,25.0,5.83,5.83,중형,6000.0,2026-08-04,배달중,,방문접수,2026-08-03 15:41:00,2026-08-04,2.3,50,5.8
3100001647,2026-08-03 15:58:00,31,진주지점,C4A9D925C,김서희,김아빈,010-3205-9391,서울,노원구 상계동,일반,도서·문구,노트,2.6,32.0,16.0,13.0,1.11,2.6,소형,4000.0,2026-08-04,배송완료,2026-08-05 14:40:00,방문접수,2026-08-03 15:58:00,2026.08.04,2.6,32,2.6
1100000310,2026-06-25 17:20:00,11,서울지점,C66933097,조수란,이도서,010-3537-3064,울산,남구 삼산동,일반,전자·디지털,키보드,2.3,30.0,25.0,10.0,1.25,2.3,소형,4000.0,2026-06-26,배송완료,2026-06-26 19:43:00,인터넷접수,2026-06-25 17:20:00,2026-06-26,2.3,30,2.3
1200000692,2026-06-16 11:04:00,12,용산지점,CDAEA475D,박정원,박규진,010-8504-2877,울산,울주군 범서읍,일반,의류·패션,모자,0.9,42.0,23.0,29.0,4.67,4.67,중형,6000.0,2026-06-17,배송완료,2026-06-17 9:59:00,방문접수,2026-06-16 11:04:00,2026-06-17,0.9,42,4.7
1100002391,2026-07-23 16:20:00,11,서울지점,C6E9F1D26,이유율,서준현(경비실),010-5955-1740,서울,노원구 상계동,일반,화장품·미용,향수,2.1,20.0,29.0,25.0,2.42,2.42,소형,4000.0,2026-07-24,배송완료,2026-07-24 11:45:00,대리점,2026-07-23 16:20:00,2026-07-24,2.1,20,2.4
3200001882,2026-07-06 13:57:00,32,거제지점,C8161C26F,이윤미,최진경,108912115,경기,남양주시 다산동,일반,도서·문구,필기구세트,6.0,21.0,17.0,13.0,0.77,6.0,중형,6000.0,,반품,,편의점접수,26-07-06 13:57,,6,21,6
2100000567,2026-05-26 11:52:00,21,대전지점,CA2ED83E0,이나경,전윤서,010-5370-4375,울산,남구 옥동,일반,화장품·미용,향수,1.2,29.0,17.0,14.0,1.15,1.2,극소형,3500.0,2026-05-27,배송완료,2026-05-27 15:26:00,인터넷,2026-05-26 11:52:00,2026-05-27,1.2,29,1.2
1100000541,2026-06-25 10:04:00,11,서울지점,C7CB18132,박예현,이주진,010-9017-3192,대전,서구 둔산동,일반,의류·패션,원피스,1.9,48.0,35.0,13.0,3.64,3.64,중형,6000.0,2026-06-26,배송완료,2026-06-29 9:01:00,방문접수,2026-06-25 10:04:00,2026-06-26,1.9,48,3.6
4100001685,2026-07-10 14:45:00,41,울산지점,C782AFC6F,강재경,임재환,010-2282-5451,서울,은평구 응암동,일반,화장품·미용,스킨케어세트,2.3,37.0,14.0,25.0,2.16,2.3,소형,7000.0,2026-07-13,배송완료,2026-07-13 20:44:00,방문접수,2026-07-10 14:45:00,2026-07-13,2.3,37,2.3
4100001128,2026-06-12 17:00:00,41,울산지점,C38F14BE4,김주란,이정희,010-6764-9532,대전,중구 은행동,일반,식품,커피원두,9.6,33.0,23.0,17.0,2.15,9.6,중형,6000.0,2026-06-15,반송,,편의점접수,2026-06-12 17:00:00,2026-06-15,9.6,33,9.6
1100002512,2026-08-03 14:54:00,11,서울지점,CEB61B278,오승준,장시연,010-5403-2661,경남,진주시 평거동,일반,의류·패션,패딩,1.3,42.0,23.0,13.0,2.09,2.09,소형,4000.0,2026-08-04,배달중,,편의점접수,2026-08-03 14:54:00,2026-08-04,1.3,42,2.1
3100001132,2026-06-12 11:30:00,31,진주지점,C97783300,김재철,김호철,010-4688-3986,경기,부천시 원미구,일반,의류·패션,모자,1.4,47.0,27.0,28.0,5.92,5.92,중형,6000.0,2026-06-15,배송완료,2026-06-15 16:58:00,방문접수,2026-06-12 11:30:00,2026-06-15,1.4,47,5.9
3100002105,2026-07-09 14:37:00,31,진주지점,CC1297BEB,류아아,손예희,010-3064-8188,울산,중구 성남동,일반,화장품·미용,향수,3.0,29.0,18.0,14.0,1.22,3.0,소형,4000.0,2026-07-10,배송완료,2026-07-14 18:08:00,대리점,2026-07-09 14:37:00,2026-07-10,3,29,3
3200000370,2026-06-30 18:56:00,32,거제지점,C2D5EFEF8,이도서,김준영,010-2725-9279,서울,용산구 한남동,일반,도서·문구,필기구세트,4.3,35.0,23.0,23.0,3.09,4.3,중형,6000.0,2026-07-01,미배송,,편의점접수,2026-06-30 18:56:00,2026-07-01,4.3,35,4.3
3100000054,2026-07-27 14:35:00,31,진주지점,C923AB70A,김은자,박정율,010-2525-2746,울산,남구 삼산동,일반,생활용품,수납함,2.4,33.0,23.0,24.0,3.04,3.04,소형,4000.0,2026-07-28,배송완료,2026-07-28 15:26:00,편의점접수,2026-07-27 14:35:00,2026-07-28,2.4,33,3
1100000340,2026-05-04 17:16:00,11,서울지점,C3D2F6C54,김민미,최승희,010-3060-3946,충남,아산시 배방읍,일반,생활용품,수납함,3.9,35.0,41.0,17.0,4.07,4.07,중형,4000.0,2026-05-05,배송완료,2026-05-07 16:45:00,대리점,2026-05-04 17:16:00,2026-05-05,3.9,35,4.1
3100002286,2026-07-15 12:52:00,31,진주지점,C815EEFEE,이성원,최승율,010-3274-9073,서울,용산구 후암동,일반,전자·디지털,충전기,3.7,38.0,21.0,25.0,3.32,3.7,중형,6000.0,2026-07-16,미배송,,편의점접수,2026-07-15 12:52:00,2026-07-16,3.7,38,3.7
2100001055,2026-07-13 12:33:00,21,대전지점,C864F1C01,박예환,배승경,010-9251-3594,경남,양산시 물금읍,일반,화장품·미용,스킨케어세트,2.0,20.0,24.0,23.0,1.84,2.0,소형,4000.0,2026-07-14,배송완료,2026-07-14 15:17:00,인터넷접수,2026-07-13 12:33:00,2026-07-14,2,20,2
1100002908,2026-06-08 14:54:00,11,서울지점,C0CD97F99,박아숙,권호식,010-7291-1839,경기,부천시 원미구,일반,의류·패션,티셔츠,0.5,37.0,37.0,31.0,7.07,7.07,중형,6000.0,2026-06-09,배송완료,2026-06-09 15:19:00,,2026-06-08 14:54:00,2026-06-09,0.5,37,7.1
1200002567,2026-07-20 13:50:00,12,용산지점,C6A53E72B,최우준,박영식,010-3948-5017,충북,제천시 하소동,일반,생활용품,주방용품,6.7,36.0,26.0,32.0,4.99,6.7,중형,6000.0,2026-07-21,배송완료,2026-07-28 11:51:00,인터넷접수,2026-07-20 13:50:00,2026-07-21,6.7,36,6.7
2100001720,2026-07-28 10:12:00,21,대전지점,C03256092,양도경,정태자,010-7160-5837,경남,거제시 고현동,일반,생활용품,세탁세제,6.8,28.0,42.0,21.0,4.12,6.8,중형,6000.0,2026-07-29,배송완료,2026-07-29 16:49:00,인터넷접수,2026-07-28 10:12:00,2026-07-29,6.8,28,6.8
4100002624,2026-05-05 16:43:00,41,울산지점,C2CF0FDCA,김수빈,김유진,010-7070-5985,대전,서구 둔산동,일반,의류·패션,코트,0.5,45.0,42.0,19.0,5.98,5.98,중형,6000.0,2026-05-06,배송완료,2026-05-08 18:49:00,편의점접수,2026-05-05 16:43:00,2026-05-06,0.5,45,6
2100000328,2026-05-04 15:58:00,21,대전지점,C452B86F4,서시식,김승준,010-3937-3630,부산,해운대구 우동,일반,의류·패션,청바지,0.5,36.0,42.0,25.0,6.3,6.3,중형,6000.0,2026-05-05,반품,,방문접수,2026-05-04 15:58:00,2026-05-05,0.5kg,36,0.5kg
4100002526,2026-07-27 12:42:00,41,울산지점,C563B5BAA,김승서,이채환,010-9015-1441,인천,부평구 부평동,일반,식품,김치,7.0,37.0,17.0,14.0,1.47,7.0,중형,6000.0,2026-07-28,배송완료,2026-07-28 9:35:00,편의점접수,2026-07-27 12:42:00,2026-07-28,7,37,7
2100002988,2026-06-10 16:55:00,21,대전지점,C77E9E228,이준현,송재서,010-7095-6490,전남,여수시 학동,일반,전자·디지털,공유기,2.4,25.0,26.0,24.0,2.6,2.6,소형,4000.0,2026-06-11,배송완료,2026-06-11 17:34:00,편의점접수,2026-06-10 16:55:00,2026-06-11,2.4,25,2.6
4100002011,2026-07-10 16:53:00,41,울산지점,CA933F4BA,홍시호,김주준,,인천,연수구 송도동,일반,생활용품,휴지,6.3,33.0,29.0,18.0,2.87,6.3,중형,6000.0,2026-07-13,배송완료,2026-07-13 18:08:00,편의점접수,2026-07-10 16:53:00,2026-07-13,6.3,33,6.3
1200000098,2026-07-20 19:08:00,12,용산지점,CD1BF19B5,송시경,최정연,010-4438-4334,경남,진주시 평거동,일반,전자·디지털,키보드,4.6,40.0,16.0,10.0,1.07,4.6,소형,4000.0,2026-07-21,배송완료,2026-07-22 17:51:00,편의점접수,2026-07-20 19:08:00,2026-07-21,4.6,40,4.6
1100001963,2026-07-06 16:31:00,11,서울지점,C07379C3D,김현원,정재란,010-9966-5082,경남,김해시 장유동,일반,전자·디지털,키보드,3.4,,32.0,24.0,,3.4,중형,6000.0,2026-07-07,배송완료,,편의점접수,2026-07-06 16:31:00,2026-07-07,3.4,-10,4.5
1200002194,2026-07-09 11:52:00,12,용산지점,C96AAE470,윤아경,장수자,010-5965-6010,제주,서귀포시 중문동,제주,도서·문구,책 30권,4.3,35.0,26.0,22.0,3.34,4.3,중형,9000.0,2026-07-13,배송완료,2026-07-14 17:50:00,방문접수,2026-07-09 11:52:00,2026-07-13,4.3,35,4.3
1200000937,2026-06-06 16:11:00,12,용산지점,C645667F6,안주희,이하아,1065536456,경기,남양주시 다산동,일반,의류·패션,청바지,1.1,48.0,38.0,15.0,4.56,4.56,중형,6000.0,2026-06-08,미배송,,편의점접수,2026-06-06 16:11:00,2026-06-08,1.1,48,4.6
1200000997,2026-07-01 18:26:00,12,용산지점,C0838E327,조도아,최도원,010-5358-1431,대전,유성구 노은동,일반,전자·디지털,이어폰,4.7,18.0,18.0,17.0,0.92,4.7,소형,4000.0,2026-07-02,배송완료,2026-07-03 20:00:00,인터넷접수,2026-07-01 18:26:00,2026-07-02,4.7,18,4.7
2100001106,2026-06-08 17:05:00,21,대전지점,CC55DC5C0,최재서,박성우,010-6986-6909,충남,아산시 배방읍,일반,의류·패션,신발,1.5,40.0,33.0,14.0,3.08,3.08,중형,6000.0,2026-06-09,배송완료,2026-06-11 15:51:00,편의점접수,2026.06.08 17시05분,2026-06-09,1.5,40,1.5
1100001006,2026-05-21 16:14:00,11,서울지점,CD3EA7566,김정아,오은현,010-5344-4106,울산,남구 옥동,일반,의류·패션,모자,2.3,40.0,24.0,23.0,3.68,3.68,중형,6000.0,2026-05-22,배송완료,2026-05-22 12:03:00,편의점접수,2026-05-21 16:14:00,2026-05-22,2.3,40,3.7
4100002599,2026-06-02 17:33:00,41,울산지점,C61AE2A89,김지환,송채경,010-7070-3650,충북,청주시 흥덕구,일반,식품,백미,1.7,33.0,24.0,20.0,2.64,2.64,소형,4000.0,2026-06-03,배송완료,2026-06-03 13:28:00,인터넷접수,2026-06-02 17:33:00,2026-06-03,1.7,33,2.6
1100000604,2026-06-01 12:27:00,11,서울지점,C8E2DCC6E,이호아,윤시연,010-6554-4607,충북,제천시 하소동,일반,화장품·미용,헤어드라이어,0.8,21.0,14.0,21.0,1.03,1.03,극소형,3500.0,2026-06-02,배송완료,2026-06-03 19:39:00,편의점접수,2026-06-01 12:27:00,2026-06-02,0.8,21,1
1100001300,2026-06-29 15:12:00,11,서울지점,C964587C1,임도환,박서미,010-8304-7626,부산,사하구 하단동,일반,반려동물,장난감,3.8,21.0,24.0,15.0,1.26,3.8,소형,4000.0,2026-06-30,배송완료,2026-07-02 17:51:00,온라인,2026-06-29 15:12:00,2026-06-30,3.8,21,3.8
1100002534,2026-05-25 19:56:00,11,서울지점,C7925D5F5,손아희,이호현,1028027577,전북,전주시 덕진구,일반,식품,커피원두,9.9,38.0,26.0,17.0,2.8,9.9,대형,6000.0,2026-05-26,배송완료,2026-05-27 15:29:00,인터넷접수,2026-05-25 19:56:00,2026-05-26,9.9,38,9.9
3200001177,2026-05-10 16:34:00,32,거제지점,C704105DD,오하진,이우현,010-4038-5065,울산,중구 성남동,일반,도서·문구,다이어리,2.3,33.0,26.0,27.0,3.86,3.86,중형,6000.0,2026-05-11,배송완료,2026-05-11 11:15:00,편의점접수,2026-05-10 16:34:00,2026-05-11,2.3,33,3.9
3100000978,2026-05-25 12:52:00,31,진주지점,C487B0E26,김도율,김은서,010-4605-3341,서울,용산구 청파동,일반,가구·침구,커튼,2.0,42.0,37.0,40.0,10.36,10.36,중형,6000.0,2026-05-26,배송완료,2026-05-27 14:47:00,인터넷접수,2026-05-25 12:52:00,2026-05-26,2,42,10.4
1100002245,2026-05-23 14:11:00,11,서울지점,CD1B5132B,이아현,유서연,010-3109-4486,경북,포항시 남구,일반,도서·문구,문제집,7.9,31.0,29.0,18.0,2.7,7.9,중형,6000.0,2026-05-25,배송완료,2026-05-26 17:56:00,편의점접수,2026-05-23 14:11:00,2026-05-25,7.9,31,7.9
1100002909,2026-06-25 13:59:00,11,서울지점,C0E93F5E9,이도경,남정율,010-8409-4637,경북,구미시 인동,일반,반려동물,장난감,8.8,40.0,14.0,15.0,1.4,8.8,중형,6000.0,2026-06-26,배송완료,2026-06-26 9:53:00,,2026-06-25 13:59:00,2026-06-26,8.8,40,8.8
1100001009,2026-08-03 15:05:00,11,서울지점,CB10EF960,정주율,이수철,1084553019,대구,수성구 범어동,일반,화장품·미용,샴푸,0.6,26.0,14.0,19.0,1.15,1.15,극소형,3500.0,2026-08-04,배달중,,편의점접수,2026-08-03 15:05:00,2026-08-04,0.6,26,1.2
3100002766,2026-05-19 16:59:00,31,진주지점,CD8893C18,정진란,김규진,010-5771-8255,경남,거제시 고현동,일반,반려동물,고양이모래,4.2,23.0,24.0,14.0,1.29,4.2,소형,4000.0,2026-05-20,배송완료,2026-05-21 9:51:00,인터넷접수,2026-05-19 16:59:00,2026-05-20,4.2,23,4.2
1200000939,2026-05-13 09:28:00,12,용산지점,CB6CD848C,이윤진,최연철,010-8461-4231,대전,중구 은행동,일반,식품,과일선물세트,8.9,29.0,22.0,13.0,1.38,8.9,중형,6000.0,2026-05-14,배송완료,2026-05-14 12:15:00,인터넷접수,2026-05-13 9:28:00,2026-05-14,8.9,29,8.9
1100000626,2026-06-05 17:58:00,11,서울지점,CD7513A8A,조정호,김영현,010-3470-6377,경기,수원시 영통구,일반,생활용품,빨래건조대,4.0,39.0,30.0,21.0,4.1,4.1,중형,6000.0,2026-06-08,배송완료,2026-06-09 11:06:00,인터넷접수,2026/06/05 17:58,2026-06-08,4,39,4.1
2100001170,2026-05-08 18:44:00,21,대전지점,C2A40795A,이유원,이민우,010-3249-8311,서울,용산구 청파동,일반,의류·패션,티셔츠 2장,0.8,33.0,41.0,23.0,5.19,5.19,중형,6000.0,2026-05-11,배송완료,,방문접수,2026-05-08 18:44:00,2026-05-11,0.8,33,5.2
1200001627,2026-05-18 10:56:00,12,용산지점,CD39A2453,최성율,김서경,010-4422-3193,서울,마포구 서교동,일반,가구·침구,러그,1.7,59.0,55.0,43.0,23.26,23.26,대형,9000.0,2026-05-19,배송완료,2026-05-19 20:49:00,편의점접수,2026-05-18 10:56:00,2026-05-19,1.7,59,23.3
1100002981,2026-08-03 15:35:00,11,서울지점,CC9D8F6D4,이지서,이진원,010-2337-1566,경북,포항시 남구,일반,의류·패션,반팔티,2.4,50.0,41.0,30.0,10.25,10.25,대형,9000.0,2026-08-04,배송완료,2026-08-04 17:57:00,편의점접수,2026-08-03 15:35:00,2026-08-04,2.4,50,10.2
1100002941,2026-07-11 09:46:00,11,서울지점,CE5C28F9B,이주진,권민숙,1026413260,인천,남동구 구월동,일반,의류·패션,청바지,1.7,41.0,23.0,31.0,4.87,4.87,중형,6000.0,2026-07-13,배송완료,,편의점접수,2026-07-11 9:46:00,2026-07-13,1.7,41,4.9
1200001193,2026-07-03 16:10:00,12,용산지점,C9F9FF1E5,강시준,권나진,010-5525-6108,서울,송파구 잠실동,일반,전자·디지털,키보드,5.5,39.0,22.0,25.0,3.58,5.5,중형,6000.0,2026-07-06,배송완료,2026-07-06 10:43:00,인터넷접수,2026-07-03 16:10:00,2026-07-06,5.5,39,5.5
1200000855,2026-07-25 14:11:00,12,용산지점,C456EEDB0,김주현,김재준,010-4832-2787,충북,충주시 연수동,일반,생활용품,수납함,4.0,39.0,36.0,25.0,5.85,5.85,중형,6000.0,2026-07-27,배송완료,2026-07-27 12:56:00,편의점접수,2026-07-25 14:11:00,2026-07-27,4,39,5.8
2100000960,2026-07-05 18:23:00,21,대전지점,C7FAE69B9,김준율,임성현,010-3832-4759,세종,한솔동,일반,식품,김,6.3,33.0,18.0,13.0,1.29,6.3,중형,6000.0,2026-07-06,배송완료,2026-07-06 14:33:00,인터넷접수,2026-07-05 18:23:00,2026-07-06,6.3,33,6.3
4100002719,2026-07-14 15:08:00,41,울산지점,CD3F8F0B7,윤아아,최호호,010-6611-1424,서울,송파구 잠실동,일반,생활용품,청소기필터,6.3,37.0,42.0,16.0,4.14,6.3,중형,6000.0,2026-07-15,배송완료,2026-07-15 11:18:00,인터넷접수,2026-07-14 15:08:00,2026-07-15,6.3,37,6.3
1100002527,2026-06-15 16:22:00,11,서울지점,CDFFF94DB,안채진,정승우,010-7013-6177,부산,동래구 온천동,일반,식품,김 치,3.2,38.0,22.0,20.0,2.79,3.2,소형,4000.0,2026-06-16,배송완료,2026-06-16 17:31:00,인터넷접수,06/15/2026 16:22,2026-06-16,3.2,38,3.2
1100001325,2026-06-23 15:24:00,11,서울지점,CD037D349,장도우,김윤아,010-2515-1555,서울,용산구 청파동,일반,전자·디지털,태블릿케이스,5.1,33.0,26.0,26.0,3.72,5.1,중형,6000.0,2026-06-24,배송완료,2026-06-24 9:42:00,방문접수,2026-06-23 15:24:00,2026-06-24,5.1,33,5.1
2100002573,2026-07-20 17:39:00,21,대전지점,C9F9FF1E5,강시준,이연숙,010-2231-7093,대구,달서구 상인동,일반,도서·문구,노트,4.1,20.0,21.0,15.0,1.05,4.1,소형,4000.0,,배송완료,2026-07-21 11:53:00,인터넷접수,2026-07-20 17:39:00,,4.1,20,4.1
2100000249,2026-07-16 12:52:00,21,대전지점,CAD196612,이시빈,배민우,010-8790-9672,광주,광산구 수완동,일반,생활용품,주방용품,0.9,44.0,41.0,17.0,5.11,5.11,중형,6000.0,,배송완료,2026-07-20 17:15:00,편의점접수,2026-07-16 12:52:00,,0.9,44,5.1
3100000551,2026-06-01 14:04:00,31,진주지점,CBA9A739D,이도율,전민준,010-9797-3901,전북,익산시 영등동,일반,전자·디지털,키보드,2.8,24.0,25.0,10.0,1.0,2.8,소형,4000.0,2026-06-02,배송완료,2026-06-03 16:57:00,방문접수,2026-06-01 14:04:00,2026-06-02,2.8,24,2.8
4100000487,2026-07-13 14:50:00,41,울산지점,CBDBB1FCD,오서철,김현자,010-4748-4548,경기,화성시 동탄,일반,의류·패션,패딩,0.9,48.0,35.0,12.0,3.36,3.36,중형,6000.0,2026-07-14,배송완료,2026-07-14 12:31:00,방문접수,2026-07-13 14:50:00,2026-07-14,0.9,4800,3.4
3100002109,2026-05-20 10:03:00,31,진주지점,C89A4959C,고윤란,정아희,010-2567-5145,대전,대덕구 송촌동,일반,의류·패션,모자,0.9,35.0,30.0,19.0,3.32,3.32,중형,6000.0,2026-05-21,배송완료,2026-05-21 18:41:00,인터넷접수,2026-05-20 10:03:00,2026-05-21,0.9,35,3.3
1100002874,2026-08-03 10:48:00,11,서울지점,CDE8C0221,이아미,이지우,,경남,진주시 평거동,일반,도서·문구,노트,7.1,36.0,28.0,19.0,3.19,7.1,중형,6000.0,2026-08-04,배송완료,2026-08-05 14:40:00,방문접수,2026-08-03 10:48:00,2026-08-04,7.1,36,7.1
1100001077,2026-06-23 16:15:00,11,서울지점,C598E6073,최정미,고호경,010-4125-7220,광주,서구 치평동,일반,식품,쌀,11.8,25.0,29.0,21.0,2.54,11.8,중형,6000.0,2026-06-24,배송완료,2026-06-24 9:15:00,편의점접수,2026-06-23 16:15:00,2026-06-24,11.8,25,11.8
1100002338,2026-05-11 15:06:00,11,서울지점,C81BC35D7,김우환,강규연,,경기,부천시 원미구,일반,생활용품,청소기필터,2.0,28.0,33.0,25.0,3.85,3.85,중형,6000.0,2026-05-12,배송완료,2026-05-14 11:58:00,편의점접수,2026-05-11 15:06:00,2026-05-12,2,28,3.9
1100002598,2026-08-01 17:00:00,11,서울지점,CF6C0DC19,강서율,김재호,010-3811-9485,대전,대덕구 송촌동,일반,생활용품,세제(대용량),0.9,45.0,41.0,16.0,4.92,4.92,중형,6000.0,2026-08-03,배송완료,2026-08-03 9:27:00,대리점,2026-08-01 17:00:00,2026-08-03,0.9,45,4.9
4100002386,2026-05-18 13:22:00,41,울산지점,C6B6819DF,강승환,최재준,010-4573-3654,경북,포항시 남구,일반,전자·디지털,충전기,0.4,21.0,22.0,23.0,1.77,1.77,소형,4000.0,2026-05-19,배송완료,2026-05-19 18:56:00,편의점접수,2026-05-18 13:22:00,2026-05-19,0.4,21,1.8
1100001249,2026-05-26 12:43:00,11,서울지점,CDA73C743,정우아,이수진,1060288525,도서산간,울릉도 도동,도서산간,생활용품,빨래건조대,6.1,30.0,39.0,22.0,4.29,6.1,중형,11000.0,2026-05-29,배송완료,2026-06-01 12:30:00,편의점접수,2026-05-26 12:43:00,2026-05-29,6.1,30,6.1
1100000214,2026-06-01 19:04:00,11,서울지점,CC46DEBA8,최유식,이서희,010-4790-2911,대구,북구 침산동,일반,의류·패션,코트,0.6,46.0,39.0,25.0,7.48,7.48,중형,6000.0,2026-06-02,배송완료,2026-06-02 11:37:00,방문접수,2026-06-01 19:04:00,2026-06-02,0.6,46,7.5
3200002964,2026-06-18 15:00:00,32,거제지점,C102148DA,이예원,조지란,010-9904-7325,서울,노원구 상계동,일반,식품,라면박스,5.1,33.0,30.0,18.0,2.97,5.1,중형,6000.0,2026-06-19,미배송,,대리점,2026-06-18 15:00:00,2026-06-19,5.1,33,5.1
2100002207,2026-07-13 15:53:00,21,대전지점,C9250B977,김현환,김호원,010-5394-4488,경북,안동시 옥동,일반,생활용품,주방용품,7.7,41.0,25.0,31.0,5.3,7.7,중형,6000.0,2026-07-14,배송완료,2026-07-15 18:48:00,방문접수,2026-07-13 15:53:00,2026-07-14,7.7,41,7.7
1100001838,2026-06-26 17:12:00,11,서울지점,C2611FAFB,김규영,허재서,010-5759-2415,경남,거제시 장승포동,일반,도서·문구,문제집,4.1,33.0,27.0,14.0,2.08,4.1,소형,4000.0,2026-06-29,배송완료,2026-06-29 13:34:00,대리점,2026-06-26 17:12:00,2026-06-29,4.1,33,4.1
1200001430,2026-05-11 16:25:00,12,용산지점,C3910EC34,김성희,김영원,010-7567-5610,서울,강남구 역삼동,일반,생활용품,빨래건조대,1.3,36.0,28.0,30.0,5.04,5.04,중형,6000.0,2026-05-12,배송완료,2026-05-12 12:54:00,편의점접수,2026-05-11 16:25:00,2026-05-12,1.3,36,5
4100001348,2026-05-20 19:12:00,41,울산지점,C7BBB0816,최채우,송은환,010-9306-1793,전북,전주시 덕진구,일반,의류·패션,패딩,2.1,47.0,31.0,28.0,6.8,6.8,중형,6000.0,2026-05-21,배송완료,2026-05-21 9:09:00,인터넷접수,2026-05-20 19:12:00,2026-05-21,2.1,47,6.8
1200000615,2026-05-06 10:16:00,12,용산지점,CF5E18C22,서수호,이연숙,010-5512-1181,대전,유성구 봉명동,일반,전자·디지털,모니터,5.3,32.0,19.0,15.0,1.52,5.3,중형,6000.0,2026-05-07,배송완료,2026-05-08 20:09:00,편의점접수,2026-05-06 10:16:00,2026-05-07,5.3,32,5.3
2100001725,2026-06-24 18:44:00,21,대전지점,CA73F964E,최호우,강태아,010-2936-1262,서울,노원구 상계동,일반,도서·문구,책,13.1,36.0,15.0,13.0,1.17,13.1,중형,6000.0,2026-06-25,배송완료,2026-06-26 17:45:00,인터넷접수,2026-06-24 18:44:00,2026-06-25,13.1,36,13.1
1100001074,2026-07-03 18:23:00,11,서울지점,C878B912D,김윤숙,최하우,010-4572-6136,인천,남동구 구월동,일반,화장품·미용,스킨케어세트,1.8,20.0,20.0,8.0,0.53,1.8,극소형,3500.0,2026-07-06,배송완료,2026-07-06 11:32:00,편의점접수,2026-07-03 18:23:00,2026-07-06,1.8,20,1.8
1100000842,2026-07-15 17:35:00,11,서울지점,C61FE1314,이준진,최수호,010-2147-3663,서울,용산구 원효로1가,일반,생활용품,주방용품,3.0,28.0,30.0,27.0,3.78,3.78,중형,6000.0,2026-07-16,배송완료,2026-07-16 12:44:00,편의점접수,2026-07-15 17:35:00,2026-07-16,3,28,3.8
3100000821,2026-05-15 15:53:00,31,진주지점,C995150A2,김아우,김재우,010-3692-3803,대구,북구 침산동,일반,도서·문구,필기구세트,6.7,29.0,24.0,12.0,1.39,6.7,중형,6000.0,2026-05-18,배송완료,2026-05-18 14:48:00,인터넷접수,2026-05-15 15:53:00,2026-05-18,6.7,29,6.7
1200001126,2026-06-05 18:15:00,12,용산지점,C39C535B9,강현빈,이하호,,경북,경주시 황성동,일반,전자·디지털,태블릿케이스,4.0,34.0,23.0,25.0,3.26,4.0,중형,6000.0,2026-06-08,배송완료,2026-06-08 9:00:00,편의점접수,2026-06-05 18:15:00,2026-06-08,4,34,4
4100000752,2026-06-22 18:03:00,41,울산지점,C06E52F57,권규영,이호란,,경북,안동시 옥동,일반,식품,커피원두,3.7,30.0,23.0,21.0,2.42,3.7,소형,4000.0,2026-06-23,배송완료,2026-06-24 17:32:00,방문접수,2026-06-22 18:03:00,2026-06-23,3.7,30,3.7
1100000465,2026-06-16 14:16:00,11,서울지점,C44337150,정지식,정준서,010-8413-9219,제주,제주시 연동,제주,화장품·미용,주류,0.4,31.0,27.0,17.0,2.37,2.37,소형,7000.0,2026-06-18,미배송,2026-06-18 12:59:00,편의점접수,2026-06-16 14:16:00,2026-06-18,0.4,31,2.4
4100002319,2026-05-25 11:41:00,41,울산지점,C3910EC34,김성희,김태서,,경기,부천시 원미구,일반,가구·침구,침구/이불,2.3,55.0,51.0,38.0,17.76,17.76,대형,9000.0,2026-05-26,배송완료,2026-05-26 10:44:00,인터넷접수,2026-05-25 11:41:00,2026-05-26,2.3,55,17.8
1100002728,2026-07-28 17:14:00,11,서울지점,C17D81E48,김연서,최서미,010-9461-5833,세종,조치원읍,일반,의류·패션,운동화,1.9,33.0,24.0,19.0,2.51,2.51,소형,4000.0,2026-07-29,배송완료,2026-07-30 10:20:00,편의점접수,2026-07-28 17:14:00,2026-07-29,1.9,33,2.5
2100002528,2026-06-15 15:53:00,21,대전지점,CB30F8E89,최서우,김현란,010-3876-5162,서울,용산구 후암동,일반,화장품·미용,샴푸,1.7,20.0,22.0,25.0,1.83,1.83,소형,4000.0,2026-06-16,배송완료,2026-06-16 13:11:00,방문접수,2026-06-15 15:53:00,2026.06.16,1.7,20,1.8
1100002678,2026-07-14 18:27:00,11,서울지점,C68A782B0,한채경,김진란,010-6798-6209,경남,진주시 충무공동,일반,생활용품,주방용품,2.7,31.0,31.0,17.0,2.72,2.72,소형,4000.0,2026-07-15,배송완료,2026-07-15 9:01:00,인터넷,2026-07-14 18:27:00,2026-07-15,2.7,31,2.7
1100000390,2026-05-27 10:02:00,11,서울지점,CCB67C6BD,이윤진,임서철,,경남,진주시 초전동,일반,생활용품,현금,1.9,35.0,33.0,25.0,4.81,4.81,중형,6000.0,2026-05-28,배송완료,,방문접수,2026-05-27 10:02:00,2026-05-28,1.9,35,4.8
4100000587,2026-05-22 17:05:00,41,울산지점,CEA29BE87,박영숙,서아영,010-9527-3879,서울,은평구 응암동,일반,생활용품,화장지,3.2,36.0,22.0,28.0,3.7,3.7,중형,6000.0,2026-05-25,배송완료,2026-05-25 18:12:00,편의점접수,2026-05-22 17:05:00,2026-05-25,3.2,36,3.7
1100000349,2026-05-23 10:39:00,11,서울지점,C36AFC6BE,안진현,강재식,,충북,충주시 연수동,일반,식품,된장,,38.0,23.0,27.0,3.93,3.93,중형,6000.0,2026-05-25,배송완료,2026-05-25 20:27:00,방문접수,2026-05-23 10:39:00,2026-05-25,0,38,0
1200001207,2026-05-21 14:05:00,12,용산지점,CE224381A,송수준,권진란,010-3908-8415,서울,용산구 이태원동,일반,전자·디지털,키보드,4.4,18.0,30.0,19.0,1.71,4.4,소형,4000.0,2026-05-22,배송완료,2026-05-22 19:48:00,방문접수,2026-05-21 14:05:00,2026-05-22,4.4,18,4.4
3200000993,2026-07-30 15:35:00,32,거제지점,C32CAE732,김성란,신준율,010-5499-8162,서울,용산구 후암동,일반,생활용품,주방용품,7.2,41.0,23.0,27.0,4.24,7.2,중형,6000.0,2026-07-31,배송완료,2026-08-06 19:56:00,대리점,2026-07-30 15:35:00,2026-07-31,7.2,41,7.2
1100000728,2026-06-12 16:53:00,11,서울지점,C4462B60E,한민현,김영영,010-5350-4385,전남,목포시 하당,일반,의류·패션,향수,0.6,40.0,41.0,17.0,4.65,4.65,중형,6000.0,2026-06-15,미배송,2026-06-16 19:26:00,방문접수,2026.06.12 16시53분,2026-06-15,0.6,40,0.6
1100000306,2026-06-29 15:56:00,11,서울지점,C9250C933,김시자,류수호,106970817,서울,강남구 역삼동,일반,가구·침구,베개,3.9,53.0,48.0,41.0,17.38,17.38,대형,9000.0,2026-06-30,배송완료,,대리점,2026-06-29 15:56:00,2026-06-30,3.9,53,17.4
4100000889,2026-06-06 14:21:00,41,울산지점,CCE84C22F,김성원,류규환,010-5887-4248,경북,안동시 옥동,일반,식품,커피원두,8.1,32.0,23.0,12.0,1.47,8.1,중형,6000.0,2026-06-08,배송완료,2026-06-08 19:54:00,편의점접수,2026-06-06 14:21:00,2026-06-08,8.1,32,8.1
1200001500,2026-05-13 18:29:00,12,용산지점,C70287B48,김예식,권은미 님,010-8527-9011,서울,용산구 원효로1가,일반,도서·문구,필기구세트,2.1,35.0,21.0,20.0,2.45,2.45,소형,4000.0,2026-05-14,배송완료,2026-05-14 15:13:00,방문접수,2026-05-13 18:29:00,2026-05-14,2.1,35,2.5
2100002680,2026-06-02 15:16:00,21,대전지점,CEA600DD3,김주원,신지진,010-3550-1000,대전,유성구 봉명동,일반,가구·침구,커튼,5.8,56.0,45.0,32.0,13.44,13.44,대형,9000.0,2026-06-03,배송완료,2026-06-03 11:23:00,인터넷접수,26-06-02 15:16,2026-06-03,5.8,56cm,13.4
1100001495,2026-07-24 17:15:00,11,서울지점,CA681247F,양진란,최예식 님,,경기,고양시 일산동구,일반,의류·패션,운동화,2.3,28.0,27.0,23.0,2.9,2.9,소형,4000.0,2026-07-27,배송완료,2026-07-27 17:39:00,방문접수,2026-07-24 17:15:00,2026-07-27,2.3,28cm,2.9
4100000361,2026-05-01 17:56:00,41,울산지점,C8725C32F,김은빈,강도영(경비실),010-4499-7820,울산,동구 방어동,일반,가구·침구,커튼,3.5,63.0,38.0,48.0,19.15,19.15,대형,9000.0,2026-05-04,배송완료,2026-05-04 17:27:00,대리점,2026-05-01 17:56:00,2026-05-04,3.5,63,19.2
3200002177,2026-06-17 16:50:00,32,거제지점,C6D91F853,이주란,김승환,010-7729-4396,경남,거제시 옥포동,일반,의류·패션,신발,1.1,33.0,26.0,20.0,2.86,2.86,소형,4000.0,2026-06-18,배송완료,2026-06-18 10:02:00,편의점접수,2026-06-17 16:50:00,2026-06-18,1.1,33,2.9
3100002541,2026-07-06 09:56:00,31,진주지점,C0098BE95,신하현,강연연,010-6026-3252,충남,아산시 배방읍,일반,식품,쌀,6.5,38.0,24.0,28.0,4.26,6.5,중형,6000.0,2026-07-07,배송완료,2026-07-07 17:00:00,인터넷접수,2026-07-06 9:56:00,2026-07-07,6.5,38,6.5
1100002771,2026-08-04 16:29:00,11,서울지점,C27B904A8,고진숙,남태희,010-5952-8042,서울,용산구 청파동,일반,식품,김,11.3,30.0,26.0,24.0,3.12,11.3,극소형,3500.0,2026-08-05,간선하차,,방문접수,2026-08-04 16:29:00,2026-08-05,11.3,30,11.3
3100002274,2026-06-18 19:08:00,31,진주지점,C79734C51,이승우,백태율,010-7798-7636,서울,용산구 한남동,일반,전자·디지털,키보드,0.8,31.0,25.0,20.0,2.58,2.58,소형,4000.0,2026-06-19,배송완료,2026-06-19 14:52:00,방문접수,2026-06-18 19:08:00,2026-06-19,0.8,31,2.6
1100002376,2026-06-10 13:34:00,11,서울지점,C6345FB7E,남재연,김우식,010-6445-2611,경기,화성시 동탄,일반,생활용품,휴지,5.5,42.0,42.0,20.0,5.88,5.88,중형,6000.0,2026-06-11,배송완료,2026-06-11 19:10:00,편의점접수,2026-06-10 13:34:00,2026/06/11,5.5,42,5.9
1200002618,2026-06-15 15:36:00,12,용산지점,CAEF59841,이아원,김유란,010-4705-4619,광주,북구 운암동,일반,도서·문구,냉동식품,6.8,20.0,24.0,19.0,1.52,6.8,중형,6000.0,2026-06-16,배송완료,2026-06-16 10:02:00,방문접수,2026-06-15 15:36:00,2026-06-16,6.8,20,6.8
3100000078,2026-06-17 10:48:00,31,진주지점,C176F1945,이하경,김채율,010-8675-9509,서울,노원구 상계동,일반,도서·문구,문제집,0.5,34.0,22.0,24.0,2.99,2.99,소형,4000.0,2026-06-18,배송완료,2026-06-19 19:03:00,방문접수,2026-06-17 10:48:00,2026-06-18,0.5,34,3
3200001276,2026-07-14 11:46:00,32,거제지점,CB278F99A,최승희,윤민미,1074892120,대전,중구 은행동,일반,의류·패션,모자,1.1,47.0,38.0,20.0,5.95,5.95,중형,6000.0,2026-07-15,배송완료,2026-07-16 13:31:00,편의점접수,2026-07-14 11:46:00,2026.07.15,1.1,47,6
3100000426,2026-06-29 17:46:00,31,진주지점,CB30F8E89,최서우,김은란,010-8643-9065,서울,노원구 상계동,일반,화장품·미용,스킨케어세트,2.8,20.0,15.0,24.0,1.2,2.8,소형,4000.0,2026-06-30,배송완료,2026-06-30 10:59:00,편의점접수,2026-06-29 17:46:00,2026-06-30,2.8,20,2.8
3100000942,2026-07-07 16:15:00,31,진주지점,CC42B6FE1,남지자,박진경,010-4893-5084,경북,구미시 인동,일반,화장품·미용,향수,2.8,22.0,25.0,22.0,2.02,2.8,소형,4000.0,2026-07-08,배송완료,2026-07-09 19:08:00,대리점,2026-07-07 16:15:00,2026-07-08,2.8,22,2.8
4100000515,2026-07-07 18:15:00,41,울산지점,C3544740B,정현연,정수영(경비실),010-2478-6363,경기,고양시 일산동구,일반,전자·디지털,이어폰,2.8,31.0,20.0,8.0,0.83,2.8,소형,4000.0,2026-07-08,미배송,,인터넷접수,2026-07-07 18:15:00,2026-07-08,2.8,31,2.8
3100001280,2026-05-12 16:02:00,31,진주지점,C9B2127BB,이정호,안지연,010-4354-9082,경기,화성시 동탄,일반,식품,라면박스,3.4,37.0,18.0,14.0,1.55,3.4,소형,4000.0,2026-05-13,배송완료,2026-05-14 19:41:00,인터넷접수,2026-05-12 16:02:00,2026-05-13,3.4,37,3.4
3100001121,2026-06-05 13:41:00,31,진주지점,C9EE95090,김호환,신시진,010-4889-4834,전북,전주시 덕진구,일반,화장품·미용,향수,1.2,27.0,30.0,,,1.2,소형,4000.0,2026-06-08,배송완료,2026-06-08 11:35:00,방문접수,2026-06-05 13:41:00,2026-06-08,1.2,27,1.2
1200002563,2026-06-12 15:49:00,12,용산지점,C101EF832,이도식,최재환 님,010-8348-6366,강원,강릉시 교동,일반,의류·패션,티셔츠,0.3,36.0,28.0,12.0,2.02,2.02,소형,4000.0,2026-06-15,배송완료,2026-06-15 12:29:00,인터넷접수,2026-06-12 15:49:00,2026-06-15,0.3,36,2
1200000381,2026-05-13 14:48:00,12,용산지점,CCB67C6BD,이윤진,정규철,,경남,김해시 장유동,일반,식품,건어물,7.9,37.0,26.0,12.0,1.92,7.9,중형,6000.0,2026-05-14,배송완료,2026-05-14 14:34:00,편의점접수,2026-05-13 14:48:00,2026-05-14,7.9,37,7.9
1100000876,2026-05-18 10:03:00,11,서울지점,C159E1D9E,최승호,박하철,,대전,중구 은행동,일반,생활용품,세제,4.5,33.0,29.0,28.0,4.47,4.5,중형,6000.0,2026-05-19,배송완료,2026-05-21 13:53:00,방문접수,2026-05-18 10:03:00,2026-05-19,-3,33,4.5
3100000983,2026-05-25 13:10:00,31,진주지점,CAA47C122,황아현,최아연,010-6222-3927,경남,창원시 성산구,일반,도서·문구,책(중고),,34.0,26.0,20.0,2.95,2.95,소형,5000.0,2026-05-26,반품,,편의점접수,2026-05-25 13:10:00,2026-05-26,-1,34,2.9
3100000457,2026-06-01 17:36:00,31,진주지점,CD3E558CF,최준율,오규율,010-6588-7047,울산,울주군 범서읍,일반,도서·문구,필기구세트,9.4,22.0,16.0,14.0,0.82,9.4,중형,6000.0,2026-06-02,배송완료,2026-06-02 17:23:00,방문접수,2026-06-01 17:36:00,2026-06-02,9.4,22,9.4
1100002552,2026-07-13 16:10:00,11,서울지점,CCEAB9A05,임나란,문연영,010-4360-8486,경기,부천시 원미구,일반,전자·디지털,키보드,2.7,39.0,15.0,18.0,1.76,2.7,소형,4000.0,2026-07-14,배송완료,2026-07-15 14:45:00,편의점접수,2026-07-13 16:10:00,2026-07-14,2.7,39,2.7
4100002345,2026-06-30 09:58:00,41,울산지점,C36A15E93,문준미,강승경,010-6189-7826,서울,송파구 잠실동,일반,전자·디지털,키보드,2.3,23.0,28.0,23.0,2.47,2.47,소형,4000.0,2026-07-01,배송완료,2026-07-02 11:04:00,인터넷접수,2026-06-30 9:58:00,2026-07-01,2.3,23,2.3
2100000820,2026-06-07 19:59:00,21,대전지점,CAA0A760A,김하미,황우서,010-4553-8144,충남,천안시 서북구,일반,생활용품,수납함,1.0,48.0,36.0,30.0,8.64,8.64,중형,6000.0,2026-06-08,배송완료,2026-06-08 19:17:00,편의점접수,2026-06-07 19:59:00,2026-06-08,1,48,8.6
2100002010,2026-07-30 17:27:00,21,대전지점,C3EBC20CF,최태호,김규철,,대전,유성구 봉명동,일반,가구·침구,러그,3.5,46.0,47.0,47.0,16.94,16.94,대형,9000.0,2026-07-31,배송완료,,편의점접수,2026-07-30 17:27:00,2026-07-31,3.5,46,16.9
4100002302,2026-07-22 18:40:00,41,울산지점,C1C7F6128,권연란,김지식,010-3639-8001,경기,성남시 분당구,일반,가구·침구,베개,2.8,55.0,36.0,50.0,16.5,16.5,대형,9000.0,2026-07-23,배송완료,2026-07-23 10:23:00,방문접수,2026.07.22 18시40분,2026-07-23,2.8,55,16.5
1200001436,2026-05-21 18:41:00,12,용산지점,C7C71A86E,유유식,김아현,010-8822-9811,부산,사하구 하단동,일반,반려동물,장난감,5.8,32.0,26.0,19.0,2.63,5.8,중형,6000.0,2026-05-22,배송완료,2026-05-29 11:05:00,방문접수,2026-05-21 18:41:00,2026.05.22,5.8,32,5.8
1200002312,2026-07-13 19:35:00,12,용산지점,C943AE633,이우미,이도서,010-8085-2772,경남,거제시 옥포동,일반,의류·패션,청바지,2.3,38.0,35.0,18.0,3.99,3.99,중형,6000.0,2026-07-14,배송완료,2026-07-14 11:31:00,인터넷접수,2026-07-13 19:35:00,2026-07-14,2.3,38,4
1100002939,2026-05-25 18:48:00,11,서울지점,C76F16F4A,고성현,이아현,1052625348,경기,용인시 기흥구,일반,생활용품,세제,3.9,47.0,40.0,24.0,7.52,7.52,중형,6000.0,2026-05-26,배송완료,2026-05-26 16:44:00,방문접수,2026-05-25 18:48:00,2026-05-26,3.9,47,7.5
4100002392,2026-07-14 12:19:00,41,울산지점,CCE84C22F,김성원,정민현,010-8302-2939,대구,달서구 상인동,일반,생활용품,빨래건조대,4.6,44.0,42.0,28.0,8.62,8.62,중형,6000.0,2026-07-15,배송완료,2026-07-15 19:54:00,방문접수,2026-07-14 12:19:00,2026-07-15,4.6,44,4.6
1200001176,2026-07-27 16:40:00,12,용산지점,C212B36F4,정도아,김승숙,010-7167-9786,서울,용산구 이태원동,일반,가구·침구,러그,3.9,53.0,38.0,46.0,15.44,15.44,대형,9000.0,2026-07-28,배송완료,2026-07-29 15:16:00,방문접수,2026-07-27 16:40:00,2026-07-28,3.9,53,3.9
1200001028,2026-05-30 10:01:00,12,용산지점,CF860DEF3,윤지철,윤예연,,서울,용산구 한남동,일반,식품,과일선물세트,10.4,30.0,20.0,12.0,1.2,10.4,중형,6000.0,2026-06-01,배송완료,2026-06-01 17:48:00,편의점접수,2026-05-30 10:01:00,2026-06-01,10.4,30,10.4
1200001908,2026-05-05 16:48:00,12,용산지점,C0FB8FD70,이도아,김수미,,대전,중구 은행동,일반,의류·패션,청바지,1.5,39.0,23.0,16.0,2.39,2.39,소형,4000.0,2026-05-06,반품,,편의점접수,2026-05-05 16:48:00,2026-05-06,1.5,39,2.4
2100001149,2026-05-18 15:22:00,21,대전지점,CF927CDE3,이규철,이아철,010-7335-3618,서울,은평구 응암동,일반,식품,과일선물세트,1.3,22.0,19.0,17.0,1.18,1.3,극소형,3500.0,2026-05-19,배송완료,2026-05-20 13:35:00,인터넷접수,2026-05-18 15:22:00,2026-05-19,1.3,22,1.3
3200002532,2026-05-30 10:58:00,32,거제지점,C51540494,박준진,김준희(직접수령),010-2837-2180,충북,청주시 흥덕구,일반,전자·디지털,모니터,3.9,40.0,15.0,11.0,1.1,3.9,소형,4000.0,2026-06-01,배송완료,2026-06-01 13:55:00,인터넷접수,2026-05-30 10:58:00,2026-06-01,3.9,40,3.9
3100000877,2026-06-01 09:05:00,31,진주지점,C81BC35D7,김우환,박우현,010-5846-2301,강원,속초시 조양동,일반,도서·문구,문제집,5.0,20.0,18.0,25.0,1.5,5.0,소형,4000.0,2026-06-02,배송완료,2026-06-02 9:24:00,인터넷접수,2026-06-01 9:05:00,2026-06-02,5,20,5
4100000219,2026-07-03 16:22:00,41,울산지점,CBA93A893,한민원,이주진,010-3502-1634,서울,노원구 상계동,일반,식품,라면박스,10.4,30.0,21.0,22.0,2.31,10.4,중형,6000.0,2026-07-06,배송완료,2026-07-07 13:56:00,편의점접수,2026-07-03 16:22:00,2026-07-06,10.4,30,10.4
1100002769,2026-06-22 12:45:00,11,서울지점,C6047CAF5,안정철,권호원,104392391,경기,남양주시 다산동,일반,의류·패션,모자,1.0,49.0,26.0,16.0,3.4,3.4,중형,6000.0,2026-06-23,배송완료,2026-06-23 19:16:00,편의점접수,2026-06-22 12:45:00,2026-06-23,1,49,3.4
1100002878,2026-05-08 11:56:00,11,서울지점,C5B094211,이서우,김진아,010-2533-2590,서울,은평구 응암동,일반,의류·패션,모자,0.7,42.0,31.0,19.0,4.12,4.12,중형,9000.0,2026-05-11,배송완료,2026-05-11 9:08:00,편의점접수,2026-05-08 11:56:00,2026-05-11,0.7,42,4.1
1100002118,2026-07-30 16:13:00,11,서울지점,C8D25A518,김우철,류채미,010-9829-3358,대전,대덕구 송촌동,일반,의류·패션,패딩,1.7,31.0,25.0,27.0,3.49,3.49,중형,6000.0,2026-07-31,배송완료,2026-07-31 12:46:00,방문접수,2026-07-30 16:13:00,2026-07-31,1.7,31,1.7
1100001629,2026-07-23 12:32:00,11,서울지점,CCBFDCE8E,오진호,장승우,105615821,서울,은평구 응암동,일반,식품,김,8.7,31.0,16.0,17.0,1.41,8.7,중형,6000.0,2026-07-24,배송완료,,방문접수,2026-07-23 12:32:00,2026-07-24,8.7,31,8.7
4100002078,2026-06-04 15:33:00,41,울산지점,CC42B6FE1,남지자,이지호,010-3835-6108,경남,김해시 장유동,일반,식품,라면박스,4.8,29.0,28.0,18.0,2.44,4.8,소형,4000.0,2026-06-05,배송완료,2026-06-05 17:11:00,인터넷접수,2026-06-04 15:33:00,2026-06-05,4.8,29,4.8
1100002139,2026-07-14 16:59:00,11,서울지점,C2163504D,권은란,배시진,010-7307-1002,경기,용인시 기흥구,일반,의류·패션,청바지,2.4,30.0,39.0,13.0,2.54,2.54,중형,6000.0,2026-07-15,배송완료,2026-07-15 12:24:00,편의점접수,2026-07-14 16:59:00,2026-07-15,2.4,30,2.5
2100000701,2026-06-29 16:32:00,21,대전지점,C2E0B9BF7,황민빈,최민환,010-4006-4427,대전,유성구 봉명동,일반,의류·패션,가방,0.9,42.0,35.0,29.0,7.1,7.1,중형,6000.0,2026-06-30,미배송,,편의점접수,2026-06-29 16:32:00,2026-06-30,0.9,42,7.1
1200000776,2026-05-18 17:53:00,12,용산지점,CA7A10A3D,김유호,김우자,010-6668-1889,충북,충주시 연수동,일반,생활용품,빨래건조대,6.9,36.0,38.0,16.0,3.65,6.9,중형,6000.0,2026-05-19,배송완료,2026-05-21 20:28:00,방문접수,2026-05-18 17:53:00,2026-05-19,6.9,36,6.9
2100001555,2026-05-05 18:48:00,21,대전지점,C794F16E6,오서란,박진경,010-9862-3264,경남,거제시 장승포동,일반,식품,된장,10.1,26.0,28.0,28.0,3.4,10.1,중형,6000.0,2026-05-06,배송완료,2026-05-08 14:09:00,편의점접수,2026-05-05 18:48:00,2026-05-06,10.1,26,10.1
3100000212,2026-05-04 11:03:00,31,진주지점,C2E913452,장수아,한우연,1023252487,대전,서구 둔산동,일반,식품,커피원두,2.0,24.0,16.0,18.0,1.15,2.0,극소형,3500.0,2026-05-05,배송완료,2026-05-05 9:51:00,인터넷접수,2026-05-04 11:03:00,2026-05-05,2,24,2
4100001294,2026-05-13 12:12:00,41,울산지점,C77A988E4,김준란,박진연,1035023707,경남,진주시 초전동,일반,도서·문구,다이어리,6.7,37.0,27.0,23.0,3.83,6.7,중형,6000.0,2026-05-14,배송완료,2026-05-21 11:36:00,편의점접수,2026-05-13 12:12:00,2026-05-14,6.7,37,6.7
3100002217,2026-05-20 16:13:00,31,진주지점,C704105DD,오하진,신도희,010-7265-4099,울산,동구 방어동,일반,식품,커피원두,3.8,29.0,15.0,28.0,2.03,3.8,소형,4000.0,2026-05-21,배송완료,2026-05-21 10:33:00,인터넷접수,2026-05-20 16:13:00,2026-05-21,3.8,29,3.8
1200000162,2026-07-03 10:32:00,12,용산지점,CA7101B4A,정영아,정영숙,010-9078-9300,대구,수성구 범어동,일반,식품,커피원두,5.4,32.0,24.0,12.0,1.54,5.4,중형,6000.0,2026-07-06,배송완료,2026-07-06 10:17:00,인터넷접수,2026-07-03 10:32:00,2026-07-06,5.4,32,5.4
4100001603,2026-07-16 18:55:00,41,울산지점,C99BA860C,이정서,정진경,105676735,대구,달서구 상인동,일반,식품,쌀,11.6,23.0,18.0,23.0,1.59,11.6,중형,6000.0,2026-07-17,배송완료,2026-07-17 14:42:00,편의점접수,2026-07-16 18:55:00,2026-07-17,11.6,23,11.6
1100002353,2026-06-11 09:46:00,11,서울지점,C7CCCC2A9,장규현,이민란,1049478845,서울,용산구 후암동,일반,식품,쌀,2.8,24.0,16.0,16.0,1.02,2.8,소형,4000.0,2026-06-12,배송완료,2026-06-12 11:14:00,인터넷접수,2026-06-11 9:46:00,2026-06-12,2.8,24,2.8
1100002758,2026-06-08 16:44:00,11,서울지점,C49DAB61E,송하경,윤채현,010-3160-9289,경북,안동시 옥동,일반,생활용품,주방용품,7.6,37.0,38.0,31.0,7.26,7.6,중형,6000.0,2026-06-09,배송완료,2026-06-09 12:35:00,편의점접수,2026-06-08 16:44:00,2026-06-09,7.6,37,7.6
3100001442,2026-07-30 17:41:00,31,진주지점,CFE966C1C,김재경,박도영,010-3494-7214,울산,동구 방어동,일반,의류·패션,코트,2.0,49.0,31.0,13.0,3.29,3.29,중형,6000.0,2026-07-31,배송완료,2026-07-31 17:21:00,인터넷접수,2026-07-30 17:41:00,2026-07-31,2,49,3.3
1100002493,2026-06-15 15:19:00,11,서울지점,C95192FDA,권정식,박윤율,010 8057 7793,서울,용산구 청파동,일반,전자·디지털,키보드,2.1,33.0,21.0,11.0,1.27,2.1,소형,4000.0,,배송완료,2026-06-16 18:07:00,편의점접수,2026-06-15 15:19:00,,2.1,33,2.1
3100000664,2026-06-03 09:56:00,31,진주지점,CBA9A739D,이도율,김연식,010-4291-5432,강원,속초시 조양동,일반,생활용품,주방용품,0.8,41.0,22.0,24.0,3.61,3.61,중형,6000.0,2026-06-04,배송완료,2026-06-04 15:50:00,방문접수,2026-06-03 9:56:00,2026-06-04,0.8,41,3.6
3100000069,2026-06-17 18:46:00,31,진주지점,C704105DD,오하진,권은희(경비실),010-6103-3773,부산,사하구 하단동,일반,의류·패션,원피스,2.5,32.0,33.0,31.0,5.46,5.46,중형,9000.0,2026-06-18,배송완료,2026-06-18 11:13:00,방문접수,2026-06-17 18:46:00,2026-06-18,2.5,32,2.5
1200001955,2026-05-04 11:28:00,12,용산지점,C7EC5E4F3,오재율,강준철,010-3475-4247,전북,익산시 영등동,일반,식품,라면박스,4.5,33.0,20.0,24.0,2.64,4.5,소형,4000.0,2026-05-05,배송완료,2026-05-05 13:20:00,방문접수,2026-05-04 11:28:00,2026-05-05,4.5,33,4.5
1100000440,2026-06-18 14:38:00,11,서울지점,CFBCE2B3E,김나아,김채철,010-8190-4363,경기,남양주시 다산동,일반,생활용품,빨래건조대,5.6,31.0,26.0,16.0,2.15,5.6,중형,6000.0,2026-06-19,배송완료,2026-06-19 16:04:00,편의점접수,2026-06-18 14:38:00,2026-06-19,5.6,31,5.6
1100000602,2026-06-02 11:48:00,11,서울지점,C009D622E,김승빈,정연환,010-9440-7580,서울,강남구 역삼동,일반,전자·디지털,이어폰,3.5,27.0,30.0,12.0,1.62,3.5,소형,4000.0,2026-06-03,배송완료,2026-06-10 15:02:00,방문접수,2026-06-02 11:48:00,2026-06-03,3.5,27,3.5
1200000362,2026-06-10 16:14:00,12,용산지점,CA6020EE4,신정호,장태연,1054736651,서울,노원구 상계동,일반,생활용품,세제,0.6,48.0,23.0,25.0,4.6,4.6,중형,6000.0,2026-06-11,배송완료,2026-06-11 20:40:00,편의점접수,2026-06-10 16:14:00,2026-06-11,0.6,48,4.6
1100000762,2026-06-29 11:12:00,11,서울지점,CCE3AEE98,이하미,최채진,010-5845-9900,도서산간,거문도 서도리,도서산간,도서·문구,다이어리,3.3,21.0,18.0,18.0,1.13,3.3,소형,9000.0,2026-07-02,배송완료,2026-07-02 19:35:00,인터넷접수,2026-06-29 11:12:00,2026-07-02,3.3,21,3.3
1100002463,2026-05-08 16:43:00,11,서울지점,CA5959E5F,이서경,김태율,010-4489-1232,울산,중구 성남동,일반,생활용품,세탁세제,2.2,40.0,26.0,14.0,2.43,2.43,소형,4000.0,2026-05-11,배송완료,2026-05-11 18:14:00,편의점접수,2026-05-08 16:43:00,2026-05-11,2.2,40,2.4
1100001484,2026-06-25 17:56:00,11,서울지점,C9948C94A,박윤현,문연서,010-3072-1903,대전,서구 둔산동,일반,식품,김,8.2,30.0,26.0,18.0,2.34,8.2,중형,6000.0,2026-06-26,배송완료,2026-06-26 20:58:00,인터넷접수,2026-06-25 17:56:00,2026-06-26,8.2,30,8.2
3200002255,2026-05-06 13:04:00,32,거제지점,CB9D7B659,이우원,유수빈,010-5431-9260,대전,유성구 노은동,일반,생활용품,세제(대용량),6.8,49.0,42.0,18.0,6.17,6.8,중형,6000.0,2026-05-07,미배달,,인터넷접수,2026-05-06 13:04:00,2026-05-07,6.8,49,6.8
2100002112,2026-06-23 09:44:00,21,대전지점,C7BE7B1DD,강성희,백호식,010-6757-4980,서울,용산구 청파동,일반,생활용품,수납함,5.5,36.0,28.0,24.0,4.03,5.5,소형,6000.0,2026-06-24,배송완료,2026-06-24 17:34:00,편의점접수,2026-06-23 9:44:00,2026-06-24,5.5,36,5.5
1200001613,2026-07-10 14:44:00,12,용산지점,CE9F87781,안호원,오예준,010-6233-8570,부산,해운대구 우동,일반,식품,라면박스,4.6,35.0,15.0,25.0,2.19,4.6,소형,4000.0,2026-07-13,배송완료,2026-07-13 16:38:00,방문접수,2026-07-10 14:44:00,2026-07-13,4.6,35,4.6
4100001590,2026-07-06 17:06:00,41,울산지점,C7BDD11AE,강유연,윤아숙,010-7821-9466,부산,해운대구 우동,일반,전자·디지털,이어폰,4.7,40.0,25.0,12.0,2.0,4.7,소형,4000.0,2026-07-07,배송완료,,방문접수,2026-07-06 17:06:00,2026-07-07,4.7,40,4.7
3100002707,2026-06-10 18:35:00,31,진주지점,CFA8277D3,이아원,최승희,010-2789-4146,울산,울주군 범서읍,일반,도서·문구,문제집,4.5,24.0,23.0,19.0,1.75,4.5,소형,4000.0,2026-06-11,배송완료,2026-06-11 11:13:00,편의점접수,2026-06-10 18:35:00,2026-06-11,4.5,24,4.5
2100002228,2026-07-22 18:35:00,21,대전지점,C00CF4F70,권하호,박우미,105264911,대구,북구 침산동,일반,생활용품,주방용품,7.5,30.0,26.0,25.0,3.25,7.5,중형,6000.0,2026-07-23,배송완료,2026-07-23 18:09:00,인터넷접수,2026-07-22 18:35:00,2026-07-23,7.5,30,7.5
4100000758,2026-07-18 09:38:00,41,울산지점,C12C29DEE,조민희,김연희,010-9140-4544,대전,유성구 봉명동,일반,도서·문구,다이어리,4.7,20.0,15.0,19.0,0.95,4.7,소형,4000.0,2026-07-20,미배송,,인터넷접수,2026-07-18 9:38:00,2026-07-20,4.7,20,4.7
1100000710,2026-06-09 15:58:00,11,서울지점,CA83CA431,김채호,김연미,010-9712-2559,강원,원주시 무실동,일반,의류·패션,원피스,1.2,44.0,42.0,28.0,8.62,8.62,중형,6000.0,2026-06-10,배송완료,2026-06-12 10:10:00,편의점접수,2026-06-09 15:58:00,2026-06-10,1.2,44,8.6
1200002499,2026-06-26 16:50:00,12,용산지점,C3E9F0BA3,정정란,박시서,010-9763-8116,경기,용인시 기흥구,일반,의류·패션,코트,0.8,43.0,37.0,15.0,3.98,3.98,중형,6000.0,2026-06-29,배송완료,2026-06-29 15:09:00,인터넷접수,2026-06-26 16:50:00,2026-06-29,0.8,43,4
4100001162,2026-06-14 09:09:00,41,울산지점,C81733BA7,김승미,윤아경,1023452711,인천,남동구 구월동,일반,식품,건어물,8.9,26.0,22.0,15.0,1.43,8.9,중형,6000.0,2026-06-15,배송완료,2026-06-15 13:03:00,편의점접수,2026-06-14 9:09:00,2026-06-15,8.9,26,8.9
1200001790,2026-07-02 16:36:00,12,용산지점,CE5C28F9B,이주진,정수빈,010-3887-2228,충남,아산시 배방읍,일반,생활용품,세탁세제,2.2,32.0,28.0,17.0,2.54,2.54,소형,4000.0,2026-07-03,배송완료,2026-07-06 15:11:00,대리점,2026-07-02 16:36:00,2026-07-03,2.2,32,2.5
3100000206,2026-07-29 17:30:00,31,진주지점,CCBCC9760,오규우,강예준,010-3840-2678,서울,강남구 역삼동,일반,생활용품,수납함,7.1,43.0,39.0,28.0,7.83,7.83,중형,6000.0,2026-07-30,배송완료,,편의점접수,07/29/2026 17:30,2026-07-30,7.1,43,7.8
3100000476,2026-06-04 12:09:00,31,진주지점,CB30F8E89,최서우,전정경,010-3905-5139,서울,용산구 이태원동,일반,전자·디지털,공유기,0.7,32.0,14.0,24.0,1.79,1.79,소형,4000.0,2026-06-05,배송완료,2026-06-05 19:32:00,인터넷,2026-06-04 12:09:00,2026-06-05,0.7,32,1.8
2100000650,2026-07-10 16:11:00,21,대전지점,C5CB1FBF3,김진자,오서원,1067619379,충북,청주시 흥덕구,일반,식품,김치,2.2,26.0,19.0,18.0,1.48,2.2,소형,4000.0,2026-07-13,배송완료,2026-07-13 16:52:00,대리점접수,2026-07-10 16:11:00,2026-07-13,2.2,26,2.2
3100001254,2026-08-04 10:05:00,31,진주지점,CD0C9CCE0,정규미,이지자,010-9319-9540,인천,부평구 부평동,일반,의류·패션,코트,0.6,41.0,26.0,32.0,5.69,5.69,중형,6000.0,,집화처리,,방문접수,2026-08-04 10:05:00,,0.6,41,5.7
2100002064,2026-05-07 15:56:00,21,대전지점,C864F1C01,박예환,장준자,010-3014-7808,경북,포항시 남구,일반,의류·패션,티셔츠,1.7,36.0,25.0,21.0,3.15,3.15,중형,6000.0,2026-05-08,배송완료,2026-05-12 12:08:00,편의점접수,2026-05-07 15:56:00,2026-05-08,1.7,36,3.1
3100001328,2026-05-18 15:23:00,31,진주지점,CC040DA52,이도율,김주율,010-4808-3251,대전,유성구 노은동,일반,의류·패션,가방,0.5,45.0,37.0,14.0,3.88,3.88,중형,6000.0,2026-05-19,배송완료,2026-05-19 11:08:00,인터넷접수,2026-05-18 15:23:00,2026-05-19,0.5,45,3.9
3200002431,2026-07-05 16:00:00,32,거제지점,CFF22484C,김현희,박진호,010-4719-5479,경기,남양주시 다산동,일반,생활용품,휴지 30롤,5.8,37.0,28.0,19.0,3.28,5.8,중형,6000.0,2026-07-06,배송완료,2026-07-08 10:39:00,편의점접수,2026-07-05 16:00:00,2026-07-06,5.8,37,5.8
4100002264,2026-06-08 17:02:00,41,울산지점,C990E94C6,박우진,김현란,010-8296-7122,서울,용산구 청파동,일반,의류·패션,가방,2.4,38.0,33.0,26.0,5.43,5.43,중형,6000.0,2026-06-09,배송완료,2026-06-09 10:38:00,방문접수,2026-06-08 17:02:00,2026-06-09,2.4,38,5.4
1100002616,2026-06-08 14:50:00,11,서울지점,CC4FD5289,고승진,이서식,010-2975-3879,서울,용산구 원효로1가,일반,식품,김,9.6,28.0,16.0,21.0,1.57,9.6,중형,6000.0,2026-06-09,배송완료,2026-06-10 15:23:00,편의점접수,2026-06-08 14:50:00,2026-06-09,9.6,28,9.6
4100001716,2026-06-24 11:32:00,41,울산지점,C6CA31024,서승영,김서현,010-7969-6368,전남,순천시 조례동,일반,전자·디지털,충전기,5.4,40.0,14.0,12.0,1.12,5.4,중형,6000.0,2026-06-25,배송완료,2026-06-25 19:32:00,편의점접수,2026-06-24 11:32:00,2026-06-25,5.4,40,5.4
2100001636,2026-06-01 15:59:00,21,대전지점,C8F84D295,이유희,장아희,010-7398-4608,대구,수성구 범어동,일반,가구·침구,베개,5.7,41.0,43.0,28.0,8.23,8.23,중형,6000.0,2026-06-02,배송완료,2026-06-03 20:00:00,대리점,2026-06-01 15:59:00,2026-06-02,5.7,41,8.2
1100001703,2026-07-20 19:54:00,11,서울지점,CC5857DD7,김시란,박우환,010-6388-6804,강원,원주시 무실동,일반,식품,라면박스,11.0,20.0,26.0,28.0,2.43,11.0,중형,6000.0,2026-07-21,배송완료,2026-07-22 14:04:00,방문접수,2026-07-20 19:54:00,2026-07-21,11,20,11
4100001761,2026-05-29 15:11:00,41,울산지점,CBA5491AF,정아서,김준아,010-7046-8490,서울,용산구 이태원동,일반,전자·디지털,이어폰,2.4,36.0,32.0,13.0,2.5,2.5,중형,6000.0,2026-06-01,배송완료,2026-06-01 19:45:00,편의점접수,2026-05-29 15:11:00,2026-06-01,2.4,36,2.5
2100002050,2026-05-25 16:00:00,21,대전지점,CBE890351,김지환,이성아,010-8065-9054,경남,진주시 평거동,일반,전자·디지털,키보드,2.7,26.0,24.0,24.0,2.5,2.7,소형,4000.0,2026-05-26,배송완료,2026-05-26 10:56:00,편의점접수,2026-05-25 16:00:00,2026-05-26,2.7,26,2.7
2100000909,2026-06-03 19:39:00,21,대전지점,CCB11924B,김은원,박준희,010-6769-7623,서울,용산구 원효로1가,일반,가구·침구,커튼,5.3,57.0,38.0,39.0,14.08,14.08,대형,9000.0,,배송완료,2026-06-04 16:21:00,인터넷접수,2026-06-03 19:39:00,,5.3,57,14.1
2100002223,2026-07-10 17:05:00,21,대전지점,CCEAB9A05,임나란,유현아,010-8421-9289,울산,북구 명촌동,일반,도서·문구,책 30권,10.3,20.0,18.0,26.0,1.56,10.3,중형,6000.0,2026-07-13,배송완료,2026-07-14 11:04:00,방문접수,2026-07-10 17:05:00,2026-07-13,0,20,10.3
4100001724,2026-06-22 12:32:00,41,울산지점,C29AD0F4C,권채준,박규연,010-7412-4224,경북,경주시 황성동,일반,식품,김치,1.1,38.0,28.0,23.0,4.08,4.08,중형,6000.0,2026-06-23,배송완료,2026-06-23 20:21:00,편의점접수,2026-06-22 12:32:00,2026-06-23,1.1,38,4.1
1100000744,2026-07-13 12:43:00,11,서울지점,C12D9F034,이정미,이주준,010-6147-2161,서울,노원구 상계동,일반,식품,건어물,2.6,22.0,21.0,24.0,1.85,2.6,소형,4000.0,2026-07-14,배송완료,,편의점접수,2026-07-13 12:43:00,2026-07-14,2.6,22,2.6
1100000186,2026-05-11 16:23:00,11,서울지점,C7BDD11AE,강유연,정나철,010-6767-7498,경북,경주시 황성동,일반,생활용품,주방용품,7.2,34.0,33.0,21.0,3.93,7.2,중형,6000.0,2026-05-12,배송완료,2026-05-12 9:24:00,인터넷접수,2026-05-11 16:23:00,2026-05-12,7.2,34,7.2
4100000719,2026-05-18 16:25:00,41,울산지점,C4A539359,최아자,강채희,010-2667-3432,서울,용산구 이태원동,일반,의류·패션,신발,2.4,42.0,32.0,23.0,5.15,5.15,중형,6000.0,2026-05-19,배송완료,2026-05-21 11:21:00,편의점접수,2026-05-18 16:25:00,2026-05-19,2.4,42,5.2
3200000237,2026-08-03 14:40:00,32,거제지점,C902C504C,이지진,김호희,010-5820-3968,경남,진주시 충무공동,일반,의류·패션,운동화(박스포함),1.7,34.0,38.0,30.0,6.46,6.46,중형,6000.0,,미 배송,,방문접수,2026-08-03 14:40:00,,1.7,34,6.5
1100002359,2026-05-20 15:36:00,11,서울지점,C0CD12F52,조민서,박준영,010-6140-3224,서울,노원구 상계동,일반,도서·문구,다이어리,3.5,29.0,21.0,28.0,2.84,3.5,소형,4000.0,2026-05-21,배송완료,2026-05-22 12:03:00,인터넷접수,2026-05-20 15:36:00,2026-05-21,3.5,29,3.5
4100000616,2026-07-01 18:42:00,41,울산지점,C68A782B0,한채경,조서영,102195847,세종,새롬동,일반,도서·문구,문제집,8.4,26.0,20.0,25.0,2.17,8.4,중형,6000.0,2026-07-02,배송완료,2026-07-03 10:44:00,편의점접수,2026-07-01 18:42:00,2026-07-02,8.4,26,8.4
2100001454,2026-05-15 11:00:00,21,대전지점,C7EC5E4F3,오재율,최하진,010-7856-3555,경북,안동시 옥동,일반,전자·디지털,키보드,0.7,19.0,32.0,13.0,1.32,1.32,소형,4000.0,2026-05-18,배송완료,2026-05-18 20:45:00,방문접수,2026-05-15 11:00:00,2026-05-18,0.7,19,1.3
1200000492,2026-07-25 11:53:00,12,용산지점,CB449B3A2,이호원,김영식,010-3478-3890,경남,진주시 평거동,일반,식품,백미,1.8,26.0,30.0,13.0,1.69,1.8,소형,4000.0,,배송완료,2026-07-27 18:12:00,인터넷접수,2026-07-25 11:53:00,,1.8,26,1.8
1100002227,2026-07-22 17:39:00,11,서울지점,C0487656B,박우원,최서환,,광주,북구 운암동,일반,의류·패션,가방,0.5,30.0,32.0,14.0,2.24,2.24,소형,7000.0,2026-07-23,배송완료,2026-07-23 20:34:00,방문접수,2026-07-22 17:39:00,2026-07-23,0.5,30,2.2
3200002647,2026-07-15 17:35:00,32,거제지점,C0EA9ABB4,이성원,김윤연,010-6452-5778,서울,노원구 상계동,일반,식품,된장,11.4,28.0,16.0,18.0,1.34,11.4,중형,6000.0,2026-07-16,배송완료,2026-07-19 11:18:00,인터넷접수,2026-07-15 17:35:00,2026-07-16,11.4,28,11.4
1100001460,2026-07-20 10:55:00,11,서울지점,CA5959E5F,이서경,이규진,1052229879,제주,제주시 연동,제주,도서·문구,다이어리,9.0,31.0,28.0,28.0,4.05,9.0,중형,9000.0,2026-07-22,배송완료,2026-07-22 15:04:00,방문접수,2026-07-20 10:55:00,2026-07-22,9,31,9
2100000428,2026-05-18 12:54:00,21,대전지점,C598E6073,최정미,이성서,010-3933-8001,경남,진주시 초전동,일반,도서·문구,도서,8.5,29.0,16.0,14.0,1.08,8.5,중형,6000.0,2026-05-19,배송완료,2026-05-20 9:25:00,방문접수,2026-05-18 12:54:00,2026-05-19,8.5,29,8.5
1200001550,2026-07-20 16:48:00,12,용산지점,C2F2D56C0,류시환,박진진,010-3431-1429,서울,용산구 청파동,일반,생활용품,청소기필터,1.8,41.0,35.0,12.0,2.87,2.87,중형,6000.0,2026-07-21,배송완료,2026-07-21 11:33:00,인터넷접수,2026-07-20 16:48:00,2026-07-21,1.8,41,2.9
1100001812,2026-07-13 15:24:00,11,서울지점,C964587C1,임도환,박나환 님,010-8571-7182,서울,용산구 이태원동,일반,화장품·미용,샴푸,1.2,33.0,26.0,11.0,1.57,1.57,소형,4000.0,2026-07-14,배송완료,,인터넷접수,2026-07-13 15:24:00,2026.07.14,1.2,33,1.2
1100001331,2026-06-24 09:27:00,11,서울지점,C0098BE95,신하현,이연란,010-6206-7302,경남,김해시 장유동,일반,식품,포기김치,7.6,33.0,17.0,14.0,1.31,7.6,중형,6000.0,2026-06-25,배송완료,2026-06-25 15:58:00,편의점접수,2026-06-24 9:27:00,2026-06-25,7.6,33,7.6
4100002742,2026-05-20 16:37:00,41,울산지점,CDB48D910,김수미,이유미,010-6618-8015,대전,유성구 봉명동,일반,의류·패션,코트,1.7,50.0,40.0,22.0,7.33,7.33,중형,6000.0,2026-05-21,배송완료,2026-05-22 15:38:00,편의점접수,2026-05-20 16:37:00,2026-05-21,1.7,50,7.3
1100001242,2026-07-31 16:03:00,11,서울지점,C2ED2A7C1,이지경,정은경,1088093583,서울,강남구 역삼동,일반,도서·문구,필기구세트,13.4,29.0,23.0,22.0,2.45,13.4,중형,6000.0,2026-08-03,배송완료,2026-08-03 15:44:00,방문접수,2026-07-31 16:03:00,2026-08-03,13.4,29,13.4
4100000899,2026-07-23 18:22:00,41,울산지점,CCC4B1991,박지빈,김채환,010-3033-3022,대구,달서구 상인동,일반,의류·패션,원피스,1.3,48.0,29.0,22.0,5.1,5.1,중형,6000.0,2026-07-24,배송완료,2026-07-24 16:34:00,편의점접수,2026-07-23 18:22:00,2026-07-24,1.3,48,5.1
1100001860,2026-07-30 17:53:00,11,서울지점,C76236686,정수연,이아숙,010-8298-6297,대전,중구 은행동,일반,생활용품,세제,1.6,34.0,28.0,24.0,3.81,3.81,중형,6000.0,2026-07-31,배송완료,2026-07-31 11:42:00,방문접수,2026-07-30 17:53:00,2026-07-31,1.6,34,3.8
1100001917,2026-07-28 12:51:00,11,서울지점,C90A7639F,김현진,박은환,010-7729-3441,서울,강남구 역삼동,일반,식품,과일선물세트,10.6,24.0,16.0,23.0,1.47,10.6,중형,6000.0,2026-07-29,배송완료,2026-07-29 17:58:00,편의점접수,2026-07-28 12:51:00,2026-07-29,10.6,24,10.6
1100002419,2026-06-29 16:45:00,11,서울지점,C078127AE,홍아진,최수자,010-3794-7584,경남,거제시 옥포동,일반,식품,라면박스,10.5,26.0,24.0,19.0,1.98,10.5,중형,6000.0,2026-06-30,배송완료,,인터넷접수,2026-06-29 16:45:00,2026-06-30,10.5,26,10.5
3100002798,2026-07-28 10:06:00,31,진주지점,C6047CAF5,안정철,김현아,010-6554-3928,광주,북구 운암동,일반,화장품·미용,스킨케어세트,1.8,24.0,23.0,15.0,1.38,1.8,소형,4000.0,2026-07-29,배송완료,2026-07-29 15:33:00,인터넷접수,2026-07-28 10:06:00,2026-07-29,1.8,24,1.8
3200002884,2026-06-17 15:21:00,32,거제지점,C2941D3D4,강진미,안우식,010-4170-5436,부산,동래구 온천동,일반,의류·패션,티셔츠,0.5,44.0,28.0,27.0,5.54,5.54,중형,6000.0,,배송완료,2026-06-21 20:26:00,편의점접수,2026-06-17 15:21:00,,0.5,44,5.5
1100000430,2026-06-23 10:54:00,11,서울지점,C59B431E3,장우연,강나희,010-5471-9890,울산,남구 삼산동,일반,의류·패션,패딩,1.8,39.0,31.0,19.0,3.83,3.83,중형,6000.0,2026-06-24,배송완료,2026-06-24 17:05:00,방문접수,2026-06-23 10:54:00,2026-06-24,1.8,39,3.8
1100000312,2026-05-15 16:27:00,11,서울지점,C9250B977,김현환,박규식,1090904833,제주,서귀포시 중문동,제주,전자·디지털,태블릿케이스,2.2,39.0,21.0,19.0,2.59,2.59,소형,7000.0,2026-05-19,배송완료,2026-05-20 9:31:00,인터넷접수,2026-05-15 16:27:00,2026-05-19,2.2,39,2.6
1200000443,2026-07-20 16:43:00,12,용산지점,C793EC812,김은진,임민현,010-2854-6291,울산,동구 방어동,일반,의류·패션,패딩,0.6,41.0,30.0,30.0,6.15,6.15,중형,6000.0,2026-07-21,배송완료,2026-07-22 13:47:00,인터넷접수,2026-07-20 16:43:00,2026-07-21,0.6,41,6.2
1100002741,2026-05-15 16:48:00,11,서울지점,C628BCC57,윤윤호,김연현,010-9243-3751,경남,양산시 물금읍,일반,반려동물,사료,5.0,37.0,20.0,15.0,1.85,5.0,소형,4000.0,2026-05-18,배송완료,2026-05-18 18:12:00,인터넷접수,2026-05-15 16:48:00,2026-05-18,5,37,5
1200000926,2026-06-14 11:04:00,12,용산지점,CA84FC9C1,문채식,강유준,010-4522-7013,서울,송파구 잠실동,일반,반려동물,고양이모래,2.9,26.0,24.0,15.0,1.56,2.9,소형,4000.0,2026-06-15,배송완료,2026-06-16 13:44:00,대리점접수,2026-06-14 11:04:00,2026-06-15,2.9,26,2.9
3100000875,2026-07-20 17:25:00,31,진주지점,CF6832C14,임수서,김규빈,010-4642-8412,서울,용산구 원효로1가,일반,생활용품,화장지,3.4,38.0,28.0,32.0,5.67,5.67,중형,6000.0,2026-07-21,배송완료,,편의점접수,2026-07-20 17:25:00,2026-07-21,3.4,38,5.7
3100001979,2026-05-04 16:15:00,31,진주지점,CD18AA03D,이하희,이지진,010-3723-3571,서울,송파구 잠실동,일반,식품,건어물,5.8,20.0,24.0,21.0,1.68,5.8,중형,6000.0,2026-05-05,배송완료,2026-05-07 10:30:00,방문접수,2026-05-04 16:15:00,2026-05-05,5.8,20,5.8
1100001899,2026-07-10 14:34:00,11,서울지점,C8F1261F4,이영경,김아경,010-9064-6518,강원,속초시 조양동,일반,의류·패션,티셔츠,0.5,44.0,32.0,14.0,3.29,3.29,중형,6000.0,2026-07-13,배송완료,2026-07-13 13:12:00,편의점접수,2026-07-10 14:34:00,2026-07-13,0.5,44,3.3
1100000336,2026-07-02 14:21:00,11,서울지점,CA8DF611B,신재미,김채자,010-6919-6909,충남,당진시 수청동,일반,반려동물,사료,1.7,25.0,14.0,11.0,0.64,1.7,극소형,3500.0,2026-07-03,배송완료,2026-07-03 12:38:00,방문접수,2026-07-02 14:21:00,2026-07-03,1.7,25,1.7
2100002613,2026-05-04 16:51:00,21,대전지점,C9EE95090,김호환,양민자,,서울,용산구 이태원동,일반,의류·패션,티셔츠 2장,0.9,39.0,37.0,13.0,3.13,3.13,중형,6000.0,2026-05-05,배송완료,2026-05-07 13:25:00,방문접수,2026-05-04 16:51:00,2026-05-05,0.9,39,3.1
2100002844,2026-05-29 12:49:00,21,대전지점,C2FC3440C,김우철,김나율,010-2464-7478,서울,노원구 상계동,일반,생활용품,주방용품,4.5,41.0,31.0,23.0,4.87,4.87,중형,6000.0,2026-06-01,미배송,,대리점,2026-05-29 12:49:00,2026-06-01,4.5,41,4.9
1200001731,2026-06-01 16:30:00,12,용산지점,C1EE5E717,전호숙,김성식,010-3985-1674,경남,거제시 고현동,일반,도서·문구,노트 10권,10.1,33.0,30.0,22.0,3.63,10.1,중형,6000.0,2026-06-02,배송완료,2026-06-02 16:27:00,인터넷접수,2026-06-01 16:30:00,2026-06-02,10.1,33,10.1
3200000139,2026-07-03 15:09:00,32,거제지점,C773D1122,서진빈,이진호,010-7750-1811,충북,청주시 흥덕구,일반,식품,건어물,9.5,26.0,21.0,26.0,2.37,9.5,중형,6000.0,2026-07-06,배송완료,2026-07-13 14:51:00,인터넷접수,2026-07-03 15:09:00,2026-07-06,9.5,26,9.5
4100002263,2026-05-31 12:21:00,41,울산지점,CE9AAB5F8,이성서,이영란,010-7477-3861,인천,남동구 구월동,일반,생활용품,수납함,1.3,29.0,23.0,22.0,2.45,2.45,소형,4000.0,2026-06-01,배송완료,2026-06-03 19:16:00,편의점접수,2026-05-31 12:21:00,2026-06-01,1.3,29,2.4
1200000082,2026-06-06 16:17:00,12,용산지점,CDECD029D,권유숙,송윤희,010-3759-2082,대전,중구 은행동,일반,의류·패션,가방,2.2,40.0,37.0,21.0,5.18,5.18,중형,6000.0,2026-06-08,배송완료,2026-06-08 14:05:00,편의점접수,2026-06-06 16:17:00,2026-06-08,2.2,40,5.2
1100001529,2026-06-13 17:17:00,11,서울지점,C7F7B293D,송도빈,이하식,010-2963-3517,서울,노원구 상계동,일반,반려동물,고양이모래,0.7,23.0,31.0,24.0,2.85,2.85,소형,4000.0,2026-06-15,배송완료,2026-06-15 20:27:00,인터넷접수,2026-06-13 17:17:00,2026-06-15,0.7,23,2.9
1200001051,2026-07-27 12:49:00,12,용산지점,C17D81E48,김연서,박규자,010-6877-3288,충북,충주시 연수동,일반,생활용품,빨래건조대,1.6,48.0,29.0,20.0,4.64,4.64,중형,6000.0,2026-07-28,배송완료,2026-07-28 10:07:00,편의점접수,2026-07-27 12:49:00,2026-07-28,1.6,48,4.6
2100002032,2026-07-27 19:42:00,21,대전지점,CF6A64786,최지호,김우자,102467249,경남,진주시 충무공동,일반,화장품·미용,샴푸,2.0,24.0,32.0,14.0,1.79,2.0,소형,4000.0,2026-07-28,배송완료,2026-07-30 12:07:00,편의점접수,2026-07-27 19:42:00,2026-07-28,2,24,2
4100000330,2026-08-03 18:19:00,41,울산지점,CC50074CE,김수환,권윤숙,010-4402-2867,서울,마포구 서교동,일반,의류·패션,원피스,1.1,30.0,29.0,14.0,2.03,2.03,소형,4000.0,2026-08-04,배송완료,2026-08-04 18:53:00,대리점,2026-08-03 18:19:00,2026-08-04,1.1,30,2
2100001475,2026-07-05 16:31:00,21,대전지점,CA2ED83E0,이나경,정나자,010-4875-2247,울산,남구 옥동,일반,의류·패션,원피스,1.6,32.0,36.0,21.0,4.03,4.03,중형,6000.0,2026-07-06,배송완료,2026-07-07 20:46:00,방문접수,2026-07-05 16:31:00,2026-07-06,1.6,32,4
1200001400,2026-08-05 14:38:00,12,용산지점,C5CB1FBF3,김진자,강우준,106870600,서울,용산구 이태원동,일반,도서·문구,필기구세트,11.7,23.0,24.0,27.0,2.48,11.7,중형,6000.0,2026-08-06,집화처리,,방문접수,2026-08-05 14:38:00,2026-08-06,11.7,23,11.7
2100002600,2026-05-20 16:39:00,21,대전지점,C7231C2B7,김민식,이재율,010 2298 5324,부산,해운대구 우동,일반,식품,과일선물세트,9.1,29.0,25.0,26.0,3.14,9.1,중형,6000.0,2026-05-21,배송완료,2026-05-22 11:23:00,방문접수,05/20/2026 16:39,2026-05-21,9.1,29,9.1
4100000845,2026-06-29 12:57:00,41,울산지점,CDC33A9E5,신지아,김연빈,010 3312 4800,경남,거제시 장승포동,일반,식품,김치,6.0,38.0,20.0,14.0,1.77,6.0,중형,6000.0,2026-06-30,배송완료,2026-06-30 20:20:00,편의점접수,2026-06-29 12:57:00,2026-06-30,6,38,6
4100002760,2026-06-08 11:55:00,41,울산지점,C3A5DFC1F,박채준,김아환,,광주,북구 운암동,일반,의류·패션,티셔츠,1.3,38.0,40.0,27.0,6.84,6.84,중형,6000.0,2026-06-09,배송완료,2026-06-11 20:33:00,인터넷접수,2026-06-08 11:55:00,2026-06-09,1.3,38,6.8
1200000304,2026-05-08 10:41:00,12,용산지점,CF50E1363,김규란,황규아,1085737674,서울,강남구 역삼동,일반,생활용품,세제,5.0,49.0,33.0,20.0,5.39,5.39,중형,6000.0,2026-05-11,배송완료,2026-05-11 13:02:00,인터넷접수,2026-05-08 10:41:00,2026-05-11,5,49,5.4
1100000120,2026-05-03 16:57:00,11,서울지점,C793EC812,김은진,이하희,010-7676-6070,경북,경주시 황성동,일반,전자·디지털,키보드,3.6,25.0,22.0,14.0,1.28,3.6,소형,4000.0,2026-05-04,배송완료,2026-05-04 19:33:00,인터넷접수,2026-05-03 16:57:00,2026-05-04,3.6,25,3.6
2100000372,2026-05-25 17:44:00,21,대전지점,CF60E3691,김시환,황승미,,경기,화성시 동탄,일반,생활용품,휴지 30롤,0.5,43.0,36.0,22.0,5.68,5.68,중형,6000.0,2026-05-26,배송완료,2026-05-26 9:29:00,편의점접수,2026-05-25 17:44:00,2026-05-26,0.5,43,5.7
4100002824,2026-07-24 17:17:00,41,울산지점,CAA0A760A,김하미,김시자,010-2257-4144,울산,북구 명촌동,일반,의류·패션,가방,1.2,31.0,33.0,20.0,3.41,3.41,중형,6000.0,2026-07-27,배송완료,,편의점접수,2026-07-24 17:17:00,2026-07-27,1.2,31,3.4
4100001800,2026-06-05 11:54:00,41,울산지점,CC4120877,김준빈,정준환,010-4593-6153,서울,용산구 후암동,일반,도서·문구,도서,3.4,25.0,15.0,23.0,1.44,3.4,소형,4000.0,2026-06-08,배송완료,,편의점접수,2026-06-05 11:54:00,2026-06-08,3.4,25,3.4
1200000043,2026-07-08 17:06:00,12,용산지점,CCBFDCE8E,오진호,이윤우,105786692,부산,사하구 하단동,일반,생활용품,수납함,8.0,31.0,27.0,18.0,2.51,8.0,중형,6000.0,2026-07-09,배송완료,2026-07-10 17:37:00,편의점접수,07/08/2026 17:06,2026-07-09,8,31,8
2100002295,2026-06-26 14:49:00,21,대전지점,C6047CAF5,안정철,박성준,010-8754-3441,전남,순천시 조례동,일반,생활용품,빨래건조대,1.8,42.0,32.0,25.0,5.6,5.6,중형,6000.0,2026-06-29,배송완료,2026-06-29 13:39:00,편의점접수,2026-06-26 14:49:00,2026-06-29,1.8,42,5.6
2100002837,2026-05-27 14:10:00,21,대전지점,CF860DEF3,윤지철,박서식,010 3354 3212,서울,용산구 이태원동,일반,의류·패션,패딩,0.4,42.0,36.0,13.0,3.28,3.28,중형,6000.0,2026-05-28,배송완료,2026-05-28 20:49:00,온라인,2026-05-27 14:10:00,2026-05-28,0.4,42cm,3.3
1100000111,2026-07-14 11:31:00,11,서울지점,C4FB89DC8,김주서,최민철,010-8018-5286,울산,남구 삼산동,일반,전자·디지털,충전기,3.4,27.0,16.0,25.0,1.8,3.4,소형,4000.0,,배송완료,2026-07-15 17:35:00,편의점접수,2026-07-14 11:31:00,,3.4,27,3.4
3100002008,2026-05-18 16:50:00,31,진주지점,C0CACC56C,조영자,김준미,010-3124-7330,제주,서귀포시 중문동,제주,의류·패션,패딩,2.3,32.0,27.0,22.0,3.17,3.17,중형,9000.0,2026-05-20,배송완료,2026-05-22 10:23:00,인터넷접수,2026-05-18 16:50:00,2026-05-20,2.3,32,3.2
1100001534,2026-05-04 09:45:00,11,서울지점,C76C0B8A6,김아경,김채환,010-7199-8885,대구,달서구 상인동,일반,도서·문구,다이어리,4.2,37.0,15.0,14.0,1.3,4.2,소형,4000.0,2026-05-05,배송완료,2026-05-06 14:43:00,방문접수,2026-05-04 9:45:00,2026-05-05,4.2,37,4.2
1100001201,2026-05-06 13:55:00,11,서울지점,CD50D6F9F,문도환,서도빈,010 3092 2475,경남,진주시 초전동,일반,의류·패션,모자,0.7,34.0,31.0,30.0,5.27,5.27,중형,6000.0,2026-05-07,배송완료,2026-05-07 9:59:00,대리점,2026-05-06 13:55:00,2026-05-07,0.7,34,5.3
4100001498,2026-07-13 12:32:00,41,울산지점,C35EA4444,강수준,김승자,010-6943-6577,울산,북구 명촌동,일반,전자·디지털,모니터,1.9,33.0,22.0,9.0,1.09,1.9,소형,4000.0,2026-07-14,배송완료,2026-07-14 20:02:00,인터넷접수,2026-07-13 12:32:00,2026-07-14,1.9,33,1.9
1100002807,2026-07-27 11:22:00,11,서울지점,C05ED114C,이진연,이태서,106622202,경기,성남시 분당구,일반,식품,과일선물세트,6.1,23.0,23.0,16.0,1.41,6.1,중형,6000.0,2026-07-28,배송완료,2026-07-28 20:29:00,방문접수,2026-07-27 11:22:00,2026-07-28,6.1,23,6.1
1200001726,2026-05-19 17:00:00,12,용산지점,C4FB89DC8,김주서,김시연,010-4276-6108,경북,경주시 황성동,일반,의류·패션,청바지,0.5,29.0,24.0,21.0,2.44,2.44,소형,4000.0,2026-05-20,배송완료,2026-05-20 11:11:00,인터넷접수,2026-05-19 17:00:00,2026-05-20,0.5,29,2.4
1200002099,2026-07-31 18:44:00,12,용산지점,C76F16F4A,고성현,임아아,010-7674-2702,제주,서귀포시 중문동,제주,의류·패션,가방,1.5,37.0,29.0,32.0,5.72,5.72,중형,9000.0,2026-08-04,배송완료,2026-08-04 19:36:00,대리점,2026-07-31 18:44:00,2026-08-04,1.5,37,5.7
4100002696,2026-06-15 16:45:00,41,울산지점,C58B04FBE,김민준,이예율,,충남,아산시 배방읍,일반,생활용품,휴지,5.5,28.0,38.0,17.0,3.01,5.5,중형,6000.0,2026-06-16,배송완료,2026-06-17 13:52:00,대리점,06/15/2026 16:45,2026-06-16,5.5,28,5.5
1200000641,2026-06-08 13:08:00,12,용산지점,C53E0E687,이지진,이호서,,경남,김해시 장유동,일반,의류·패션,코트,1.8,45.0,31.0,13.0,3.02,3.02,중형,6000.0,2026-06-09,배송완료,,인터넷접수,2026-06-08 13:08:00,2026-06-09,1.8,45,3
1200001503,2026-07-23 19:56:00,12,용산지점,CFCC417C7,오은환,박도희,010-2708-9314,서울,용산구 후암동,일반,생활용품,빨래건조대,2.2,36.0,25.0,16.0,2.4,2.4,소형,4000.0,2026-07-24,배송완료,2026-07-27 18:45:00,방문접수,2026-07-23 19:56:00,2026-07-24,2.2,36cm,2.4
4100002357,2026-08-01 19:40:00,41,울산지점,C7D97427E,이은미,정규경,010-5486-7760,경남,거제시 옥포동,일반,의류·패션,가방,1.1,29.0,24.0,26.0,3.02,3.02,소형,4000.0,2026-08-03,미 배송,,인터넷접수,2026-08-01 19:40:00,2026-08-03,1.1,29,3
2100002411,2026-05-14 11:02:00,21,대전지점,CF872F0CD,오진영,남연희,010-4273-3396,제주,제주시 노형동,제주,생활용품,청소기필터,1.2,47.0,37.0,26.0,7.54,7.54,중형,9000.0,2026-05-18,배송완료,2026-05-18 12:45:00,편의점접수,2026-05-14 11:02:00,2026-05-18,1.2,47,7.5
4100001040,2026-08-03 14:29:00,41,울산지점,CE4906BBC,강규원,이준자,010-6759-7789,경기,용인시 기흥구,일반,식품,된장,7.7,34.0,16.0,28.0,2.54,7.7,중형,6000.0,2026-08-04,미배달,,대리점,2026-08-03 14:29:00,2026.08.04,7.7,34,7.7
1100002150,2026-06-20 16:32:00,11,서울지점,CD3E558CF,최준율,조태현,010-4213-8189,대전,중구 은행동,일반,도서·문구,다이어리,9.1,33.0,23.0,12.0,1.52,9.1,중형,6000.0,2026-06-22,배송완료,2026-06-23 18:10:00,대리점,2026-06-20 16:32:00,2026-06-22,9.1,33,9.1
3100000607,2026-06-01 16:42:00,31,진주지점,CE720B3B5,박성숙,김성경,010-2919-2257,울산,울주군 범서읍,일반,화장품·미용,스킨케어세트,2.8,28.0,18.0,24.0,2.02,2.8,소형,4000.0,2026-06-02,배송완료,2026-06-03 13:58:00,편의점접수,2026-06-01 16:42:00,2026.06.02,2.8,28,2.8
2100001012,2026-07-22 19:58:00,21,대전지점,C81BC35D7,김우환,윤하율,010-3555-3120,경기,수원시 영통구,일반,가구·침구,커튼,5.7,45.0,49.0,43.0,15.8,15.8,대형,9000.0,2026-07-23,배송완료,2026-07-27 15:59:00,편의점접수,2026-07-22 19:58:00,2026-07-23,5.7,45,15.8
2100000638,2026-07-06 11:04:00,21,대전지점,C1C7F6128,권연란,이시원,010-8009-6854,울산,남구 삼산동,일반,생활용품,주방용품,4.5,40.0,33.0,25.0,5.5,5.5,중형,6000.0,2026-07-07,배송완료,2026-07-07 20:03:00,편의점접수,2026-07-06 11:04:00,2026-07-07,4.5,40,5.5
3100000812,2026-07-09 16:15:00,31,진주지점,CF8358DC5,최태영,이규원,010-7216-8263,경기,화성시 동탄,일반,의류·패션,운동화(박스포함),1.1,36.0,35.0,31.0,6.51,6.51,중형,6000.0,2026-07-10,배송완료,,대리점,2026-07-09 16:15:00,2026-07-10,1.1,36,6.5
4100002394,2026-07-13 16:37:00,41,울산지점,CFEEC355D,오나우,김승율,010-4893-5272,대전,대덕구 송촌동,일반,전자·디지털,모니터,4.8,32.0,24.0,24.0,3.07,4.8,소형,4000.0,2026-07-14,배송완료,,편의점접수,2026-07-13 16:37:00,2026-07-14,4.8,32,4.8
1100002693,2026-06-26 10:17:00,11,서울지점,C159F8C26,허민경,김은연,010-4058-9221,충북,충주시 연수동,일반,의류·패션,가방,0.6,29.0,26.0,26.0,3.27,3.27,중형,6000.0,2026-06-29,배송완료,2026-06-29 11:55:00,편의점접수,2026-06-26 10:17:00,2026-06-29,0.6,29,3.3
1100000393,2026-05-11 15:21:00,11,서울지점,C995150A2,김아우,오수율,010-3453-4864,경기,용인시 기흥구,일반,반려동물,사료,9.6,31.0,21.0,9.0,0.98,9.6,중형,6000.0,2026-05-12,배송완료,2026-05-13 15:23:00,편의점접수,2026-05-11 15:21:00,2026-05-12,9.6,31,9.6
1200000625,2026-06-08 15:52:00,12,용산지점,CEB61B278,오승준,김준현,1029347537,광주,북구 운암동,일반,의류·패션,모자,2.4,39.0,42.0,12.0,3.28,3.28,중형,6000.0,2026-06-09,배송완료,2026-06-16 20:47:00,대리점,2026-06-08 15:52:00,2026-06-09,2.4,39,3.3
2100002123,2026-07-10 15:50:00,21,대전지점,C3E78B8D5,김규호,신시희,,경북,안동시 옥동,일반,식품,김,5.7,24.0,22.0,16.0,1.41,5.7,중형,6000.0,2026-07-13,배송완료,2026-07-13 13:57:00,,2026-07-10 15:50:00,2026-07-13,5.7kg,24,5.7
1200000619,2026-08-02 12:42:00,12,용산지점,CD3EA7566,김정아,문승영,010-3584-8178,서울,용산구 이태원동,일반,의류·패션,가방,2.2,33.0,41.0,28.0,6.31,6.31,중형,6000.0,2026-08-03,배송완료,2026-08-03 16:21:00,대리점,2026-08-02 12:42:00,2026-08-03,2.2,33,6.3
1100000953,2026-05-05 11:20:00,11,서울지점,CF8358DC5,최태영,장규준,1067282998,경기,부천시 원미구,일반,전자·디지털,태블릿케이스,4.8,38.0,24.0,11.0,1.67,4.8,소형,4000.0,2026-05-06,회수,2026-05-06 9:27:00,대리점,2026-05-05 11:20:00,2026-05-06,4.8,38,4.8
3100000904,2026-07-27 15:17:00,31,진주지점,C640E4879,안규호,정도경,010-7593-4862,서울,송파구 잠실동,일반,전자·디지털,이어폰,1.6,28.0,28.0,9.0,1.18,1.6,소형,4000.0,2026-07-28,배송완료,2026-07-28 13:33:00,대리점,2026-07-27 15:17:00,2026-07-28,1.6,28,1.6
3200002631,2026-07-13 16:49:00,32,거제지점,CC0FA9AE0,김태환,최유희,010-2260-5745,경남,양산시 물금읍,일반,도서·문구,다이어리,3.9,28.0,23.0,18.0,1.93,3.9,소형,7000.0,2026-07-14,배송완료,2026-07-14 15:18:00,방문접수,2026-07-13 16:49:00,2026-07-14,-3,28,3.9
3200001289,2026-06-22 10:15:00,32,거제지점,CB5A8A574,정하아,김규식,010-7080-6126,경기,성남시 분당구,일반,의류·패션,패딩,0.7,43.0,34.0,19.0,4.63,4.63,중형,6000.0,2026-06-23,배송완료,2026-06-29 11:51:00,편의점접수,2026-06-22 10:15:00,2026-06-23,0.7,43,4.6
2100000642,2026-06-10 16:36:00,21,대전지점,CC1633F04,강규진,박우자,010-4322-5712,대전,중구 은행동,일반,식품,라면박스,9.7,22.0,19.0,14.0,0.98,9.7,중형,6000.0,2026-06-11,배송완료,2026-06-11 14:33:00,편의점접수,2026-06-10 16:36:00,2026-06-11,9.7,22,9.7
2100000305,2026-07-06 10:28:00,21,대전지점,CF5F123A9,윤영진,김호아,010-3500-7006,대전,서구 둔산동,일반,식품,김,7.5,28.0,22.0,18.0,1.85,7.5,중형,6000.0,2026-07-07,배송완료,2026-07-07 13:49:00,인터넷접수,2026-07-06 10:28:00,2026-07-07,7.5,28cm,7.5
2100002103,2026-07-10 19:30:00,21,대전지점,C788E0C28,이민자,류영현,010-7123-4527,울산,북구 명촌동,일반,의류·패션,티셔츠,1.9,28.0,37.0,20.0,3.45,3.45,중형,6000.0,2026-07-13,배송완료,2026-07-13 18:31:00,방문접수,2026/07/10 19:30,2026-07-13,1.9,28,3.5
1200001136,2026-06-17 14:28:00,12,용산지점,CF44CC97A,김태연,이정연,010-3713-1995,서울,송파구 잠실동,일반,식품,김,10.4,29.0,24.0,26.0,3.02,10.4,중형,6000.0,2026-06-18,배송완료,2026-06-19 16:08:00,편의점접수,2026-06-17 14:28:00,2026-06-18,10.4,29,10.4
2100002928,2026-06-22 12:37:00,21,대전지점,C4E9B5A8B,정재영,강시희,010-9027-4013,서울,송파구 잠실동,일반,의류·패션,패딩,2.1,41.0,23.0,24.0,3.77,3.77,중형,6000.0,2026-06-23,배송완료,2026-06-23 19:38:00,편의점접수,2026-06-22 12:37:00,2026-06-23,2.1,41,3.8
4100000620,2026-05-11 15:05:00,41,울산지점,CA84BCAE3,이유란,윤규우,010-7823-2605,충북,충주시 연수동,일반,식품,된장,3.3,31.0,29.0,24.0,3.6,3.6,중형,6000.0,2026-05-12,배송완료,2026-05-12 20:59:00,편의점접수,05/11/2026 15:05,2026-05-12,3.3,31,3.6
3200001789,2026-07-14 16:48:00,32,거제지점,CC1297BEB,류아아,이채숙(경비실),010-7406-1152,부산,부산진구 부전동,일반,도서·문구,노트 10권,9.2,38.0,16.0,21.0,2.13,9.2,중형,6000.0,2026-07-15,배송완료,2026-07-15 16:33:00,대리점,2026-07-14 16:48:00,2026-07-15,9.2,38,9.2
2100000624,2026-07-28 19:47:00,21,대전지점,C2C2A867F,박수호,김우자,010-7638-3100,경기,수원시 영통구,일반,생활용품,휴지,6.2,35.0,27.0,12.0,1.89,6.2,중형,6000.0,2026-07-29,배송완료,,인터넷접수,2026-07-28 19:47:00,2026-07-29,6.2,35,6.2
2100002304,2026-06-17 19:16:00,21,대전지점,CC30A8F09,송재원,박승율,010-2256-4380,대전,대덕구 송촌동,일반,식품,김,10.0,28.0,26.0,24.0,2.91,10.0,중형,6000.0,2026-06-18,배송완료,2026-06-18 13:32:00,인터넷접수,2026-06-17 19:16:00,2026-06-18,10,28,10
3200001491,2026-05-26 16:26:00,32,거제지점,C2163504D,권은란,이지원,010-4344-8544,경기,수원시 영통구,일반,식품,된장,4.2,38.0,29.0,22.0,4.04,4.2,중형,6000.0,2026-05-27,반품,,인터넷접수,2026-05-26 16:26:00,2026-05-27,4.2,38,4.2
3200002396,2026-07-13 11:06:00,32,거제지점,C6F3EC86B,전연아,이서영,010-8823-7418,경남,진주시 평거동,일반,전자·디지털,충전기,1.2,39.0,25.0,19.0,3.09,3.09,중형,6000.0,2026-07-14,배송완료,2026-07-14 11:00:00,인터넷접수,2026-07-13 11:06:00,2026-07-14,1.2,39,3.1
1100002555,2026-05-25 13:27:00,11,서울지점,C5F232506,고지란,신규자,010-3269-3142,광주,북구 운암동,일반,의류·패션,원피스,1.9,33.0,35.0,22.0,4.24,4.24,중형,6000.0,2026-05-26,배송완료,2026-05-26 16:41:00,인터넷접수,2026-05-25 13:27:00,2026-05-26,1.9,33,4.2
1200002888,2026-06-19 12:41:00,12,용산지점,CAEF59841,이아원,김재미,1022742321,서울,송파구 잠실동,일반,의류·패션,가방,2.4,47.0,42.0,25.0,8.22,8.22,중형,6000.0,2026-06-22,배송완료,2026-06-22 18:48:00,인터넷접수,2026-06-19 12:41:00,2026-06-22,2.4,47,8.2
3200002757,2026-07-03 16:16:00,32,거제지점,C93744420,박주자,허하율,010-9715-5227,충남,천안시 서북구,일반,식품,과일선물세트,10.4,38.0,19.0,23.0,2.77,10.4,중형,6000.0,2026-07-06,배송완료,2026-07-06 17:21:00,인터넷접수,2026-07-03 16:16:00,2026-07-06,10.4,38,10.4
3200001936,2026-05-07 16:27:00,32,거제지점,C61AC1437,김윤란,조진율,,서울,용산구 후암동,일반,식품,라면박스,8.6,23.0,29.0,25.0,2.78,8.6,중형,6000.0,2026-05-08,배송완료,2026-05-13 19:16:00,인터넷접수,2026-05-07 16:27:00,2026-05-08,8.6,23,8.6
4100001868,2026-07-23 11:32:00,41,울산지점,C65DDE40B,조도아,이아란,1033504643,경남,거제시 옥포동,일반,화장품·미용,스킨케어세트,2.6,38.0,22.0,12.0,1.67,2.6,소형,4000.0,2026-07-24,배송완료,2026-07-24 9:56:00,인터넷접수,2026-07-23 11:32:00,2026-07-24,2.6,38,2.6
1100001403,2026-05-25 18:39:00,11,서울지점,C2E974619,류지영,이윤환,010-5214-5632,인천,서구 청라동,일반,생활용품,휴지 30롤,2.3,36.0,26.0,14.0,2.18,2.3,소형,4000.0,2026-05-26,배송완료,2026-05-26 9:32:00,편의점접수,2026-05-25 18:39:00,2026-05-26,2.3,36,2.3
4100000683,2026-05-21 16:09:00,41,울산지점,CD3D3DE57,전수희,김은자,,대전,서구 둔산동,일반,의류·패션,패딩,0.5,43.0,32.0,15.0,3.44,3.44,중형,6000.0,2026-05-22,배송완료,2026-05-22 10:21:00,방문접수,2026-05-21 16:09:00,2026-05-22,0.5,43,3.4
2100000270,2026-06-18 17:20:00,21,대전지점,C11155D44,박현호,박도미,010-4217-8021,전남,목포시 하당,일반,의류·패션,청바지,1.0,35.0,36.0,16.0,3.36,3.36,중형,6000.0,2026-06-19,배송완료,2026-06-19 15:35:00,편의점접수,2026-06-18 17:20:00,2026-06-19,1,35,1
4100002795,2026-07-20 18:43:00,41,울산지점,CFEF9E609,김정우,김하연,010-7159-5386,울산,북구 명촌동,일반,의류·패션,청바지,1.0,29.0,25.0,17.0,2.05,2.05,소형,4000.0,2026-07-21,배송완료,2026-07-21 12:15:00,편의점접수,2026-07-20 18:43:00,2026-07-21,1,29,2.1
1200001657,2026-05-13 18:25:00,12,용산지점,CCEAB9A05,임나란,김수서,1091019158,서울,송파구 잠실동,일반,생활용품,휴지,1.6,36.0,22.0,28.0,3.7,3.7,중형,6000.0,2026-05-14,배송완료,2026-05-15 9:00:00,편의점접수,2026-05-13 18:25:00,2026-05-14,1.6,36,3.7
1200000402,2026-05-22 09:27:00,12,용산지점,C2F7C93A2,김민서,이준우,010-2743-5873,충남,천안시 서북구,일반,가구·침구,이불세트,5.3,68.0,44.0,40.0,19.95,19.95,대형,9000.0,2026-05-25,배송완료,2026-05-25 20:15:00,인터넷접수,05/22/2026 09:27,2026.05.25,5.3,68,19.9
3100002983,2026-06-08 17:36:00,31,진주지점,CA7D97EC8,송규원,김호영,010-5540-4619,경남,진주시 초전동,일반,생활용품,휴지,6.8,47.0,42.0,21.0,6.91,6.91,중형,6000.0,2026-06-09,배송완료,2026-06-09 10:03:00,방문접수,2026-06-08 17:36:00,2026-06-09,6.8,47,6.9
1100002399,2026-05-06 14:29:00,11,서울지점,CDD7C2889,고예란,정수아,010-3075-3402,부산,부산진구 부전동,일반,전자·디지털,키보드,1.4,39.0,25.0,25.0,4.06,4.06,중형,6000.0,2026-05-07,배송완료,2026-05-07 12:43:00,인터넷접수,2026-05-06 14:29:00,2026-05-07,1.4,39,4.1
1100002917,2026-05-19 17:29:00,11,서울지점,CDDA3FA27,전서자,황연율 님,010-2587-9626,서울,노원구 상계동,일반,도서·문구,다이어리,3.7,37.0,29.0,21.0,3.76,3.76,중형,6000.0,2026-05-20,배송완료,2026-05-20 18:28:00,편의점접수,2026-05-19 17:29:00,2026-05-20,3.7,37,3.7
4100000900,2026-06-02 10:46:00,41,울산지점,CF44BB85E,임수우,장나자,010-8954-1601,전남,목포시 하당,일반,생활용품,화장지,6.9,29.0,32.0,32.0,4.95,6.9,중형,6000.0,2026-06-03,배송완료,2026-06-03 15:42:00,방문접수,2026-06-02 10:46:00,2026-06-03,6.9,29,6.9
2100002111,2026-05-04 19:27:00,21,대전지점,C7796B324,김도현,임아식,010-3048-2457,강원,춘천시 퇴계동,일반,도서·문구,다이어리,12.4,38.0,16.0,26.0,2.63,12.4,중형,6000.0,2026-05-05,배송완료,2026-05-05 9:39:00,인터넷접수,2026-05-04 19:27:00,2026-05-05,12.4,38,12.4
1100000951,2026-06-26 14:01:00,11,서울지점,CD320C09F,박연준,정유아,010-4435-3843,울산,남구 옥동,일반,의류·패션,패딩,1.2,41.0,26.0,31.0,5.51,5.51,중형,6000.0,2026-06-29,배송완료,2026-06-30 20:24:00,방문접수,2026-06-26 14:01:00,2026-06-29,1.2,41,5.5
4100001606,2026-06-04 14:50:00,41,울산지점,CF3B71D92,강민호,손하호,010-8528-5366,울산,남구 옥동,일반,생활용품,휴지,1.7,30.0,42.0,24.0,5.04,5.04,중형,6000.0,2026-06-05,배송완료,2026-06-08 19:57:00,인터넷접수,2026-06-04 14:50:00,2026-06-05,1.7,30,5
1200000543,2026-07-21 17:57:00,12,용산지점,C2E8832DB,이윤진,조승철(직접수령),010-6324-3232,서울,송파구 잠실동,일반,의류·패션,청바지,0.6,28.0,41.0,32.0,6.12,6.12,중형,6000.0,2026-07-22,배송완료,2026-07-22 19:53:00,방문접수,2026-07-21 17:57:00,2026-07-22,0.6,28,6.1
2100002570,2026-05-04 16:39:00,21,대전지점,CFD69B19B,김나자,최준란,010-4374-4086,경남,진주시 초전동,일반,생활용품,세탁세제,5.3,32.0,27.0,28.0,4.03,5.3,중형,6000.0,2026-05-05,배송완료,2026-05-06 15:24:00,편의점접수,2026-05-04 16:39:00,2026-05-05,5.3,32,5.3
1100002879,2026-05-20 18:52:00,11,서울지점,CC4939EF0,신유현,장서준,010-7818-3829,경북,안동시 옥동,일반,식품,라면박스,2.0,22.0,24.0,28.0,2.46,2.46,소형,4000.0,2026-05-21,배송완료,2026-05-22 16:19:00,인터넷,2026-05-20 18:52:00,2026-05-21,2,22,2.5
4100002294,2026-05-01 17:54:00,41,울산지점,CF173BFFB,김진식,전수진,1040973007,경기,수원시 영통구,일반,전자·디지털,이어폰,3.2,40.0,16.0,17.0,1.81,3.2,소형,4000.0,2026-05-04,배송완료,2026-05-11 12:26:00,편의점접수,2026-05-01 17:54:00,2026-05-04,3.2,40,3.2
4100001872,2026-05-12 10:10:00,41,울산지점,CE301D638,김은원,류호란,010-9623-3366,서울,용산구 원효로1가,일반,전자·디지털,키보드,2.3,31.0,14.0,21.0,1.52,2.3,소형,4000.0,2026-05-13,배송완료,2026-05-14 20:46:00,편의점접수,2026-05-12 10:10:00,2026-05-13,2.3,31,2.3
3100001272,2026-06-30 18:36:00,31,진주지점,CD355A80B,김준진,고나우,,경남,거제시 장승포동,일반,화장품·미용,스킨케어세트,2.3,35.0,23.0,9.0,1.21,2.3,소형,4000.0,2026-07-01,배송완료,2026-07-01 10:54:00,방문접수,2026-06-30 18:36:00,2026-07-01,2.3,35,2.3
1200002704,2026-06-05 18:47:00,12,용산지점,C5B094211,이서우,오호원,010-2859-8863,경남,진주시 평거동,일반,식품,쌀,10.9,22.0,20.0,23.0,1.69,10.9,중형,6000.0,2026-06-08,배송완료,2026-06-10 15:16:00,대리점,2026-06-05 18:47:00,2026-06-08,10.9,22,10.9
2100002843,2026-05-11 14:01:00,21,대전지점,C2AEE3318,김윤경,전현식,010-7430-3571,서울,용산구 청파동,일반,의류·패션,코트,0.6,38.0,41.0,13.0,3.38,3.38,중형,6000.0,,배송완료,2026-05-13 20:09:00,인터넷접수,2026-05-11 14:01:00,,0.6,38,3.4
2100000170,2026-06-23 16:51:00,21,대전지점,CF5236823,임진현,이태철,010-6515-5398,대구,수성구 범어동,일반,생활용품,청소기필터,5.2,40.0,26.0,28.0,4.85,5.2,중형,6000.0,2026-06-24,배송완료,2026-06-24 14:18:00,편의점 접수,2026-06-23 16:51:00,2026-06-24,5.2,40,5.2
1100001372,2026-07-24 10:41:00,11,서울지점,C308429AB,서하아,박주우,010-3878-9266,경북,구미시 인동,일반,도서·문구,책(중고),1.3,21.0,16.0,16.0,0.9,1.3,극소형,3500.0,2026-07-27,배송완료,2026-07-27 18:03:00,편의점접수,2026-07-24 10:41:00,2026-07-27,1.3,21,1.3
3100002001,2026-06-04 11:20:00,31,진주지점,CA5959E5F,이서경,오아원,010-7902-6208,부산,동래구 온천동,일반,생활용품,수납함,4.3,31.0,40.0,12.0,2.48,4.3,중형,6000.0,2026-06-05,배송완료,2026-06-05 16:32:00,인터넷접수,2026-06-04 11:20:00,2026-06-05,4.3,31,4.3
1100001198,2026-06-15 11:44:00,11,서울지점,C7CCCC2A9,장규현,김현원,010-6872-3418,대구,수성구 범어동,일반,도서·문구,책 30권,1.0,29.0,,21.0,,1.0,소형,4000.0,2026-06-16,배송완료,2026-06-16 12:50:00,대리점,2026-06-15 11:44:00,2026-06-16,1,29,3
4100001191,2026-07-31 15:56:00,41,울산지점,C92F92ADD,김주호,김채식,010-7868-5664,경북,포항시 남구,일반,도서·문구,다이어리,13.3,23.0,22.0,13.0,1.1,13.3,소형,6000.0,2026-08-03,배송완료,2026-08-03 11:12:00,방문접수,2026-07-31 15:56:00,2026-08-03,13.3,23,13.3
1200001666,2026-05-01 10:02:00,12,용산지점,C76C0B8A6,김아경,신연란,010 3883 9405,부산,동래구 온천동,일반,생활용품,세탁세제,5.3,32.0,26.0,15.0,2.08,5.3,중형,6000.0,2026-05-04,배송완료,2026-05-04 18:08:00,편의점접수,2026-05-01 10:02:00,2026-05-04,5.3,32,5.3
1200001284,2026-06-27 15:45:00,12,용산지점,CD3F8F0B7,윤아아,김정란,010-4574-1550,서울,용산구 이태원동,일반,생활용품,수납함,7.7,40.0,33.0,30.0,6.6,7.7,중형,6000.0,2026-06-29,배송완료,2026-06-29 15:04:00,방문접수,2026-06-27 15:45:00,2026-06-29,7.7,40,7.7
1100002039,2026-06-18 15:39:00,11,서울지점,C908BD161,박호아,조태호,010-2303-1247,서울,마포구 서교동,일반,의류·패션,원피스,1.2,34.0,33.0,19.0,3.55,3.55,중형,9000.0,2026-06-19,배송완료,2026-06-19 13:11:00,편의점접수,2026-06-18 15:39:00,2026-06-19,1.2,34,3.6
3200000801,2026-06-01 13:10:00,32,거제지점,C7CA2678F,김하연,김연철,010-8813-5705,세종,한솔동,일반,의류·패션,패딩,1.1,45.0,29.0,13.0,2.83,2.83,중형,6000.0,2026-06-02,배송완료,2026-06-07 15:27:00,편의점접수,2026-06-01 13:10:00,2026-06-02,1.1,45cm,2.8
4100002789,2026-07-07 13:05:00,41,울산지점,C2A0208D5,손규영,류도란,010-5939-4263,강원,춘천시 퇴계동,일반,전자·디지털,이어폰,3.8,35.0,32.0,9.0,1.68,3.8,소형,4000.0,2026-07-08,배송완료,2026-07-09 13:14:00,편의점접수,2026-07-07 13:05:00,2026-07-08,3.8,35,3.8
1100001826,2026-08-03 16:06:00,11,서울지점,C8C8C562C,김재란,조서준,010-6548-5109,대전,유성구 봉명동,일반,전자·디지털,이어폰,1.3,26.0,32.0,10.0,1.39,1.39,소형,4000.0,,배송완료,2026-08-04 10:08:00,방문접수,2026-08-03 16:06:00,,1.3,26,1.4
1100002275,2026-07-09 16:53:00,11,서울지점,CFF5ACF04,이지빈,김도호,010-2524-2949,서울,용산구 이태원동,일반,생활용품,청소기필터,1.5,35.0,23.0,12.0,1.61,1.61,소형,4000.0,2026-07-10,배송완료,2026-07-10 9:03:00,방문접수,2026-07-09 16:53:00,2026-07-10,1.5,35,1.6
3100000645,2026-05-28 11:44:00,31,진주지점,CEF8F4FF9,안수영,이아연,010-4267-6237,광주,서구 치평동,일반,생활용품,휴지,2.9,35.0,31.0,14.0,2.53,2.9,소형,4000.0,2026-05-29,배송완료,2026-05-29 11:08:00,방문,2026-05-28 11:44:00,2026-05-29,2.9,35,2.9
3200002833,2026-07-19 17:54:00,32,거제지점,C79734C51,이승우,손재환,010-9464-4827,경남,거제시 옥포동,일반,전자·디지털,충전기,4.8,39.0,16.0,24.0,2.5,4.8,소형,4000.0,2026-07-20,배송완료,2026-07-24 18:46:00,편의점접수,07/19/2026 17:54,2026-07-20,4.8,39,4.8
2100000046,2026-07-28 11:38:00,21,대전지점,C6EE044F5,장서서,최채자,010-3528-1200,경북,포항시 남구,일반,전자·디지털,공유기,1.5,37.0,28.0,21.0,3.63,3.63,중형,6000.0,2026-07-29,배송완료,2026-07-29 11:49:00,인터넷접수,2026-07-28 11:38:00,2026-07-29,1.5kg,37,3.6
3100000716,2026-07-06 15:37:00,31,진주지점,C84646D56,최예식,윤윤환,010-7753-6967,충남,천안시 서북구,일반,생활용품,청소기필터,0.7,41.0,30.0,28.0,5.74,5.74,중형,6000.0,2026-07-07,배송완료,2026-07-07 18:48:00,인터넷접수,2026-07-06 15:37:00,2026-07-07,0.7,41,5.7
1100000130,2026-06-18 16:48:00,11,서울지점,CBA93A893,한민원,윤아미,010-2077-1512,경남,진주시 충무공동,일반,의류·패션,청바지,1.5,30.0,27.0,17.0,2.3,2.3,소형,4000.0,2026-06-19,배송완료,2026-06-19 14:44:00,편의점접수,2026-06-18 16:48:00,2026-06-19,1.5,30,2.3
3100000097,2026-05-25 14:27:00,31,진주지점,C36AFC6BE,안진현,김서환,010-6309-2602,부산,사하구 하단동,일반,식품,김,5.6,25.0,22.0,25.0,2.29,5.6,중형,6000.0,2026-05-26,배송완료,2026-05-27 12:55:00,편의점접수,2026-05-25 14:27:00,2026-05-26,5.6,25,5.6
3200000568,2026-05-09 16:49:00,32,거제지점,C8FA83D92,황채우,이우서,010-9972-7903,서울,강남구 역삼동,일반,생활용품,수납함,3.0,38.0,40.0,18.0,4.56,4.56,중형,6000.0,2026-05-11,배송완료,2026-05-16 18:35:00,대리점,2026-05-09 16:49:00,2026-05-11,3,38,4.6
1100000879,2026-06-06 14:34:00,11,서울지점,C3F2DBBF2,이우아,신채철,010-7989-5045,서울,은평구 응암동,일반,도서·문구,다이어리,12.5,21.0,19.0,20.0,1.33,12.5,중형,6000.0,2026-06-08,배송완료,2026-06-08 11:59:00,대리점,2026-06-06 14:34:00,2026-06-08,12.5,21,12.5
4100001697,2026-06-22 11:23:00,41,울산지점,C1A74F970,안영현,강예원,010-3035-7487,서울,송파구 잠실동,일반,식품,김치,11.9,23.0,19.0,15.0,1.09,11.9,중형,6000.0,2026-06-23,배송완료,2026-06-25 12:02:00,방문접수,2026-06-22 11:23:00,2026-06-23,11.9,23,11.9
1100000760,2026-07-08 16:50:00,11,서울지점,C9132D1F9,김연연,박규숙,010-8003-8214,광주,북구 운암동,일반,식품,라면박스,2.4,36.0,18.0,22.0,2.38,2.4,소형,4000.0,2026-07-09,배송완료,2026-07-13 12:47:00,인터넷접수,2026-07-08 16:50:00,2026-07-09,0,36,2.4
1100001346,2026-08-03 15:10:00,11,서울지점,C7925D5F5,손아희,조현준,1076496066,서울,노원구 상계동,일반,생활용품,주방용품,1.4,44.0,27.0,26.0,5.15,5.15,중형,6000.0,2026-08-04,배송완료,,인터넷접수,2026-08-03 15:10:00,2026-08-04,1.4,44,5.1
4100002812,2026-07-21 14:25:00,41,울산지점,CFD69B19B,김나자,신서경,010-7022-4084,서울,강남구 역삼동,일반,전자·디지털,모니터,0.7,21.0,26.0,26.0,2.37,2.37,소형,4000.0,2026-07-22,배송완료,2026-07-22 9:54:00,편의점접수,2026-07-21 14:25:00,2026-07-22,0.7,21,2.4
1100002179,2026-07-27 14:38:00,11,서울지점,C485DCCC6,김민미,김진현,010-8854-5549,경기,화성시 동탄,일반,가구·침구,러그,2.5,64.0,45.0,48.0,23.04,23.04,대형,9000.0,2026-07-28,배송완료,2026-07-28 13:22:00,인터넷접수,2026-07-27 14:38:00,2026-07-28,2.5,64,23
3100002018,2026-06-22 10:19:00,31,진주지점,CD8E64A0F,홍하빈,김진숙,,울산,남구 삼산동,일반,의류·패션,청바지,2.4,44.0,24.0,24.0,4.22,4.22,중형,6000.0,2026-06-23,배송완료,2026-06-23 9:15:00,편의점접수,2026-06-22 10:19:00,2026-06-23,2.4,44,4.2
1200000741,2026-06-05 17:09:00,12,용산지점,CEE9504EA,홍우식,김도철,010-7140-3273,대전,유성구 봉명동,일반,생활용품,수납함,4.5,45.0,30.0,27.0,6.08,6.08,중형,6000.0,2026-06-08,배송완료,2026-06-08 10:03:00,인터넷접수,2026-06-05 17:09:00,2026-06-08,4.5,45,6.1
1100001514,2026-07-03 14:09:00,11,서울지점,C1EB58EAE,최우란,김현경,010-4134-7220,광주,북구 운암동,일반,생활용품,수납함,4.5,43.0,27.0,23.0,4.45,4.5,중형,6000.0,2026-07-06,배송완료,2026-07-06 9:56:00,인터넷접수,2026-07-03 14:09:00,2026-07-06,4.5,43,4.5
1100002967,2026-06-22 10:08:00,11,서울지점,CC3952198,최연진,신승미,010-5527-8520,충남,당진시 수청동,일반,의류·패션,신발,2.4,42.0,36.0,12.0,3.02,3.02,중형,6000.0,2026-06-23,배송완료,2026-06-23 14:44:00,인터넷접수,2026-06-22 10:08:00,2026-06-23,2.4,42,3
2100001437,2026-07-17 12:43:00,21,대전지점,C4C8940C3,이도아,남재희,010-6979-4490,서울,은평구 응암동,일반,생활용품,휴지,1.2,41.0,26.0,31.0,5.51,5.51,중형,6000.0,2026-07-20,배송완료,2026-07-20 19:55:00,편의점접수,2026-07-17 12:43:00,2026-07-20,1.2,41,5.5
3100002406,2026-05-27 12:37:00,31,진주지점,C6B506F61,김수미,강유우,,대전,대덕구 송촌동,일반,생활용품,청소기필터,2.8,33.0,28.0,20.0,3.08,3.08,중형,6000.0,2026-05-28,배송완료,2026-06-01 18:44:00,인터넷접수,2026-05-27 12:37:00,2026-05-28,2.8,33,3.1
1100000081,2026-07-03 10:05:00,11,서울지점,CA667E621,김민호,정준영,,전남,목포시 하당,일반,화장품·미용,샴푸,2.2,20.0,28.0,16.0,1.49,2.2,소형,4000.0,2026-07-06,배송완료,2026-07-08 12:05:00,방문접수,2026-07-03 10:05:00,2026-07-06,2.2,20,2.2
2100001781,2026-05-15 13:40:00,21,대전지점,CF568E6AC,김지진,최은숙,010-3791-6824,경기,부천시 원미구,일반,도서·문구,필기구세트,4.0,28.0,29.0,15.0,2.03,4.0,소형,4000.0,2026-05-18,배송완료,2026-05-18 16:09:00,편의점접수,2026-05-15 13:40:00,2026-05-18,4,28,4
2100002517,2026-05-22 10:29:00,21,대전지점,C2F9F7382,최재원,이서미,010-9299-4022,부산,해운대구 우동,일반,도서·문구,필기구세트,4.5,32.0,28.0,14.0,2.09,4.5,소형,4000.0,2026-05-25,배송완료,2026-05-25 15:12:00,편의점접수,2026-05-22 10:29:00,2026-05-25,4.5,32,4.5
2100002504,2026-05-05 14:49:00,21,대전지점,CDDA3FA27,전서자,이연영,010-9946-3349,경북,포항시 남구,일반,의류·패션,코트,2.1,35.0,35.0,16.0,3.27,3.27,중형,6000.0,2026-05-06,배송완료,2026-05-06 18:36:00,인터넷접수,2026-05-05 14:49:00,2026-05-06,2.1,35,3.3
1100001624,2026-07-30 16:09:00,11,서울지점,C4A0E51A1,박영연,박규서,,서울,용산구 한남동,일반,전자·디지털,충전기,2.8,19.0,17.0,8.0,0.43,2.8,소형,4000.0,2026-07-31,배송완료,2026-07-31 16:09:00,대리점,2026-07-30 16:09:00,2026-07-31,2.8,19,2.8
2100002306,2026-06-30 13:24:00,21,대전지점,CF0099E30,배주란,이지연,010-9745-3820,경기,화성시 동탄,일반,의류·패션,청바지,0.8,35.0,31.0,28.0,5.06,5.06,중형,6000.0,2026-07-01,배송완료,2026-07-08 10:24:00,방문접수,2026-06-30 13:24:00,2026-07-01,0.8,35,5.1
3200002560,2026-05-22 18:57:00,32,거제지점,C3C46DE84,김은식,이아원,,전남,순천시 조례동,일반,반려동물,사료,8.7,34.0,24.0,23.0,3.13,8.7,중형,6000.0,2026-05-25,반송,,방문접수,2026-05-22 18:57:00,2026-05-25,8.7,34,8.7
1200000503,2026-05-28 11:43:00,12,용산지점,C3EBA19A9,안우영,전현희,108105437,경기,화성시 동탄,일반,식품,향수,3.7,34.0,23.0,15.0,1.96,3.7,소형,4000.0,2026-05-29,반품,2026-06-02 12:19:00,편의점접수,2026-05-28 11:43:00,2026-05-29,3.7,34,3.7
2100002831,2026-06-16 19:27:00,21,대전지점,CC5D384F2,박윤진,임유숙,010-5404-3088,전북,전주시 덕진구,일반,화장품·미용,샴푸,2.5,20.0,24.0,20.0,1.6,2.5,소형,4000.0,2026-06-17,배송완료,2026-06-18 19:38:00,편의점접수,2026-06-16 19:27:00,2026-06-17,2.5,20,2.5
1100001382,2026-06-25 10:54:00,11,서울지점,C4F9F02A3,김시경,유호준,010 7140 5713,서울,용산구 이태원동,일반,의류·패션,원피스,0.7,33.0,28.0,26.0,4.0,4.0,중형,6000.0,2026-06-26,배송완료,2026-06-26 10:27:00,편의점접수,2026-06-25 10:54:00,2026-06-26,0.7,33,4
1200002377,2026-05-05 17:35:00,12,용산지점,C8529ABF7,임유우,송예식,010-6693-8536,서울,노원구 상계동,일반,의류·패션,청바지,1.5,31.0,38.0,15.0,2.94,2.94,중형,6000.0,2026-05-06,배송완료,2026-05-06 9:20:00,방문접수,2026-05-05 17:35:00,2026-05-06,1.5,31,1.5
3100000894,2026-05-13 16:14:00,31,진주지점,C32CAE732,김성란,김준율,010-7297-8905,울산,북구 명촌동,일반,식품,김,1.2,38.0,19.0,12.0,1.44,1.44,소형,4000.0,2026-05-14,배송완료,2026-05-14 17:01:00,편의점접수,2026-05-13 16:14:00,2026-05-14,1.2,38,1.4
1200002474,2026-06-30 13:04:00,12,용산지점,C49D88620,오민란,이재식,010 5070 4828,경기,수원시 영통구,일반,반려동물,고양이모래,,40.0,15.0,13.0,1.3,1.3,소형,4000.0,2026-07-01,배송완료,,대리점접수,2026-06-30 13:04:00,2026-07-01,999,40,1.3
1100002481,2026-07-02 10:03:00,11,서울지점,C3EBA19A9,안우영,이태철,010-7736-5137,경기,수원시 영통구,일반,도서·문구,필기구세트,13.8,20.0,30.0,13.0,1.3,13.8,중형,6000.0,2026-07-03,배송완료,2026-07-06 19:19:00,인터넷접수,2026-07-02 10:03:00,2026-07-03,13.8,20,13.8
2100001654,2026-06-10 18:38:00,21,대전지점,CD2FBC3F5,한수영,안규원,010-7438-2448,도서산간,백령도 진촌리,도서산간,의류·패션,가방,1.2,42.0,31.0,24.0,5.21,5.21,중형,11000.0,2026-06-15,배송완료,2026-06-16 11:23:00,인터넷접수,2026-06-10 18:38:00,2026-06-15,1.2,42,5.2
2100002300,2026-06-01 11:23:00,21,대전지점,C168FFFEB,김승철,김현연,,경남,거제시 고현동,일반,도서·문구,다이어리,1.1,22.0,19.0,20.0,1.39,1.39,소형,4000.0,,배송완료,2026-06-02 10:36:00,방문접수,2026-06-01 11:23:00,,1.1,22,1.4
1100000922,2026-07-13 16:53:00,11,서울지점,CFCC417C7,오은환,이윤호,010-3420-8737,울산,북구 명촌동,일반,의류·패션,티셔츠,2.1,37.0,39.0,17.0,4.09,4.09,중형,6000.0,2026-07-14,배송완료,2026-07-14 9:33:00,방문접수,2026-07-13 16:53:00,2026-07-14,2.1,37,4.1
3100002820,2026-05-18 14:54:00,31,진주지점,C3392CF74,전규자,김아율,010-8700-2920,대구,수성구 범어동,일반,의류·패션,운동화,0.9,28.0,22.0,21.0,2.16,2.16,소형,4000.0,2026-05-19,배송완료,2026-05-20 15:37:00,인터넷접수,2026-05-18 14:54:00,2026-05-19,0.9,28,2.2
2100001645,2026-06-15 13:09:00,21,대전지점,C8161C26F,이윤미,오서진,010-5426-5916,충북,청주시 흥덕구,일반,의류·패션,가방,1.5,33.0,42.0,26.0,6.01,6.01,중형,6000.0,,배송실패,,방문접수,2026-06-15 13:09:00,,1.5,33,6
1100000104,2026-05-30 17:36:00,11,서울지점,C58A7CAC8,김채자,김도경,010-4508-1780,울산,남구 삼산동,일반,식품,과일선물세트,1.2,36.0,24.0,25.0,3.6,3.6,중형,6000.0,2026-06-01,배송완료,2026-06-01 16:50:00,방문접수,2026-05-30 17:36:00,2026-06-01,1.2,36,3.6
3100002813,2026-06-09 15:59:00,31,진주지점,C7BA0A848,박아란,송현원,010-8159-3468,울산,남구 옥동,일반,생활용품,화장지,3.3,36.0,27.0,15.0,2.43,3.3,소형,7000.0,2026-06-10,배송완료,2026-06-12 10:00:00,인터넷접수,2026-06-09 15:59:00,2026-06-10,3.3,36,3.3
2100000494,2026-06-01 13:29:00,21,대전지점,C6FC49349,조유환,이은숙,010-5015-5482,대구,달서구 상인동,일반,가구·침구,러그,1.5,65.0,38.0,36.0,14.82,14.82,대형,9000.0,2026-06-02,배송완료,2026-06-02 11:32:00,인터넷접수,2026-06-01 13:29:00,2026-06-02,1.5kg,65,14.8
3100001238,2026-06-11 10:32:00,31,진주지점,C5E0BECCB,김지율,손은연,010-9588-4851,서울,용산구 이태원동,일반,생활용품,휴지,1.9,32.0,40.0,26.0,5.55,5.55,중형,6000.0,2026-06-12,배송완료,2026-06-15 14:09:00,편의점접수,2026-06-11 10:32:00,2026-06-12,1.9,32,5.5
1100000256,2026-06-18 14:46:00,11,서울지점,C94D694CD,김채우,이영미,010 5353 6326,울산,울주군 범서읍,일반,전자·디지털,이어폰,0.5,35.0,17.0,24.0,2.38,2.38,소형,4000.0,2026-06-19,배송완료,2026-06-19 19:12:00,편의점접수,2026-06-18 14:46:00,2026-06-19,0.5,35,2.4
4100002774,2026-07-30 18:25:00,41,울산지점,C02849667,김재진,이시경,010-7762-8986,충남,당진시 수청동,일반,의류·패션,패딩,0.3,48.0,42.0,21.0,7.06,7.06,중형,6000.0,2026-07-31,배송완료,2026-07-31 12:17:00,편의점접수,2026-07-30 18:25:00,2026-07-31,0.3,48,7.1
3100001116,2026-07-13 16:43:00,31,진주지점,C58B04FBE,김민준,권나자,010-3993-2076,대전,중구 은행동,일반,도서·문구,노트 10권,8.2,35.0,23.0,19.0,2.55,8.2,중형,6000.0,2026-07-14,배송완료,2026-07-15 14:40:00,인터넷접수,2026-07-13 16:43:00,2026-07-14,8.2,35,8.2
1100002720,2026-06-15 18:01:00,11,서울지점,C0296DF5A,손연식,정아숙,010-8560-7976,경기,수원시 영통구,일반,식품,커피원두,5.5,36.0,29.0,24.0,4.18,5.5,중형,6000.0,2026-06-16,배송완료,2026-06-16 13:28:00,인터넷접수,2026-06-15 18:01:00,2026-06-16,5.5,36,5.5
4100000369,2026-05-27 14:04:00,41,울산지점,C8ECBE8E5,최하아,홍윤우,010-9261-5361,전남,여수시 학동,일반,의류·패션,패딩,1.3,38.0,28.0,15.0,2.66,2.66,중형,6000.0,2026-05-28,미배송,,인터넷접수,2026-05-27 14:04:00,2026-05-28,1.3,38,2.7
2100002514,2026-07-20 12:19:00,21,대전지점,C99E770A7,윤채아,최유연,010-8600-2189,경기,용인시 기흥구,일반,식품,커피원두,4.0,34.0,18.0,22.0,2.24,4.0,소형,4000.0,2026-07-21,배송완료,2026-07-22 17:55:00,대리점,2026-07-20 12:19:00,2026-07-21,4,34,4
3100002024,2026-06-17 18:43:00,31,진주지점,C257711D3,허진영,이진준,010-5405-8741,서울,송파구 잠실동,일반,의류·패션,운동화,1.0,39.0,42.0,21.0,5.73,5.73,중형,6000.0,2026-06-18,배송완료,2026-06-22 14:02:00,편의점접수,2026-06-17 18:43:00,2026-06-18,1,39,5.7
4100002794,2026-05-06 15:32:00,41,울산지점,CA1183266,박준준,류영희,010-4266-6516,전북,전주시 덕진구,일반,의류·패션,코트,0.5,38.0,37.0,14.0,3.28,3.28,중형,6000.0,2026-05-07,배송완료,2026-05-07 13:29:00,인터넷접수,2026-05-06 15:32:00,2026-05-07,0.5,38,3.3
1200002081,2026-06-02 12:27:00,12,용산지점,CD3F8F0B7,윤아아,손호연,010-9796-4379,경기,남양주시 다산동,일반,가구·침구,이 불,3.4,66.0,42.0,42.0,19.4,19.4,대형,9000.0,2026-06-03,배송완료,2026-06-04 10:08:00,대리점,2026-06-02 12:27:00,2026-06-03,3.4,66,19.4
3100000947,2026-07-27 11:24:00,31,진주지점,C9E011E9D,이윤숙,박승아,010-9500-6841,경남,김해시 장유동,일반,화장품·미용,향수,2.1,36.0,14.0,12.0,1.01,2.1,소형,4000.0,2026-07-28,배송완료,2026-07-28 12:39:00,편의접수,2026-07-27 11:24:00,2026-07-28,2.1,36,2.1
2100001415,2026-05-12 18:26:00,21,대전지점,CB3D1C896,정아서,임수서,1023453986,서울,용산구 청파동,일반,화장품·미용,헤어드라이어,1.4,31.0,32.0,15.0,2.48,2.48,소형,4000.0,2026-05-13,배송완료,2026-05-13 18:51:00,편의점접수,2026-05-12 18:26:00,2026-05-13,1.4,31,2.5
3100002021,2026-08-03 16:11:00,31,진주지점,C975D9845,김진환,박수희,,서울,송파구 잠실동,일반,도서·문구,문제집,3.7,21.0,28.0,25.0,2.45,3.7,소형,4000.0,2026-08-04,배송완료,2026-08-04 13:59:00,인터넷접수,2026-08-03 16:11:00,2026-08-04,3.7,21,3.7
4100001912,2026-08-03 10:55:00,41,울산지점,CB6CD848C,이윤진,백하준,010-6838-1322,서울,용산구 후암동,일반,화장품·미용,향수,0.7,23.0,17.0,24.0,1.56,1.56,소형,4000.0,2026-08-04,배송완료,2026-08-04 11:35:00,인터넷접수,2026-08-03 10:55:00,2026-08-04,0.7,23,1.6
3200000015,2026-05-04 15:25:00,32,거제지점,CDE8C0221,이아미,김수미,010-7654-3505,경기,고양시 일산동구,일반,의류·패션,티셔츠,1.2,33.0,22.0,24.0,2.9,2.9,소형,4000.0,2026-05-05,배송완료,2026-05-05 17:06:00,인터넷접수,2026-05-04 15:25:00,2026-05-05,1.2,33,2.9
1100002444,2026-05-18 18:18:00,11,서울지점,C74851D1E,박지연,김진식,010-2786-5273,서울,용산구 청파동,일반,생활용품,빨래건조대,4.1,48.0,32.0,31.0,7.94,7.94,중형,6000.0,2026-05-19,배송완료,2026-05-19 19:19:00,방문접수,2026-05-18 18:18:00,2026-05-19,4.1,48,7.9
1100001516,2026-07-28 17:52:00,11,서울지점,CFF26F44F,백우현,정성진,010-2329-7770,인천,부평구 부평동,일반,도서·문구,노트 10권,10.5,31.0,29.0,20.0,3.0,10.5,중형,6000.0,2026-07-29,배송완료,2026-07-29 17:07:00,방문,2026-07-28 17:52:00,2026-07-29,10.5,31,10.5
3200001953,2026-07-20 13:24:00,32,거제지점,C154B624C,이예원,이규경,010 9018 3858,충남,당진시 수청동,일반,의류·패션,코트,2.3,45.0,34.0,31.0,7.9,7.9,중형,6000.0,2026-07-21,미배송,,방문접수,2026-07-20 13:24:00,2026-07-21,2.3,45,7.9
3100001469,2026-06-13 18:48:00,31,진주지점,C487B0E26,김도율,이아자,1041437784,부산,부산진구 부전동,일반,의류·패션,운동화(박스포함),2.1,35.0,41.0,23.0,5.5,5.5,중형,6000.0,2026-06-15,배달완료,2026-06-17 9:22:00,편의점접수,2026-06-13 18:48:00,2026-06-15,2.1,35,5.5
2100001047,2026-06-15 17:58:00,21,대전지점,C18346016,서준율,김준자,010-8709-4251,대전,서구 둔산동,일반,전자·디지털,이어폰,1.6,37.0,23.0,16.0,2.27,2.27,소형,4000.0,2026-06-16,배송완료,2026-06-16 10:35:00,편의점접수,2026-06-15 17:58:00,2026-06-16,1.6,37,2.3
1200000965,2026-06-01 12:05:00,12,용산지점,CC889F657,박유서,임나현,010-7305-3489,서울,강남구 역삼동,일반,전자·디지털,키보드,3.2,29.0,26.0,17.0,2.14,3.2,소형,4000.0,2026-06-02,배송완료,2026-06-02 11:35:00,인터넷접수,2026-06-01 12:05:00,2026-06-02,3.2,29,3.2
1100001798,2026-05-14 16:49:00,11,서울지점,CC883B238,이규미,오주원,010-7184-8405,경기,용인시 기흥구,일반,전자·디지털,태블릿케이스,2.4,31.0,22.0,20.0,2.27,2.4,소형,4000.0,2026-05-15,미배송,,대리점,2026-05-14 16:49:00,2026-05-15,2.4,31,2.4
1200001943,2026-07-30 12:34:00,12,용산지점,C05E3BCD8,김은철,황태영,1068646887,경기,부천시 원미구,일반,생활용품,휴지,1.7,39.0,27.0,24.0,4.21,4.21,중형,6000.0,2026-07-31,배송완료,2026-08-03 13:19:00,편의점접수,26-07-30 12:34,2026-07-31,1.7,39,4.2
1100001688,2026-05-18 13:15:00,11,서울지점,CCD34DB00,김하철,이지연,010-6165-6203,울산,남구 삼산동,일반,의류·패션,가방,0.3,37.0,41.0,32.0,8.09,8.09,중형,6000.0,2026-05-19,배송완료,2026-05-19 19:48:00,인터넷접수,2026-05-18 13:15:00,2026-05-19,0.3,37,8.1
1100002978,2026-06-29 13:52:00,11,서울지점,CCFDE1786,윤예아,안주경,010-4573-1751,울산,남구 삼산동,일반,의류·패션,가방,0.4,28.0,22.0,28.0,2.87,2.87,소형,4000.0,2026-06-30,배송완료,2026-06-30 10:07:00,인터넷접수,2026-06-29 13:52:00,2026-06-30,0.4,28,2.9
1200000017,2026-07-03 19:19:00,12,용산지점,CF927CDE3,이규철,이정자,010-7168-5092,충북,청주시 흥덕구,일반,생활용품,세제(대용량),2.5,49.0,36.0,14.0,4.12,4.12,중형,6000.0,2026-07-06,배송완료,2026-07-06 10:16:00,편의점접수,2026-07-03 19:19:00,2026-07-06,2.5,49,2.5
1100001975,2026-06-02 09:15:00,11,서울지점,CFE966C1C,김재경,김승경,010-3210-9361,서울,용산구 이태원동,일반,전자·디지털,공유기,4.2,37.0,24.0,9.0,1.33,4.2,소형,4000.0,2026-06-03,배송완료,2026-06-03 17:42:00,방문접수,2026-06-02 9:15:00,2026-06-03,4.2,37,4.2
1100000749,2026-07-21 17:13:00,11,서울지점,CAFD0554A,한나율,김규빈,010-7040-3521,광주,북구 운암동,일반,의류·패션,모자,0.8,38.0,27.0,,,0.8,소형,4000.0,2026-07-22,배송완료,2026-07-22 19:05:00,편의점접수,2026-07-21 17:13:00,2026-07-22,0.8,38,2.2
1100001708,2026-07-28 18:37:00,11,서울지점,C78FBB12F,정현경,최예호,,서울,용산구 원효로1가,일반,식품,된장,2.2,28.0,20.0,22.0,2.05,2.2,소형,4000.0,2026-07-29,미배송,,편의점접수,26-07-28 18:37,2026-07-29,2.2,28,2.2
1100002141,2026-05-01 12:57:00,11,서울지점,CEB7FD892,송민율,정승철,010-6562-2819,경남,양산시 물금읍,일반,화장품·미용,샴푸,1.1,35.0,23.0,15.0,2.01,2.01,소형,4000.0,2026-05-04,배송완료,2026-05-05 14:20:00,대리점,2026-05-01 12:57:00,2026-05-04,1.1,35,2
1100001960,2026-06-22 15:29:00,11,서울지점,CFF26F44F,백우현,송연호,010-8013-4680,경북,안동시 옥동,일반,의류·패션,원피스,2.0,45.0,35.0,30.0,7.88,7.88,중형,6000.0,2026-06-23,배송완료,2026-06-23 12:11:00,인터넷접수,2026-06-22 15:29:00,2026-06-23,2,45,7.9
1100001471,2026-05-14 18:59:00,11,서울지점,C58B04FBE,김민준,한윤영,010 4420 7823,경남,진주시 평거동,일반,도서·문구,필기구세트,8.8,32.0,23.0,24.0,2.94,8.8,중형,6000.0,2026-05-15,배송완료,2026-05-15 18:48:00,편의점접수,2026-05-14 18:59:00,2026-05-15,8.8,32,8.8
3100002423,2026-07-22 17:44:00,31,진주지점,C4734EB05,이도식,류영영,1076096645,대전,대덕구 송촌동,일반,의류·패션,패딩,2.5,37.0,40.0,25.0,6.17,6.17,중형,6000.0,2026-07-23,배송완료,2026-07-23 16:30:00,,2026-07-22 17:44:00,2026-07-23,2.5,37,6.2
1100000319,2026-05-13 19:32:00,11,서울지점,CDDEC74CE,조승서,정진영,010-6252-8667,서울,강남구 역삼동,일반,식품,커피원두,6.6,25.0,23.0,21.0,2.01,6.6,중형,6000.0,2026-05-14,배송완료,2026-05-14 15:32:00,인터넷,2026-05-13 19:32:00,2026-05-14,6.6,25,6.6
1200002449,2026-05-18 17:08:00,12,용산지점,C4F6299D8,이현호,이수환,010-2278-6586,서울,용산구 한남동,일반,생활용품,휴지,0.6,48.0,39.0,14.0,4.37,4.37,중형,6000.0,2026-05-19,배송완료,2026-05-19 20:25:00,온라인,2026-05-18 17:08:00,2026-05-19,0.6,48,4.4
1200002051,2026-06-08 12:03:00,12,용산지점,CF5A74490,김채식,임태영,010-5637-3255,대전,유성구 봉명동,일반,생활용품,휴지,3.6,39.0,42.0,20.0,5.46,5.46,중형,6000.0,2026-06-09,배송완료,2026-06-09 14:38:00,편의점접수,2026-06-08 12:03:00,2026-06-09,3.6,39,5.5
1100000851,2026-06-04 17:54:00,11,서울지점,CBC66CB45,이수서,윤호현,010-9452-3251,충북,충주시 연수동,일반,식품,된장,9.1,22.0,17.0,28.0,1.75,9.1,중형,6000.0,2026-06-05,배송완료,2026-06-05 20:52:00,편의점접수,2026-06-04 17:54:00,2026-06-05,9.1,22,9.1
2100000470,2026-07-03 18:23:00,21,대전지점,C2505F751,이시원,김나철,,대전,유성구 봉명동,일반,화장품·미용,샴푸,0.9,34.0,21.0,21.0,2.5,2.5,소형,4000.0,2026-07-06,배송완료,2026-07-06 9:21:00,방문접수,2026-07-03 18:23:00,2026-07-06,0.9,34,2.5
3100001505,2026-06-19 15:15:00,31,진주지점,CE224381A,송수준,서태우,010-3971-4912,서울,용산구 이태원동,일반,식품,김치,3.6,32.0,16.0,19.0,1.62,3.6,소형,4000.0,2026-06-22,배송완료,2026-06-23 19:21:00,인터넷접수,2026-06-19 15:15:00,2026-06-22,3.6,32,3.6
1100002037,2026-08-05 16:49:00,11,서울지점,C72D70F44,김성율,황유호,010-8782-5972,충북,충주시 연수동,일반,식품,과일선물세트,2.7,32.0,21.0,25.0,2.8,2.8,소형,4000.0,2026-08-06,집화처리,,편의점접수,2026-08-05 16:49:00,2026-08-06,2.7,32,2.8
4100000769,2026-07-24 12:38:00,41,울산지점,C17A1CFD8,조지호,박은서,010 5931 2890,부산,부산진구 부전동,일반,생활용품,휴지,3.6,30.0,34.0,17.0,2.89,3.6,중형,6000.0,2026-07-27,배송완료,2026-07-27 18:31:00,인터넷접수,2026-07-24 12:38:00,2026-07-27,3.6,30,3.6
4100002705,2026-05-04 18:48:00,41,울산지점,C0F1E0F27,이주아,이나율,010-9008-8664,서울,은평구 응암동,일반,의류·패션,모자,1.3,45.0,35.0,29.0,7.61,7.61,중형,6000.0,2026-05-05,배송완료,2026-05-05 13:27:00,편의점접수,2026-05-04 18:48:00,2026-05-05,1.3,45,7.6
1100000298,2026-06-19 18:05:00,11,서울지점,C64D69499,박예식,김지숙 님,010-3744-4981,대구,달서구 상인동,일반,의류·패션,패딩,0.5,38.0,34.0,13.0,2.8,2.8,중형,6000.0,2026-06-22,배송완료,2026-06-23 9:46:00,대리점,2026-06-19 18:05:00,2026-06-22,0.5,38,0.5
1100000925,2026-05-25 18:17:00,11,서울지점,CFAD55352,김연환,송서자(경비실),,서울,용산구 한남동,일반,의류·패션,청바지,1.9,36.0,24.0,14.0,2.02,2.02,소형,4000.0,2026-05-26,배송완료,2026-05-26 12:48:00,방문접수,2026-05-25 18:17:00,2026-05-26,1.9,36,2
1100000052,2026-07-24 16:35:00,11,서울지점,C3C090540,이나경,김현원,010-9028-3164,경남,진주시 충무공동,일반,의류·패션,패딩,1.1,35.0,35.0,14.0,2.86,2.86,중형,6000.0,2026-07-27,배송완료,2026-07-28 19:21:00,편의점접수,2026-07-24 16:35:00,2026-07-27,1.1,35,2.9
1100002339,2026-05-18 17:54:00,11,서울지점,CD05C3767,유서란,김예자,010-4141-9259,경기,수원시 영통구,일반,의류·패션,가방,1.6,28.0,26.0,17.0,2.06,2.06,소형,4000.0,2026-05-19,배송완료,2026-05-19 19:28:00,방문접수,2026-05-18 17:54:00,2026-05-19,1.6,28,2.1
1100002947,2026-07-03 17:06:00,11,서울지점,C6D91F853,이주란,고지숙,010-9054-7313,서울,용산구 원효로1가,일반,의류·패션,티셔츠 2장,0.5,28.0,30.0,19.0,2.66,2.66,소형,4000.0,2026-07-06,배송완료,2026-07-07 20:49:00,인터넷접수,2026-07-03 17:06:00,2026-07-06,0.5,28,2.7
1100001417,2026-07-13 15:38:00,11,서울지점,CE80CCBF0,오태미,김승호,010-3958-1158,서울,송파구 잠실동,일반,식품,커피원두,4.8,20.0,22.0,19.0,1.39,4.8,소형,4000.0,2026-07-14,배송완료,2026-07-14 17:58:00,편의점접수,2026-07-13 15:38:00,2026-07-14,4.8,20,4.8
4100002666,2026-07-13 10:29:00,41,울산지점,C7B160AC0,윤영율,박지경,010-6479-1549,울산,남구 삼산동,일반,식품,김,10.6,25.0,24.0,28.0,2.8,10.6,중형,6000.0,2026-07-14,배송완료,2026-07-16 20:34:00,편의점접수,2026-07-13 10:29:00,2026-07-14,10.6,25,10.6
4100001456,2026-08-05 10:38:00,41,울산지점,C6B506F61,김수미,최준서,010-4223-4259,경기,성남시 분당구,일반,식품,건어물,7.1,36.0,28.0,19.0,3.19,7.1,중형,6000.0,2026-08-06,간선하차,,인터넷접수,2026-08-05 10:38:00,2026-08-06,7.1,36,7.1
1100001488,2026-05-20 13:18:00,11,서울지점,C8BD2AE09,김현영,김규미,010-4423-5012,울산,울주군 범서읍,일반,화장품·미용,샴푸,1.1,39.0,23.0,23.0,3.44,3.44,중형,6000.0,2026-05-21,배송완료,2026-05-21 15:35:00,대리점접수,2026-05-20 13:18:00,2026-05-21,1.1,39,1.1
3100001865,2026-05-01 11:06:00,31,진주지점,C3D0481A0,김영영,이시현,010-5597-3671,경남,진주시 충무공동,일반,화장품·미용,헤어드라이어,2.3,39.0,24.0,24.0,3.74,3.74,중형,6000.0,2026-05-04,배송완료,2026-05-06 10:53:00,인터넷접수,2026-05-01 11:06:00,2026/05/04,2.3kg,39,3.7
4100000116,2026-08-03 19:16:00,41,울산지점,C5E80ECA0,김수환,김정율,010-2028-3456,경기,부천시 원미구,일반,도서·문구,필기구세트,2.0,30.0,27.0,28.0,3.78,3.78,중형,6000.0,2026-08-04,배송완료,2026-08-04 17:58:00,대리점,2026-08-03 19:16:00,2026-08-04,2,30,3.8
2100000892,2026-06-27 10:00:00,21,대전지점,C2CF0FDCA,김수빈,정호희,010-8735-4338,광주,광산구 수완동,일반,생활용품,수납함,4.2,30.0,35.0,18.0,3.15,4.2,중형,6000.0,2026-06-29,배송완료,2026-06-30 19:36:00,방문접수,2026-06-27 10:00:00,2026-06-29,4.2,30,4.2
2100000331,2026-06-15 18:24:00,21,대전지점,C3CC62E32,김규희,김아숙,010-8938-4517,충남,당진시 수청동,일반,식품,된장,2.1,20.0,21.0,25.0,1.75,2.1,소형,4000.0,2026-06-16,배송완료,2026-06-17 9:51:00,인터넷접수,2026-06-15 18:24:00,2026-06-16,2.1kg,20,2.1
2100002905,2026-05-27 11:50:00,21,대전지점,C3E78B8D5,김규호,이도환,010-4929-9069,경기,화성시 동탄,일반,생활용품,주방용품,5.0,43.0,32.0,32.0,7.34,7.34,중형,6000.0,2026-05-28,배송완료,2026-05-28 11:43:00,방문접수,2026-05-27 11:50:00,2026-05-28,5,43,7.3
2100002537,2026-06-18 16:47:00,21,대전지점,CA4A8B34F,김서숙,홍은서,010-7587-9565,경남,양산시 물금읍,일반,반려동물,장난감,3.3,26.0,20.0,18.0,1.56,3.3,소형,4000.0,2026-06-19,배송완료,2026-06-19 10:56:00,인터넷접수,2026-06-18 16:47:00,2026-06-19,3.3,26,3.3
1100002809,2026-07-14 09:44:00,11,서울지점,C2505F751,이시원,박도희,010-2381-2939,부산,동래구 온천동,일반,생활용품,주류,1.8,44.0,24.0,21.0,3.7,3.7,중형,6000.0,2026-07-15,배송완료,,편의점접수,2026-07-14 9:44:00,2026-07-15,1.8,44,3.7
1100000533,2026-07-09 19:42:00,11,서울지점,CDECD029D,권유숙,김채식,010-3980-8497,인천,남동구 구월동,일반,도서·문구,문제집,1.9,21.0,15.0,27.0,1.42,1.9,소형,4000.0,2026-07-10,배송완료,2026-07-10 10:03:00,방문접수,2026-07-09 19:42:00,2026-07-10,1.9,21,1.9
1200001413,2026-06-01 18:14:00,12,용산지점,CE168433A,이현숙,강재원 님,,대구,북구 침산동,일반,생활용품,주방용품,2.0,44.0,25.0,21.0,3.85,3.85,중형,6000.0,,배송완료,2026-06-02 9:29:00,인터넷접수,2026-06-01 18:14:00,,2,44,3.9
1200000204,2026-05-06 17:32:00,12,용산지점,C0A0D9ECC,김현경,권진호,010-6740-7679,경기,화성시 동탄,일반,의류·패션,운동화,1.9,49.0,31.0,27.0,6.84,6.84,중형,6000.0,2026-05-07,배송완료,2026-05-07 20:10:00,방문접수,2026-05-06 17:32:00,2026-05-07,1.9,49,6.8
2100002117,2026-06-20 13:57:00,21,대전지점,C94D694CD,김채우,이태연,010 7089 9766,울산,남구 삼산동,일반,의류·패션,주류,0.5,43.0,33.0,14.0,3.31,3.31,중형,6000.0,2026-06-22,반품,2026-06-22 14:41:00,방문접수,2026-06-20 13:57:00,2026-06-22,0.5,43,3.3
1200001897,2026-07-13 10:20:00,12,용산지점,C902C504C,이지진,김정현,109593107,대구,달서구 상인동,일반,생활용품,휴지,4.1,36.0,32.0,29.0,5.57,5.57,중형,6000.0,2026-07-14,배송완료,,방문접수,2026-07-13 10:20:00,2026-07-14,4.1,36,5.6
1100000265,2026-06-18 14:05:00,11,서울지점,C1BBCEBE2,박주빈,김성율,010-2859-7467,서울,강남구 역삼동,일반,의류·패션,원피스,1.0,39.0,26.0,16.0,2.7,2.7,중형,4000.0,2026-06-19,배송완료,2026-06-19 16:45:00,편의점접수,2026-06-18 14:05:00,2026-06-19,1,39,2.7
3100000705,2026-07-03 17:53:00,31,진주지점,C0B504EA5,정나율,전성원,,서울,강남구 역삼동,일반,의류·패션,모자,2.2,45.0,28.0,12.0,2.52,2.52,중형,6000.0,2026-07-06,배송완료,2026-07-07 18:52:00,인터넷접수,2026-07-03 17:53:00,2026-07-06,2.2,45,2.5
2100001631,2026-06-02 17:26:00,21,대전지점,C9B60964E,김현호,고수호 님,010-9952-2673,경기,고양시 일산동구,일반,가구·침구,커튼,1.1,62.0,44.0,25.0,11.37,11.37,대형,9000.0,2026-06-03,배송완료,2026-06-04 12:10:00,방문,2026-06-02 17:26:00,2026-06-03,1.1,62,11.4
4100002546,2026-06-05 15:58:00,41,울산지점,C2A8F975A,전은아,오유미,010-8211-7999,경남,거제시 고현동,일반,생활용품,화분(생화),6.1,50.0,39.0,25.0,8.12,8.12,중형,6000.0,2026-06-08,미배송,2026-06-08 17:47:00,편의점접수,2026-06-05 15:58:00,2026-06-08,6.1,50,8.1
2100001011,2026-07-06 15:27:00,21,대전지점,CE817A356,배주희,박윤우,010-4364-3187,대전,유성구 봉명동,일반,화장품·미용,냉동식품,2.2,30.0,14.0,9.0,0.63,2.2,소형,4000.0,2026-07-07,반품,2026-07-07 12:43:00,인터넷,2026-07-06 15:27:00,2026-07-07,2.2,30,2.2
1100002944,2026-07-31 13:31:00,11,서울지점,CBEA8586A,오예영,안민영,106438493,울산,북구 명촌동,일반,의류·패션,반팔티,2.2,38.0,25.0,17.0,2.69,2.69,소형,4000.0,2026-08-03,배송완료,2026-08-03 19:44:00,방문접수,2026-07-31 13:31:00,2026-08-03,2.2kg,38,2.7
1100002651,2026-06-19 19:30:00,11,서울지점,C6607CB09,오예준,이승연,,제주,제주시 연동,제주,생활용품,청소기필터,6.2,40.0,32.0,14.0,2.99,6.2,중형,9000.0,2026-06-23,배송완료,2026-06-23 16:31:00,방문접수,2026-06-19 19:30:00,2026-06-23,6.2,40,6.2
1200001776,2026-05-22 12:24:00,12,용산지점,CAD2C2D3E,정우호,박수서,,경북,경주시 황성동,일반,의류·패션,코트,1.8,33.0,24.0,20.0,2.64,2.64,소형,4000.0,2026-05-25,배송완료,,편의점접수,2026-05-22 12:24:00,2026-05-25,1.8,33,2.6
4100000163,2026-07-27 14:03:00,41,울산지점,C3F7E3CB6,이준아,이규준(경비실),010-5244-3473,전북,전주시 덕진구,일반,도서·문구,노트 10권,5.5,34.0,18.0,13.0,1.33,5.5,중형,6000.0,2026-07-28,배송완료,2026-07-29 16:20:00,방문접수,2026-07-27 14:03:00,2026-07-28,5.5,34,5.5
1100000037,2026-06-29 16:20:00,11,서울지점,C341018F7,김진아,이서준,010-8757-4968,경남,거제시 장승포동,일반,식품,김치,11.2,32.0,18.0,13.0,1.25,11.2,중형,6000.0,2026-06-30,배송완료,2026-06-30 18:10:00,편의점접수,06/29/2026 16:20,2026-06-30,11.2,32,11.2
3100002390,2026-05-28 11:23:00,31,진주지점,C2A363D2D,이규빈,최채빈,010-4834-9883,대전,서구 둔산동,일반,식품,된장,8.3,25.0,18.0,24.0,1.8,8.3,중형,6000.0,2026-05-29,배송완료,,인터넷접수,2026-05-28 11:23:00,2026-05-29,8.3,25,8.3
2100000679,2026-06-09 17:44:00,21,대전지점,C0AF153EF,이하호,이태자,010-5608-4872,대전,중구 은행동,일반,의류·패션,청바지,0.4,43.0,36.0,23.0,5.93,5.93,중형,6000.0,2026-06-10,배송완료,2026-06-11 14:30:00,방문접수,2026-06-09 17:44:00,2026-06-10,0.4,43,5.9
1100001090,2026-07-13 19:10:00,11,서울지점,C3F7E3CB6,이준아,임준빈,010-6754-5680,서울,강남구 역삼동,일반,식품,김치,1.2,29.0,16.0,18.0,1.39,1.39,소형,4000.0,2026-07-14,배송완료,2026-07-14 16:39:00,인터넷접수,2026-07-13 19:10:00,2026-07-14,1.2,29,1.4
3200000448,2026-06-05 18:56:00,32,거제지점,C8FA83D92,황채우,김규빈,010-3526-7572,부산,부산진구 부전동,일반,의류·패션,모자,0.3,38.0,26.0,26.0,4.28,4.28,중형,6000.0,2026-06-08,배송완료,2026-06-12 15:44:00,대리점,2026-06-05 18:56:00,2026-06-08,0.3,38,4.3
2100002817,2026-06-24 10:15:00,21,대전지점,CB054BB84,박유아,안윤빈,010-3417-8829,경남,진주시 평거동,일반,의류·패션,신발,0.8,30.0,38.0,22.0,4.18,4.18,중형,6000.0,2026-06-25,배송완료,2026-06-25 9:16:00,편의점접수,2026-06-24 10:15:00,2026-06-25,0.8,30,4.2
1100002178,2026-05-01 15:46:00,11,서울지점,C05E3BCD8,김은철,강아미,010-7958-1832,대전,서구 둔산동,일반,생활용품,빨래건조대,6.3,48.0,32.0,22.0,5.63,6.3,중형,1000.0,2026-05-04,배송완료,2026-05-06 15:47:00,편의점 접수,2026-05-01 15:46:00,2026-05-04,999,48,6.3
1100001914,2026-06-16 14:06:00,11,서울지점,CE50F91D1,박현현,전규식,1024414123,부산,동래구 온천동,일반,식품,건어물,3.7,35.0,20.0,24.0,2.8,3.7,소형,4000.0,2026-06-17,배송완료,2026-06-18 15:10:00,인터넷접수,2026-06-16 14:06:00,2026-06-17,3.7,35,3.7
1100002148,2026-05-29 10:19:00,11,서울지점,C5545AA92,정성경,김정우,1096352978,경기,부천시 원미구,일반,생활용품,청소기필터,5.9,35.0,40.0,21.0,4.9,5.9,중형,6000.0,2026-06-01,배송완료,2026-06-01 9:27:00,방문접수,2026-05-29 10:19:00,2026-06-01,5.9,35,5.9
1200002539,2026-05-18 16:11:00,12,용산지점,CB1B775B4,이규숙,김나아,010-3363-1527,경기,용인시 기흥구,일반,전자·디지털,충전기,2.5,40.0,25.0,10.0,1.67,2.5,소형,4000.0,2026-05-19,배송완료,2026-05-19 15:28:00,편의점접수,2026-05-18 16:11:00,2026.05.19,2.5,40,2.5
3100000345,2026-05-25 14:28:00,31,진주지점,CCCB1AB31,황유아,이수영(경비실),010-4665-8133,경남,거제시 장승포동,일반,생활용품,빨래건조대,0.9,48.0,34.0,14.0,3.81,3.81,중형,6000.0,2026-05-26,배송완료,2026-05-26 14:28:00,방문접수,2026-05-25 14:28:00,2026-05-26,0.9,48,3.8
3100002445,2026-07-13 15:40:00,31,진주지점,C395DD75C,오서숙,정도숙,010-8236-7726,울산,남구 삼산동,일반,의류·패션,청바지,2.2,46.0,27.0,23.0,4.76,4.76,중형,6000.0,2026-07-14,배송완료,2026-07-14 17:06:00,방문접수,2026-07-13 15:40:00,2026-07-14,2.2,46,4.8
1100002203,2026-06-08 16:12:00,11,서울지점,C90B2AD26,고현미,권성준,010-9682-9543,서울,강남구 역삼동,일반,전자·디지털,충전기,4.2,24.0,24.0,24.0,2.3,4.2,소형,4000.0,2026-06-09,배송완료,2026-06-09 9:30:00,인터넷접수,2026-06-08 16:12:00,2026-06-09,4.2,24,4.2
3100000869,2026-06-15 13:18:00,31,진주지점,C41E74917,최아원,전우영 님,010-5197-5869,경남,거제시 고현동,일반,가구·침구,커튼,4.5,42.0,36.0,37.0,9.32,9.32,중형,6000.0,2026-06-16,배송완료,2026-06-16 19:05:00,인터넷접수,2026-06-15 13:18:00,2026-06-16,4.5,42,9.3
4100001759,2026-08-05 16:47:00,41,울산지점,C6488CB8E,김현율,김준아,010-5850-5176,서울,용산구 한남동,일반,전자·디지털,충전기,5.9,22.0,15.0,9.0,0.5,5.9,중형,6000.0,2026-08-06,배송완료,2026-08-06 11:12:00,대리점,2026-08-05 16:47:00,2026-08-06,5.9,22,5.9
1200000505,2026-06-01 12:09:00,12,용산지점,C612BFB78,박규경,김민현,010-5353-7189,충북,청주시 흥덕구,일반,생활용품,청소기필터,7.9,42.0,27.0,18.0,3.4,7.9,중형,6000.0,2026-06-02,미배송,,편의점접수,2026-06-01 12:09:00,2026-06-02,7.9,42,7.9
1100002490,2026-05-13 15:06:00,11,서울지점,C23151BF6,박승현,윤민아,010-2100-1063,경남,거제시 옥포동,일반,화장품·미용,스킨케어세트,1.3,34.0,20.0,26.0,2.95,2.95,소형,4000.0,2026-05-14,배송완료,2026-05-15 18:18:00,방문접수,05/13/2026 15:06,2026-05-14,1.3,34,2.9
1100001120,2026-07-09 18:34:00,11,서울지점,CDD6025F9,문도진,이우호,010-9505-4318,대구,수성구 범어동,일반,도서·문구,필기구세트,7.3,29.0,21.0,16.0,1.62,7.3,중형,6000.0,2026-07-10,완료,2026-07-13 19:28:00,방문접수,2026-07-09 18:34:00,2026-07-10,7.3,29,7.3
4100000291,2026-05-13 12:23:00,41,울산지점,CBA9BDEB1,김도환,김유식,010-4715-3949,대구,수성구 범어동,일반,도서·문구,책(중고),9.4,38.0,18.0,25.0,2.85,9.4,중형,6000.0,2026-05-14,배송완료,2026-05-14 17:58:00,방문접수,2026-05-13 12:23:00,2026-05-14,9.4,38,9.4
2100000117,2026-05-18 15:36:00,21,대전지점,CE987FDC2,김아우,장수영,,경기,부천시 원미구,일반,가구·침구,베개,1.5,45.0,50.0,48.0,18.0,18.0,대형,9000.0,2026-05-19,배송완료,2026-05-19 19:17:00,방문접수,2026-05-18 15:36:00,2026-05-19,1.5,45,18
3100001766,2026-07-07 14:09:00,31,진주지점,C2F07EB71,정시진,이윤미,010-2881-1527,울산,남구 옥동,일반,식품,김,5.0,22.0,19.0,15.0,1.04,5.0,소형,4000.0,2026-07-08,배송완료,2026-07-10 14:39:00,방문접수,2026-07-07 14:09:00,2026-07-08,5,22,5
1200001620,2026-06-16 15:41:00,12,용산지점,CEF9E5FD3,김태미,한나준,010-6984-4580,경기,고양시 일산동구,일반,의류·패션,원피스,2.4,43.0,38.0,32.0,8.71,8.71,중형,6000.0,2026-06-17,배송완료,2026-06-17 13:22:00,인터넷,2026-06-16 15:41:00,2026-06-17,2.4,43,8.7
2100002425,2026-07-29 16:40:00,21,대전지점,C3910EC34,김성희,홍성현,010-6281-7448,경기,부천시 원미구,일반,전자·디지털,태블릿케이스,5.1,28.0,17.0,18.0,1.43,5.1,중형,6000.0,2026-07-30,배송완료,2026-07-31 12:49:00,편의점접수,2026-07-29 16:40:00,2026-07-30,5.1,28,5.1
3200001485,2026-05-18 12:48:00,32,거제지점,CF2FC398C,이호우,강규진,010-6334-1448,충남,천안시 서북구,일반,식품,라면박스,3.6,25.0,24.0,21.0,2.1,3.6,소형,4000.0,2026-05-19,배송완료,2026-05-31 19:11:00,대리점,2026-05-18 12:48:00,2026-05-19,0,25,3.6
1100001206,2026-06-18 12:51:00,11,서울지점,C9B2127BB,이정호,송서철,010-2352-2417,경남,양산시 물금읍,일반,의류·패션,코트,1.0,30.0,25.0,19.0,2.38,2.38,소형,4000.0,2026-06-19,배송완료,2026-06-19 13:43:00,편의점접수,2026-06-18 12:51:00,2026-06-19,1,30,2.4
1100002825,2026-06-08 12:39:00,11,서울지점,C02B565C7,김시서,정윤원,010-4593-9691,충북,제천시 하소동,일반,생활용품,청소기필터,4.7,35.0,26.0,21.0,3.18,4.7,중형,6000.0,2026-06-09,배송완료,2026-06-10 17:41:00,인터넷접수,2026-06-08 12:39:00,2026-06-09,4.7,35,4.7
1100000301,2026-07-04 19:45:00,11,서울지점,C6F89B72B,이시환,유유아,010-5712-5263,서울,용산구 후암동,일반,전자·디지털,향수,0.9,37.0,17.0,17.0,1.78,1.78,소형,4000.0,2026-07-06,반품,2026-07-06 15:11:00,편의점접수,2026-07-04 19:45:00,2026-07-06,0.9,37,1.8
2100000042,2026-05-18 16:09:00,21,대전지점,C4B5ECF7B,전은식,김서희,010-9507-1978,경기,고양시 일산동구,일반,의류·패션,청바지,0.6,43.0,29.0,21.0,4.36,4.36,중형,6000.0,2026-05-19,배달완료,2026-05-19 11:20:00,인터넷접수,2026-05-18 16:09:00,2026-05-19,0.6,43,4.4
4100002166,2026-05-13 16:38:00,41,울산지점,CFEB68324,김주희,이채현(경비실),010-6784-2374,충북,충주시 연수동,일반,생활용품,청소기필터,4.0,47.0,34.0,30.0,7.99,7.99,중형,6000.0,2026-05-14,배송완료,2026-05-14 19:40:00,방문접수,2026-05-13 16:38:00,2026-05-14,4,47,8
1100000484,2026-05-18 09:34:00,11,서울지점,CCE84C22F,김성원,황서원,,서울,마포구 서교동,일반,식품,건어물,6.8,20.0,16.0,28.0,1.49,6.8,중형,6000.0,2026-05-19,배송완료,2026-05-19 14:43:00,,2026-05-18 9:34:00,2026-05-19,6.8,20,6.8
1200000522,2026-05-30 15:00:00,12,용산지점,C3611D9C5,이하서,박승연,010-3259-6262,경기,화성시 동탄,일반,의류·패션,모자,0.4,32.0,34.0,26.0,4.71,4.71,중형,6000.0,2026-06-01,배송완료,2026-06-02 14:27:00,인터넷접수,2026-05-30 15:00:00,2026-06-01,0.4,32,4.7
3100001244,2026-05-25 11:56:00,31,진주지점,C268C8CBD,김주연,박하호,010-7075-1504,충북,청주시 흥덕구,일반,생활용품,세탁세제,7.0,40.0,40.0,16.0,4.27,7.0,중형,6000.0,2026-05-26,배송완료,2026-05-26 17:41:00,편의점접수,2026-05-25 11:56:00,2026-05-26,7,40,7
2100001994,2026-07-10 18:37:00,21,대전지점,C702C4381,이호숙,김우란,010-8000-4992,경북,안동시 옥동,일반,전자·디지털,태블릿케이스,2.2,34.0,24.0,25.0,3.4,3.4,중형,6000.0,2026-07-13,배송완료,2026-07-13 17:31:00,인터넷접수,2026-07-10 18:37:00,2026-07-13,2.2,34,3.4
1100000929,2026-07-06 14:44:00,11,서울지점,CEDA200DF,김나철,서시율,010-8462-2733,대전,서구 둔산동,일반,의류·패션,코트,1.7,41.0,25.0,30.0,5.12,5.12,중형,6000.0,2026-07-07,배송완료,2026-07-07 13:18:00,방문접수,2026-07-06 14:44:00,2026-07-07,1.7,41,5.1
1100002418,2026-07-31 12:33:00,11,서울지점,CB11C79CA,김연희,장주서(경비실),010-6247-5778,세종,조치원읍,일반,전자·디지털,모니터,1.7,36.0,25.0,14.0,2.1,2.1,소형,4000.0,2026-08-03,배송완료,2026-08-03 12:16:00,방문접수,2026-07-31 12:33:00,2026-08-03,1.7,36,2.1
4100001705,2026-06-12 15:28:00,41,울산지점,C88F86162,최진식,신서호,010-4801-4588,서울,노원구 상계동,일반,전자·디지털,키보드,1.8,30.0,20.0,24.0,2.4,2.4,소형,4000.0,2026-06-15,배송완료,2026-06-15 14:58:00,대리점접수,2026-06-12 15:28:00,2026-06-15,1.8,30,2.4
1100001655,2026-07-01 14:40:00,11,서울지점,C756A8EC2,배태진,장우환,010-8403-5775,경기,부천시 원미구,일반,식품,건어물,10.5,36.0,27.0,23.0,3.73,10.5,중형,6000.0,2026-07-02,배송완료,2026-07-06 13:37:00,방문접수,2026-07-01 14:40:00,2026-07-02,10.5,36,10.5
1200000871,2026-06-12 17:48:00,12,용산지점,C7B160AC0,윤영율,장승숙,010-2198-3850,서울,강남구 역삼동,일반,도서·문구,책(중고),11.1,26.0,22.0,27.0,2.57,11.1,중형,6000.0,2026-06-15,배송완료,2026-06-17 12:17:00,대리점,2026-06-12 17:48:00,2026-06-15,11.1,26,11.1
2100000259,2026-07-17 14:58:00,21,대전지점,C284C8539,류시우,이우빈,010-9505-3241,대전,동구 가양동,일반,도서·문구,필기구세트,1.4,27.0,17.0,27.0,2.07,2.07,소형,4000.0,2026-07-20,배송완료,2026-07-20 17:20:00,방문접수,2026-07-17 14:58:00,2026-07-20,1.4,27,2.1
3200000123,2026-06-05 17:35:00,32,거제지점,C5B094211,이서우,박영란,010-6491-6299,서울,송파구 잠실동,일반,가구·침구,쿠션,3.7,60.0,31.0,42.0,13.02,13.02,대형,9000.0,2026-06-08,배송완료,2026-06-11 20:56:00,방문접수,2026-06-05 17:35:00,2026-06-08,3.7,60,13
1100000675,2026-05-06 12:52:00,11,서울지점,C3611D9C5,이하서,최주율,010-5564-3635,서울,용산구 이태원동,일반,의류·패션,라이터,1.1,49.0,26.0,17.0,3.61,3.61,중형,6000.0,2026-05-07,미배송,2026-05-07 13:07:00,인터넷접수,2026-05-06 12:52:00,2026-05-07,1.1,49,3.6
4100001900,2026-07-02 13:26:00,41,울산지점,CE38C61B0,안하호,윤윤숙,010-6733-4716,강원,원주시 무실동,일반,도서·문구,책 30권,13.6,36.0,26.0,12.0,1.87,13.6,중형,6000.0,2026-07-03,배송완료,2026-07-06 16:22:00,인터넷접수,2026-07-02 13:26:00,2026-07-03,13.6,36,13.6
1200000136,2026-06-25 15:02:00,12,용산지점,C2F7C93A2,김민서,정유철,010-7229-1679,서울,용산구 원효로1가,일반,식품,라면박스,5.7,23.0,30.0,12.0,1.38,5.7,중형,6000.0,2026-06-26,배송완료,2026-06-26 11:45:00,인터넷접수,2026-06-25 15:02:00,2026-06-26,5.7,23,5.7
4100000847,2026-07-27 18:33:00,41,울산지점,C7A80D8E7,이아호,손아아,010-2749-5836,경북,포항시 남구,일반,도서·문구,필기구세트,3.4,37.0,30.0,15.0,2.78,3.4,중형,9000.0,2026-07-28,반품,,인터넷접수,2026-07-27 18:33:00,2026-07-28,3.4,37,3.4
1100001210,2026-06-08 13:59:00,11,서울지점,CE4611874,이현연,박성서,010-3541-6515,경기,용인시 기흥구,일반,화장품·미용,스킨케어세트,1.4,25.0,27.0,9.0,1.01,1.4,소형,4000.0,2026-06-09,배송완료,2026-06-09 9:07:00,편의점접수,2026-06-08 13:59:00,2026-06-09,1.4,25,1.4
1200001504,2026-07-17 10:00:00,12,용산지점,C4B62403D,이시서,최현원,,강원,속초시 조양동,일반,생활용품,세제(대용량),7.6,32.0,27.0,20.0,2.88,7.6,중형,6000.0,,배송완료,2026-07-20 13:45:00,편의점접수,2026-07-17 10:00:00,,7.6,32,7.6
1100000824,2026-05-25 12:22:00,11,서울지점,C10BD07B7,임재란,김진서,010-3088-1105,서울,마포구 서교동,일반,의류·패션,모자,0.9,44.0,39.0,17.0,4.86,4.86,중형,6000.0,2026-05-26,배송완료,2026-05-26 18:00:00,편의점접수,2026-05-25 12:22:00,2026-05-26,0.9,44,4.9
4100001188,2026-07-07 16:00:00,41,울산지점,C58842701,박규자,서채숙,010-3735-7133,서울,송파구 잠실동,일반,의류·패션,원피스,0.7,37.0,30.0,15.0,2.78,2.78,중형,8000.0,2026-07-08,배송완료,2026-07-10 12:48:00,방문접수,2026-07-07 16:00:00,2026-07-08,0.7,37,2.8
1100001045,2026-05-15 13:42:00,11,서울지점,C2F2D56C0,류시환,문아환,010-8837-7721,서울,마포구 서교동,일반,의류·패션,청바지,2.1,43.0,35.0,32.0,8.03,8.03,중형,6000.0,2026-05-18,배송완료,2026-05-18 13:27:00,대리점,2026-05-15 13:42:00,2026-05-18,2.1,43,8
3100000973,2026-07-02 18:16:00,31,진주지점,C878B912D,김윤숙,이나빈,010-8062-9684,대전,대덕구 송촌동,일반,의류·패션,신발,1.5,41.0,35.0,30.0,7.18,7.18,중형,6000.0,2026-07-03,배송완료,2026-07-03 14:57:00,방문접수,2026-07-02 18:16:00,2026-07-03,1.5,41,7.2
1100002427,2026-05-06 17:24:00,11,서울지점,C0102186A,이성서,박호자,010-6411-6665,대전,중구 은행동,일반,화장품·미용,스킨케어세트,2.8,27.0,30.0,12.0,1.62,2.8,소형,4000.0,2026-05-07,배송완료,2026-05-07 13:22:00,방문접수,2026-05-06 17:24:00,2026-05-07,2.8,27,2.8
1100001533,2026-07-29 15:02:00,11,서울지점,CAD196612,이시빈,김영미,010-4114-6972,울산,울주군 범서읍,일반,도서·문구,필기구세트,10.9,33.0,27.0,28.0,4.16,10.9,중형,6000.0,2026-07-30,배송완료,2026-07-31 11:51:00,인터넷접수,2026-07-29 15:02:00,2026-07-30,10.9,33,10.9
3100002251,2026-07-06 15:19:00,31,진주지점,C176F1945,이하경,김지현,010-9066-2152,서울,은평구 응암동,일반,의류·패션,원피스,0.5,33.0,24.0,12.0,1.58,1.58,소형,4000.0,2026-07-07,배송완료,2026-07-07 17:49:00,인터넷접수,07/06/2026 15:19,2026-07-07,0.5,33,1.6
1100001164,2026-06-19 10:58:00,11,서울지점,C7CA2678F,김하연,김승자,010-7554-8096,서울,강남구 역삼동,일반,생활용품,화장지,1.3,30.0,27.0,19.0,2.56,2.56,소형,4000.0,2026-06-22,배송완료,2026-06-23 17:40:00,온라인,2026-06-19 10:58:00,2026.06.22,1.3,30,2.6
2100002536,2026-07-09 09:18:00,21,대전지점,CFA476EC7,이현란,정호환(직접수령),010-7721-4882,경남,창원시 성산구,일반,의류·패션,청바지,1.4,38.0,38.0,12.0,2.89,2.89,중형,6000.0,2026-07-10,배송완료,2026-07-10 17:57:00,편의점접수,2026-07-09 9:18:00,2026-07-10,1.4,38,2.9
2100000155,2026-06-08 16:58:00,21,대전지점,CFDBA502C,윤채식,전민희,010-7897-9474,서울,마포구 서교동,일반,도서·문구,노트류,3.3,33.0,30.0,25.0,4.12,4.12,중형,6000.0,2026-06-09,배송완료,2026-06-09 17:07:00,편의점접수,2026-06-08 16:58:00,2026-06-09,3.3,33,4.1
4100001742,2026-05-01 17:31:00,41,울산지점,C2B31D6E9,김도환,김지희,010-3912-4469,경기,화성시 동탄,일반,식품,라면박스,6.1,31.0,27.0,12.0,1.67,6.1,중형,6000.0,2026-05-04,배송완료,2026-05-05 9:38:00,인터넷접수,2026-05-01 17:31:00,2026-05-04,6.1,31,6.1
1200002868,2026-07-27 17:17:00,12,용산지점,C1DBA5F61,박우철,김하연,,전남,여수시 학동,일반,전자·디지털,키보드,1.7,34.0,26.0,11.0,1.62,1.7,소형,4000.0,2026-07-28,배송실패,,인터넷접수,2026-07-27 17:17:00,2026-07-28,1.7,34,1.7
1100001525,2026-05-25 16:57:00,11,서울지점,C2B31D6E9,김도환,윤지원,010-5329-1885,광주,북구 운암동,일반,의류·패션,원피스,0.4,43.0,33.0,25.0,5.91,5.91,중형,6000.0,,배송완료,2026-05-26 17:40:00,방문접수,2026-05-25 16:57:00,,0.4,43,5.9
3100002422,2026-07-13 10:59:00,31,진주지점,C6047CAF5,안정철,김하우,010-8185-4322,광주,서구 치평동,일반,화장품·미용,헤어드라이어,0.3,31.0,19.0,14.0,1.37,1.37,소형,4000.0,,배송완료,2026-07-14 9:23:00,인터넷접수,2026-07-13 10:59:00,,0.3,31,1.4
1100002614,2026-07-17 15:08:00,11,서울지점,C16B8F7F7,김예서,윤규철,010-2643-6916,경기,화성시 동탄,일반,전자·디지털,키보드,1.3,25.0,22.0,9.0,0.82,1.3,극소형,3500.0,2026-07-20,반송,2026-07-20 20:45:00,인터넷접수,07/17/2026 15:08,2026-07-20,1.3,25,1.3
2100001584,2026-07-24 16:26:00,21,대전지점,CEDBD7B92,김도호,김현원,,경기,남양주시 다산동,일반,의류·패션,청바지,1.8,45.0,37.0,15.0,4.16,4.16,중형,6000.0,2026-07-27,배송완료,2026-07-27 16:25:00,방문접수,2026-07-24 16:26:00,2026-07-27,1.8,45,4.2
4100001999,2026-05-01 16:46:00,41,울산지점,CA83CA431,김채호,이주란,010-2128-6346,경기,성남시 분당구,일반,식품,김치통,10.5,21.0,20.0,14.0,0.98,10.5,중형,6000.0,2026-05-04,배송완료,2026-05-04 19:30:00,편의점접수,2026-05-01 16:46:00,2026-05-04,10.5,21,10.5
3100001662,2026-06-01 10:54:00,31,진주지점,CE861D47B,김규미,김승준,010-6065-7460,충남,서산시 동문동,일반,화장품·미용,냉동식품,3.0,23.0,30.0,26.0,2.99,3.0,소형,6000.0,2026-06-02,배송완료,2026-06-02 9:13:00,대리점,2026-06-01 10:54:00,2026-06-02,3,23,3
1100002484,2026-05-15 16:16:00,11,서울지점,CDE8C0221,이아미,서주현,010-6871-6140,대전,중구 은행동,일반,도서·문구,필기구세트,13.7,22.0,23.0,24.0,2.02,13.7,중형,6000.0,2026-05-18,배송완료,2026-05-18 12:22:00,편의점접수,2026-05-15 16:16:00,2026-05-18,13.7,22,13.7
4100001508,2026-07-09 12:58:00,41,울산지점,C7F7B293D,송도빈,김시연,010-3951-3255,제주,제주시 노형동,제주,생활용품,청소기필터,4.1,43.0,40.0,21.0,6.02,6.02,중형,9000.0,2026-07-13,배송완료,2026-07-13 11:30:00,편의점접수,2026-07-09 12:58:00,2026-07-13,4.1,43,6
3200001769,2026-05-18 18:25:00,32,거제지점,CACF601DA,이윤연,유주연,010-4732-4481,울산,북구 명촌동,일반,전자·디지털,공유기,1.8,34.0,21.0,11.0,1.31,1.8,소형,4000.0,2026-05-19,배송완료,,방문접수,2026-05-18 18:25:00,2026-05-19,1.8,34,1.8
1200002316,2026-05-11 19:04:00,12,용산지점,C6D934C35,송준진,강은영,010-3524-5854,경남,김해시 장유동,일반,식품,김,2.7,27.0,26.0,22.0,2.57,2.7,소형,4000.0,2026-05-12,배송완료,2026-05-12 11:32:00,편의점접수,2026-05-11 19:04:00,2026-05-12,2.7,27,2.7
1200000326,2026-05-05 15:28:00,12,용산지점,C345C37A8,김유준,황영경,010-6577-1966,서울,용산구 원효로1가,일반,의류·패션,패딩,1.9,42.0,37.0,13.0,3.37,3.37,중형,6000.0,2026-05-06,배송완료,2026-05-06 11:55:00,방문접수,2026-05-05 15:28:00,2026-05-06,1.9,42,3.4
3100001124,2026-06-24 16:35:00,31,진주지점,C5972ABFE,문정연,이호진,1049845959,충북,제천시 하소동,일반,생활용품,주방용품,5.1,44.0,39.0,32.0,9.15,9.15,중형,6000.0,2026-06-25,배송완료,2026-06-25 17:56:00,인터넷접수,2026-06-24 16:35:00,2026-06-25,5.1,44,9.2
1100000695,2026-05-04 11:38:00,11,서울지점,C8725C32F,김은빈,김진환,,부산,부산진구 부전동,일반,식품,포기김치,10.6,22.0,25.0,26.0,2.38,10.6,중형,6000.0,2026-05-05,배송완료,2026-05-05 19:08:00,편의점접수,2026-05-04 11:38:00,2026-05-05,10.6,22,10.6
2100002987,2026-07-09 18:31:00,21,대전지점,C3C1FD4DF,배은현,김아식,010-9025-6511,인천,서구 청라동,일반,의류·패션,가방,1.1,31.0,27.0,14.0,1.95,1.95,소형,4000.0,2026-07-10,배송완료,2026-07-10 9:32:00,대리점,2026-07-09 18:31:00,2026-07-10,1.1,31,2
1200000782,2026-06-10 17:23:00,12,용산지점,CFD3405C5,이윤율,박태미,010-5699-5156,경기,수원시 영통구,일반,의류·패션,가방,1.8,45.0,32.0,30.0,7.2,7.2,중형,6000.0,2026-06-11,반품,,인터넷접수,2026-06-10 17:23:00,2026-06-11,1.8,45cm,7.2
1100002962,2026-06-29 18:31:00,11,서울지점,C6EA13D24,김영진,한예란(직접수령),010-5518-6921,서울,용산구 한남동,일반,의류·패션,티셔츠,0.8,46.0,28.0,25.0,5.37,5.37,중형,6000.0,2026-06-30,배송완료,2026-07-02 15:04:00,편의점접수,2026-06-29 18:31:00,2026-06-30,0.8,46,5.4
2100002101,2026-05-20 16:49:00,21,대전지점,C8D719BED,이진율,정은현,010-7026-3781,대구,수성구 범어동,일반,전자·디지털,키보드,3.8,40.0,21.0,17.0,2.38,3.8,소형,4000.0,2026-05-21,배송완료,2026-05-21 10:47:00,인터넷접수,2026-05-20 16:49:00,2026-05-21,3.8,40,3.8
3200002870,2026-07-21 15:43:00,32,거제지점,CA6983046,윤아숙,박민환 님,010-3051-3090,경남,양산시 물금읍,일반,전자·디지털,모니터,4.1,37.0,32.0,17.0,3.35,4.1,중형,6000.0,2026-07-22,미배송,,인터넷접수,2026-07-21 15:43:00,2026-07-22,4.1,37,4.1
1100001952,2026-05-11 19:58:00,11,서울지점,C3599AA39,박채빈,최규현,010-9949-5845,서울,용산구 원효로1가,일반,의류·패션,가방,1.4,48.0,22.0,12.0,2.11,2.11,중형,6000.0,2026-05-12,배송완료,2026-05-12 18:20:00,인터넷접수,2026-05-11 19:58:00,2026-05-12,1.4,48,2.1
2100001375,2026-07-10 16:35:00,21,대전지점,C3A712848,최지환,김아식,,서울,용산구 이태원동,일반,반려동물,장난감,9.1,27.0,25.0,15.0,1.69,9.1,중형,6000.0,2026-07-13,배송완료,2026-07-14 12:15:00,편의점접수,2026-07-10 16:35:00,2026-07-13,9.1,27,9.1
3200000605,2026-07-01 15:49:00,32,거제지점,C2F9F0A2C,정우원,이연숙,010-6502-8085,경남,거제시 장승포동,일반,생활용품,빨래건조대,6.4,29.0,31.0,26.0,3.9,6.4,중형,6000.0,2026-07-02,배송완료,2026-07-05 11:36:00,편의점접수,2026-07-01 15:49:00,2026-07-02,6.4,29,6.4
1100000634,2026-05-31 13:46:00,11,서울지점,CED08E14B,신정빈,황채영,010-7381-4194,경기,고양시 일산동구,일반,화장품·미용,스킨케어세트,0.3,38.0,30.0,17.0,3.23,3.23,중형,6000.0,2026-06-01,배송완료,2026-06-03 14:04:00,대리점,2026-05-31 13:46:00,2026-06-01,0.3,38,3.2
4100001184,2026-07-08 13:33:00,41,울산지점,CE61BD650,김시연,한정우,010-9852-4278,전북,익산시 영등동,일반,전자·디지털,모니터,4.4,36.0,28.0,21.0,3.53,4.4,소형,6000.0,2026-07-09,미배송,,방문접수,2026-07-08 13:33:00,2026-07-09,4.4,36,4.4
2100002500,2026-07-13 10:28:00,21,대전지점,C9250C933,김시자,김승미 님,010-8683-2761,울산,남구 옥동,일반,생활용품,휴지 30롤,1.3,30.0,31.0,32.0,4.96,4.96,중형,6000.0,2026-07-14,배송완료,2026-07-14 13:21:00,방문접수,2026-07-13 10:28:00,2026-07-14,1.3,30,5
1100000072,2026-06-19 16:24:00,11,서울지점,C66F7516E,김하철,오채자,010-6353-7066,대전,중구 은행동,일반,식품,과일선물세트,10.4,23.0,28.0,23.0,2.47,10.4,중형,6000.0,2026-06-22,배송완료,2026-06-23 11:05:00,편의점접수,2026-06-19 16:24:00,2026-06-22,10.4,23,10.4
3200002937,2026-05-18 15:13:00,32,거제지점,CDD7C2889,고예란,정성자,010-6571-3693,경북,안동시 옥동,일반,화장품·미용,향수,0.9,39.0,23.0,24.0,3.59,3.59,중형,6000.0,2026-05-19,미배송,,편의점접수,2026-05-18 15:13:00,2026-05-19,0.9,39,3.6
1100001163,2026-06-24 17:26:00,11,서울지점,C6718C8AA,김수희,최현서,010-9751-1997,인천,부평구 부평동,일반,의류·패션,원피스,0.5,41.0,38.0,14.0,3.64,3.64,중형,6000.0,2026-06-25,배송완료,2026-06-26 19:38:00,편의점접수,06/24/2026 17:26,2026-06-25,0.5,41,3.6
3100001665,2026-05-09 13:27:00,31,진주지점,CB773279E,백은환,박정율,010-4107-3243,경남,양산시 물금읍,일반,의류·패션,가방,1.1,40.0,41.0,13.0,3.55,3.55,중형,6000.0,2026-05-11,배송완료,2026-05-13 10:30:00,편의점접수,2026-05-09 13:27:00,2026-05-11,1.1,40,3.6
3100001007,2026-07-04 17:33:00,31,진주지점,C3A5DFC1F,박채준,김지란(경비실),010-2040-3971,대전,동구 가양동,일반,전자·디지털,키보드,5.2,30.0,25.0,9.0,1.12,5.2,중형,6000.0,,배송완료,2026-07-06 10:09:00,편의점접수,2026-07-04 17:33:00,,5.2,30,5.2
1200001748,2026-05-25 12:24:00,12,용산지점,CDC33A9E5,신지아,박태준,010-7234-5000,울산,중구 성남동,일반,의류·패션,리튬배터리,0.7,28.0,24.0,23.0,2.58,2.58,소형,4000.0,2026-05-26,반품,2026-05-26 20:55:00,인터넷접수,2026-05-25 12:24:00,2026-05-26,0.7,28,2.6
1100001891,2026-05-11 15:07:00,11,서울지점,C83AAB126,박우준,조준미,010-3207-3205,울산,북구 명촌동,일반,식품,된장,7.6,22.0,20.0,25.0,1.83,7.6,중형,6000.0,2026-05-12,배송완료,2026-05-12 17:47:00,인터넷접수,2026-05-11 15:07:00,2026-05-12,7.6,22,7.6
1200000303,2026-07-30 13:12:00,12,용산지점,C900A25C2,이승호,김정희,1047669635,부산,부산진구 부전동,일반,의류·패션,코트,0.4,34.0,35.0,27.0,5.36,5.36,중형,6000.0,2026-07-31,배송완료,2026-07-31 14:18:00,편의점접수,2026-07-30 13:12:00,2026-07-31,0.4,34,5.4
1100001266,2026-06-11 18:33:00,11,서울지점,CA545F97A,강호철,조성식,1036239759,경기,남양주시 다산동,일반,의류·패션,운동화,2.0,30.0,38.0,14.0,2.66,2.66,중형,6000.0,2026-06-12,배송완료,2026-06-12 18:47:00,인터넷접수,2026-06-11 18:33:00,2026-06-12,2,30,2.7
3200000217,2026-06-28 19:43:00,32,거제지점,C4E9B5A8B,정재영,홍주연,010-4334-1013,인천,부평구 부평동,일반,의류·패션,가방,1.1,34.0,30.0,20.0,3.4,3.4,중형,6000.0,2026-06-29,배송완료,2026-07-02 12:45:00,인터넷접수,2026-06-28 19:43:00,2026-06-29,1.1,34,3.4
3100002171,2026-05-19 13:15:00,31,진주지점,CFEA5600F,박아서,정재서,010-5277-5055,부산,해운대구 우동,일반,화장품·미용,스킨케어세트,0.2,32.0,22.0,8.0,0.94,0.94,소형,4000.0,2026-05-20,배송완료,2026-05-20 13:07:00,인터넷접수,2026-05-19 13:15:00,2026-05-20,0.2,32,0.9
1100002605,2026-05-11 18:34:00,11,서울지점,CAFD0554A,한나율,류수미,010-2095-8860,경기,수원시 영통구,일반,식품,된장,6.1,22.0,21.0,23.0,1.77,6.1,중형,6000.0,2026-05-12,배송완료,2026-05-12 19:31:00,편의점접수,2026-05-11 18:34:00,2026-05-12,6.1,22,6.1
1100001558,2026-06-08 19:20:00,11,서울지점,C2ADAC784,이수호,김하빈,010-2307-9801,서울,송파구 잠실동,일반,식품,된장,11.2,37.0,29.0,26.0,4.65,11.2,중형,6000.0,2026-06-09,배송완료,2026-06-09 17:09:00,인터넷접수,2026-06-08 19:20:00,2026-06-09,11.2kg,37,11.2
1200001945,2026-06-13 16:21:00,12,용산지점,CF50E1363,김규란,유진진,010-5948-5466,울산,북구 명촌동,일반,가구·침구,베개,2.5,69.0,51.0,26.0,15.25,15.25,대형,9000.0,2026-06-15,배송완료,2026-06-15 20:22:00,인터넷접수,2026-06-13 16:21:00,2026-06-15,2.5,69,2.5
4100000788,2026-06-29 12:15:00,41,울산지점,C7BB0BF21,이채영,이주진,010-4510-2754,서울,용산구 한남동,일반,식품,김,5.6,21.0,29.0,13.0,1.32,5.6,중형,6000.0,2026-06-30,배송완료,2026-06-30 19:42:00,편의점접수,06/29/2026 12:15,2026-06-30,5.6,21,5.6
3100000383,2026-06-12 10:22:00,31,진주지점,CFF22484C,김현희,박성서,010-3661-1404,서울,용산구 이태원동,일반,의류·패션,운동화(박스포함),1.7,29.0,28.0,17.0,2.3,2.3,소형,4000.0,2026-06-15,배송완료,2026-06-15 12:42:00,편의점접수,2026-06-12 10:22:00,2026-06-15,1.7,29,2.3
1200000109,2026-06-10 12:23:00,12,용산지점,C289F79D5,이승식,김주서,1039878545,울산,북구 명촌동,일반,생활용품,주방용품,5.0,45.0,23.0,18.0,3.1,5.0,중형,6000.0,2026-06-11,배송완료,2026-06-11 14:37:00,온라인,2026-06-10 12:23:00,2026-06-11,5,45,5
1200001985,2026-07-21 16:42:00,12,용산지점,C86E203C1,김예경,이수현,,전남,순천시 조례동,일반,식품,김,7.5,31.0,23.0,17.0,2.02,7.5,중형,6000.0,2026-07-22,배송완료,2026-07-22 9:06:00,방문접수,2026-07-21 16:42:00,2026-07-22,7.5,31,7.5
1100001782,2026-06-21 18:54:00,11,서울지점,C0098BE95,신하현,박진숙,010 5842 6846,광주,서구 치평동,일반,전자·디지털,태블릿케이스,3.7,21.0,30.0,18.0,1.89,3.7,소형,4000.0,2026-06-22,배송완료,2026-06-22 15:58:00,인터넷접수,2026-06-21 18:54:00,2026-06-22,3.7,21,3.7
1100001923,2026-06-10 17:51:00,11,서울지점,C2D2B7552,강연식,이시율,010-4510-1244,대전,중구 은행동,일반,반려동물,강아지옷,6.3,23.0,15.0,17.0,0.98,6.3,중형,6000.0,2026-06-11,배송실패,,편의점접수,2026-06-10 17:51:00,2026-06-11,6.3,23,6.3
3100002270,2026-05-05 10:21:00,31,진주지점,C4F6299D8,이현호,김태영,1060575144,경기,고양시 일산동구,일반,의류·패션,패딩,1.0,42.0,41.0,19.0,5.45,5.45,중형,6000.0,2026-05-06,배송완료,2026-05-07 15:37:00,편의점접수,2026-05-05 10:21:00,2026-05-06,1,42,5.5
1100000921,2026-07-03 15:08:00,11,서울지점,CCAA84C29,김서숙,고규율,010-3116-3199,경남,진주시 초전동,일반,의류·패션,운동화,1.6,49.0,33.0,26.0,7.01,7.01,중형,6000.0,2026-07-06,배송완료,2026-07-07 16:31:00,인터넷접수,2026-07-03 15:08:00,2026-07-06,1.6,49,7
2100001537,2026-07-23 13:24:00,21,대전지점,C4734EB05,이도식,이진우,010-7097-2542,서울,송파구 잠실동,일반,화장품·미용,스킨케어세트,1.1,19.0,24.0,25.0,1.9,1.9,소형,4000.0,2026-07-24,배송완료,,방문접수,2026-07-23 13:24:00,2026-07-24,1.1,19,1.9
1200000524,2026-07-22 12:17:00,12,용산지점,C5B860255,김윤원,김민환,010-6841-4544,경북,경주시 황성동,일반,생활용품,빨래건조대,2.9,39.0,37.0,24.0,5.77,5.77,중형,6000.0,2026-07-23,배송완료,2026-07-23 11:22:00,방문접수,2026-07-22 12:17:00,2026-07-23,2.9,39,5.8
1100002030,2026-05-11 18:41:00,11,서울지점,CB1A6081F,황현미,이우영,010-5339-4880,서울,강남구 역삼동,일반,화장품·미용,헤어드라이어,1.0,21.0,15.0,8.0,0.42,1.0,극소형,3500.0,2026-05-12,배송완료,2026-05-12 14:42:00,편의점접수,2026-05-11 18:41:00,2026/05/12,1,21,1
1100001444,2026-06-10 11:32:00,11,서울지점,C8F1F2A23,김현철,조규호,010-5354-9637,광주,북구 운암동,일반,가구·침구,커튼,1.5,40.0,33.0,25.0,5.5,5.5,중형,6000.0,2026-06-11,배송완료,2026-06-11 14:46:00,방문접수,2026-06-10 11:32:00,2026-06-11,1.5,40,5.5
2100002327,2026-05-06 15:27:00,21,대전지점,CC7E3147B,허나서,이규현,010-5811-1497,서울,용산구 한남동,일반,생활용품,수납함,2.8,44.0,30.0,19.0,4.18,4.18,중형,6000.0,2026-05-07,배송완료,,인터넷접수,2026-05-06 15:27:00,2026-05-07,2.8,44,4.2
3100000516,2026-05-12 18:38:00,31,진주지점,C798125B0,박현식,이유우,010-4408-5463,울산,동구 방어동,일반,도서·문구,노트 10권,3.3,31.0,23.0,13.0,1.54,3.3,소형,4000.0,2026-05-13,배송완료,2026-05-13 14:46:00,인터넷접수,2026-05-12 18:38:00,2026-05-13,3.3,31,3.3
4100002603,2026-07-28 16:21:00,41,울산지점,C352CA506,박연준,한준현,010-9677-1521,울산,남구 삼산동,일반,전자·디지털,이어폰,1.6,36.0,18.0,20.0,2.16,2.16,소형,4000.0,2026-07-29,반품,2026-07-29 18:17:00,편의점접수,2026-07-28 16:21:00,2026-07-29,1.6,36,2.2
4100002654,2026-05-04 16:13:00,41,울산지점,CDC33A9E5,신지아,윤호미,102856734,대구,북구 침산동,일반,화장품·미용,스킨케어세트,0.9,19.0,17.0,24.0,1.29,1.29,극소형,3500.0,2026-05-05,배송완료,2026-05-05 16:28:00,방문접수,2026.05.04 16시13분,2026-05-05,0.9,19,1.3
4100000076,2026-07-10 13:33:00,41,울산지점,C43051BA0,안민빈,권태환,010-5807-4833,강원,속초시 조양동,일반,전자·디지털,모니터,1.9,34.0,27.0,18.0,2.75,2.75,소형,4000.0,2026-07-13,배송완료,2026-07-14 15:06:00,인터넷접수,2026-07-10 13:33:00,2026-07-13,1.9,34,2.8
1100000028,2026-07-24 17:34:00,11,서울지점,CA35D4A51,임주식,윤하아,010 9394 9294,전남,순천시 조례동,일반,의류·패션,모자,2.2,29.0,26.0,31.0,3.9,3.9,중형,6000.0,2026-07-27,배송완료,2026-07-28 13:15:00,인터넷접수,2026-07-24 17:34:00,2026-07-27,2.2,29,3.9
2100000799,2026-05-05 16:54:00,21,대전지점,C123B5421,안준희,김지원,010-2314-5391,경기,남양주시 다산동,일반,의류·패션,패딩,0.5,29.0,32.0,17.0,2.63,2.63,소형,4000.0,2026-05-06,배송완료,2026-05-08 16:25:00,편의점접수,2026.05.05 16시54분,2026-05-06,0.5,29,2.6
1100001880,2026-07-15 16:20:00,11,서울지점,CAB394272,김서경,이현연,010-7593-2248,광주,북구 운암동,일반,생활용품,휴지,1.1,34.0,22.0,12.0,1.5,1.5,소형,4000.0,2026-07-16,배송완료,2026-07-16 14:35:00,대리점,2026-07-15 16:20:00,2026-07-16,1.1,34,1.5
2100000816,2026-05-06 12:53:00,21,대전지점,C5B094211,이서우,정서서,010-9740-1835,충남,아산시 배방읍,일반,전자·디지털,태블릿케이스,1.6,37.0,27.0,12.0,2.0,2.0,소형,4000.0,2026-05-07,배송완료,2026-05-07 20:14:00,편의점접수,2026-05-06 12:53:00,2026-05-07,1.6,37,2
3100002942,2026-05-11 14:23:00,31,진주지점,C138F59F8,김연란,이수란,010-2292-5326,울산,남구 삼산동,일반,도서·문구,노트 10권,8.7,22.0,16.0,15.0,0.88,8.7,중형,6000.0,2026-05-12,배송완료,2026-05-12 11:58:00,,2026-05-11 14:23:00,2026-05-12,8.7,22,8.7
1100002658,2026-06-26 15:40:00,11,서울지점,C5C1CD8D5,신우율,이진우,010-7650-4522,강원,춘천시 퇴계동,일반,전자·디지털,충전기,2.8,34.0,24.0,13.0,1.77,2.8,소형,4000.0,2026-06-29,배송완료,2026-06-29 19:46:00,인터넷접수,2026-06-26 15:40:00,2026-06-29,2.8,34,2.8
1100002159,2026-07-13 14:57:00,11,서울지점,CA2A6ED3C,김아율,남지율,010-8992-1709,경기,수원시 영통구,일반,식품,라면박스,1.4,38.0,30.0,17.0,3.23,3.23,중형,6000.0,2026-07-14,미배송,,대리점,2026-07-13 14:57:00,2026-07-14,1.4,38,3.2
4100002045,2026-07-14 09:19:00,41,울산지점,C8FD2B166,박유연,김우란,010-6555-3752,대전,대덕구 송촌동,일반,생활용품,빨래건조대,0.6,34.0,38.0,21.0,4.52,4.52,중형,6000.0,2026-07-15,미 배송,,인터넷접수,2026-07-14 9:19:00,2026-07-15,0.6,34,4.5
3200001602,2026-05-15 15:37:00,32,거제지점,CBA9A739D,이도율,김민희,010-4975-5296,울산,남구 옥동,일반,식품,건어물,5.7,33.0,17.0,20.0,1.87,5.7,중형,6000.0,2026-05-18,배송완료,2026-05-23 13:10:00,편의점접수,2026-05-15 15:37:00,2026-05-18,5.7,33,5.7
3100000783,2026-07-08 17:09:00,31,진주지점,C994FF3A3,박은원,이승진,010-9861-8463,서울,용산구 한남동,일반,가구·침구,이 불,1.2,59.0,34.0,36.0,12.04,12.04,대형,9000.0,2026-07-09,배송완료,2026-07-09 17:18:00,인터넷접수,2026-07-08 17:09:00,2026-07-09,1.2,59,12
2100002922,2026-06-15 09:45:00,21,대전지점,C67291611,홍태식,박주우,,대전,동구 가양동,일반,의류·패션,코트,2.0,30.0,29.0,27.0,3.92,3.92,중형,6000.0,2026-06-16,배송완료,2026-06-16 13:30:00,인터넷접수,2026/06/15 9:45,2026-06-16,2,30,3.9
4100000178,2026-05-08 16:03:00,41,울산지점,CA73F964E,최호우,박영빈,,서울,용산구 이태원동,일반,식품,과일선물세트,10.1,38.0,19.0,25.0,3.01,10.1,중형,6000.0,2026-05-11,배송완료,2026-05-11 14:02:00,대리점,2026-05-08 16:03:00,2026-05-11,10.1,38,10.1
2100000185,2026-07-24 17:16:00,21,대전지점,CCF31E316,김아빈,조우빈,010-2409-7710,대전,유성구 봉명동,일반,의류·패션,청바지,1.7,35.0,29.0,21.0,3.55,3.55,중형,6000.0,2026-07-27,미배송,,방문접수,2026-07-24 17:16:00,2026-07-27,1.7,35,3.6
4100001251,2026-07-28 15:06:00,41,울산지점,C3EC54740,윤시란,김지란,010-4547-1227,광주,광산구 수완동,일반,의류·패션,티셔츠,1.3,48.0,31.0,26.0,6.45,6.45,중형,6000.0,2026-07-29,배송완료,2026-07-30 18:25:00,편의점접수,2026-07-28 15:06:00,2026-07-29,1.3,48,6.4
3100002237,2026-05-08 14:47:00,31,진주지점,C7480FE74,강태희,김연숙,010-2189-2153,충북,청주시 흥덕구,일반,의류·패션,원피스,,48.0,39.0,24.0,7.49,7.49,중형,6000.0,2026-05-11,미배송,,방문접수,2026-05-08 14:47:00,2026-05-11,0,48,7.5
4100002497,2026-06-23 19:03:00,41,울산지점,CD04BAB63,오민진,권호철,010-2936-6961,대전,서구 둔산동,일반,반려동물,장난감,9.9,28.0,29.0,24.0,3.25,9.9,중형,6000.0,2026-06-24,배송완료,2026-06-24 17:23:00,인터넷접수,2026-06-23 19:03:00,2026-06-24,9.9,28,9.9
1100001158,2026-05-07 17:25:00,11,서울지점,C09C98BF7,김도준,김연영,010-5192-8963,광주,북구 운암동,일반,의류·패션,원피스,2.2,37.0,26.0,23.0,3.69,3.69,중형,6000.0,2026-05-08,배송완료,2026-05-08 15:41:00,인터넷접수,2026-05-07 17:25:00,2026-05-08,2.2,37,3.7
3100000919,2026-06-30 13:32:00,31,진주지점,C1461BD7E,최승율,김윤우,1091273750,충북,제천시 하소동,일반,도서·문구,노트류,13.7,34.0,17.0,24.0,2.31,13.7,중형,6000.0,2026-07-01,배송완료,2026-07-01 10:06:00,인터넷접수,2026-06-30 13:32:00,2026-07-01,13.7,34,13.7
1100002637,2026-06-23 15:03:00,11,서울지점,CD3EA7566,김정아,김규경,010-3099-3878,강원,강릉시 교동,일반,도서·문구,노트 10권,4.8,33.0,19.0,26.0,2.72,4.8,소형,9000.0,2026-06-24,반품,,인터넷접수,2026-06-23 15:03:00,2026-06-24,4.8,33,4.8
1100001017,2026-07-22 11:07:00,11,서울지점,C6913CDFA,이준란,최아원,010-5297-7099,경기,수원시 영통구,일반,생활용품,빨래건조대,1.2,39.0,23.0,17.0,2.54,2.54,소형,4000.0,2026-07-23,배송완료,2026-07-24 14:07:00,인터넷접수,2026-07-22 11:07:00,2026-07-23,1.2,39,2.5
4100000891,2026-08-05 15:56:00,41,울산지점,CEB61B278,오승준,송채철,010-9572-4722,서울,용산구 이태원동,일반,의류·패션,운동화,2.2,35.0,29.0,13.0,2.2,2.2,소형,4000.0,2026-08-06,배송중,,인터넷,2026-08-05 15:56:00,2026-08-06,2.2,35,2.2
3200001096,2026-05-19 15:07:00,32,거제지점,CE84AAE20,박채철,이호미,010-7567-4751,대구,북구 침산동,일반,의류·패션,티셔츠,0.6,35.0,23.0,15.0,2.01,2.01,소형,6000.0,2026-05-20,미배송,,인터넷접수,2026-05-19 15:07:00,2026-05-20,0.6,35,2
1200001653,2026-06-04 13:36:00,12,용산지점,CDD7C2889,고예란,류주호,010-7862-2906,대구,북구 침산동,일반,식품,라면박스,10.3,37.0,24.0,25.0,3.7,10.3,중형,6000.0,2026-06-05,배송완료,2026-06-12 19:17:00,방문접수,2026-06-04 13:36:00,2026-06-05,10.3,37,10.3
2100000138,2026-06-15 15:11:00,21,대전지점,C798C1B23,김재란,류우현,1087673448,전북,익산시 영등동,일반,전자·디지털,키보드,2.6,29.0,26.0,19.0,2.39,2.6,소형,4000.0,2026-06-16,회수,2026-06-17 14:30:00,방문접수,2026-06-15 15:11:00,2026-06-16,2.6,29,2.6
1200002625,2026-05-23 13:22:00,12,용산지점,C3E699135,조규경,이진아,010 2556 3125,경기,용인시 기흥구,일반,의류·패션,운동화,2.3,37.0,37.0,13.0,2.97,2.97,중형,6000.0,2026-05-25,배송완료,2026-05-26 11:27:00,인터넷접수,2026-05-23 13:22:00,2026-05-25,2.3,37,3
4100002408,2026-05-11 11:53:00,41,울산지점,CB87DB5FA,류시영,이성환 님,010-2081-7811,충북,제천시 하소동,일반,의류·패션,티셔츠,1.1,33.0,30.0,26.0,4.29,4.29,중형,6000.0,2026-05-12,배송완료,2026-05-13 16:28:00,온라인,2026-05-11 11:53:00,2026-05-12,1.1,33,4.3
2100002777,2026-07-15 10:31:00,21,대전지점,C46DA4720,김호우,이예철,010-2114-3838,서울,노원구 상계동,일반,의류·패션,신발,2.4,28.0,31.0,16.0,2.31,2.4,소형,4000.0,2026-07-16,배송완료,2026-07-16 10:12:00,방문접수,2026-07-15 10:31:00,2026-07-16,2.4,28,2.4
1200001103,2026-05-07 12:29:00,12,용산지점,CE224381A,송수준,황영아,010-2914-8128,서울,용산구 원효로1가,일반,가구·침구,러그,5.7,63.0,31.0,44.0,14.32,14.32,대형,9000.0,2026-05-08,배송완료,2026-05-08 19:06:00,편의점접수,2026-05-07 12:29:00,2026-05-08,5.7,63,14.3
1100002994,2026-05-27 09:41:00,11,서울지점,CB8D87E83,허시서,정채경,010-9236-1947,서울,용산구 원효로1가,일반,도서·문구,노트,13.1,21.0,19.0,22.0,1.46,13.1,중형,6000.0,2026-05-28,배송완료,2026-05-28 9:19:00,편의점접수,2026-05-27 9:41:00,2026-05-28,13.1,21,13.1
1100002143,2026-05-18 16:27:00,11,서울지점,C589FA874,장재희,오윤숙,,경기,수원시 영통구,일반,의류·패션,티셔츠 2장,0.9,46.0,30.0,,,0.9,중형,6000.0,2026-05-19,배송완료,2026-05-19 15:08:00,편의점접수,2026-05-18 16:27:00,2026-05-19,0.9,46,2.8
4100001934,2026-07-31 10:54:00,41,울산지점,CD89D702A,김나식,문정숙,010-3150-5055,경남,거제시 옥포동,일반,식품,김,11.9,28.0,18.0,16.0,1.34,11.9,중형,6000.0,2026-08-03,미 배송,,편의점접수,2026-07-31 10:54:00,2026-08-03,11.9,28,11.9
3200001084,2026-06-18 15:18:00,32,거제지점,C995150A2,김아우,김규율,010-3461-3386,충남,당진시 수청동,일반,식품,백미,1.9,24.0,19.0,18.0,1.37,1.9,소형,4000.0,2026-06-19,배송완료,2026-06-19 17:31:00,편의점접수,2026-06-18 15:18:00,2026-06-19,1.9,24,1.9
3100000559,2026-07-27 14:38:00,31,진주지점,C49D88620,오민란,임수원,010-5687-3054,충북,제천시 하소동,일반,가구·침구,쿠션,3.4,57.0,45.0,43.0,18.38,18.38,대형,9000.0,2026-07-28,미 배송,,인터넷접수,2026-07-27 14:38:00,2026-07-28,3.4,57,18.4
4100001842,2026-05-18 14:55:00,41,울산지점,C903558B3,강서희,김영식,1062355183,경남,거제시 장승포동,일반,생활용품,주방용품,1.9,37.0,37.0,26.0,5.93,5.93,중형,6000.0,2026-05-19,미 배송,,인터넷접수,2026-05-18 14:55:00,2026-05-19,1.9,37,5.9
1100001523,2026-07-24 14:42:00,11,서울지점,C6FC49349,조유환,전시자,010-6079-8208,대전,서구 둔산동,일반,생활용품,청소기필터,0.7,33.0,31.0,31.0,5.29,5.29,중형,6000.0,2026-07-27,배송완료,2026-07-27 18:12:00,인터넷접수,2026-07-24 14:42:00,2026-07-27,0.7,33,5.3
1100000456,2026-07-31 09:19:00,11,서울지점,CDA73C743,정우아,서호빈,010-6442-3052,도서산간,추자도 대서리,도서산간,식품,김 치,8.3,27.0,23.0,17.0,1.76,8.3,중형,11000.0,2026-08-05,배송완료,2026-08-05 17:48:00,편의점접수,2026-07-31 9:19:00,2026-08-05,8.3,27,8.3
1100002097,2026-05-07 15:36:00,11,서울지점,C7B5CA9BD,박성서,정은빈,010-6871-2798,부산,해운대구 우동,일반,전자·디지털,태블릿케이스,5.3,20.0,28.0,12.0,1.12,5.3,중형,6000.0,2026-05-08,배송완료,2026-05-08 20:40:00,대리점,2026/05/07 15:36,2026-05-08,5.3,20,5.3
1100000280,2026-07-22 18:19:00,11,서울지점,CB019A195,정서영,문아숙,010-9812-2533,인천,부평구 부평동,일반,전자·디지털,키보드,5.4,21.0,20.0,23.0,1.61,5.4,중형,6000.0,2026-07-23,배송완료,2026-07-24 11:36:00,인터넷접수,2026-07-22 18:19:00,2026-07-23,5.4,21,5.4
1200002763,2026-06-24 11:50:00,12,용산지점,CCBFDCE8E,오진호,이주영 님,010-8581-5788,충남,서산시 동문동,일반,가구·침구,러그,5.9,59.0,48.0,41.0,19.35,19.35,대형,9000.0,2026-06-25,배송완료,2026-06-25 14:22:00,인터넷접수,2026-06-24 11:50:00,2026-06-25,5.9,59,5.9
4100001312,2026-07-02 12:17:00,41,울산지점,C88ADC6A4,박민미,김규호,1074566355,서울,마포구 서교동,일반,의류·패션,원피스,1.3,50.0,24.0,31.0,6.2,6.2,중형,6000.0,2026-07-03,배송완료,2026-07-03 11:27:00,편의점접수,2026-07-02 12:17:00,2026-07-03,1.3,50,6.2
3100001890,2026-07-15 18:08:00,31,진주지점,C798C1B23,김재란,송유연,010-2142-4075,서울,용산구 한남동,일반,식품,김 치,10.6,30.0,24.0,22.0,2.64,10.6,중형,6000.0,2026-07-16,배송완료,2026-07-20 12:01:00,방문접수,2026-07-15 18:08:00,2026-07-16,10.6,30,10.6
1200002882,2026-05-22 15:04:00,12,용산지점,C91AE5D79,안주원,장주철,010-9846-8797,경북,구미시 인동,일반,생활용품,빨래건조대,2.3,49.0,40.0,22.0,7.19,7.19,중형,6000.0,2026-05-25,배송완료,2026-05-25 14:10:00,편의점접수,2026-05-22 15:04:00,2026-05-25,2.3,49,7.2
1100002042,2026-05-29 15:09:00,11,서울지점,C238AC123,김승아,서민란,010-3981-4168,경남,거제시 옥포동,일반,도서·문구,책(중고),8.2,31.0,28.0,18.0,2.6,8.2,중형,6000.0,2026-06-01,배송완료,2026-06-01 18:01:00,인터넷,2026-05-29 15:09:00,2026-06-01,8.2,31,8.2
4100002577,2026-07-30 09:00:00,41,울산지점,CBC52CDCF,김윤우,김나희,1094275025,대구,북구 침산동,일반,전자·디지털,충전기,2.2,39.0,17.0,10.0,1.1,2.2,소형,4000.0,2026-07-31,배송완료,2026-08-03 12:30:00,편의점접수,2026-07-30 9:00:00,2026-07-31,2.2,39,2.2
2100000999,2026-06-08 12:33:00,21,대전지점,C55F6D57C,한예진,김나란,010-2982-6110,경기,용인시 기흥구,일반,생활용품,주방용품,1.0,31.0,36.0,23.0,4.28,4.28,중형,6000.0,2026-06-09,배송완료,2026-06-10 20:53:00,방문접수,2026-06-08 12:33:00,2026-06-09,1,31,4.3
2100000047,2026-06-08 09:15:00,21,대전지점,C6488CB8E,김현율,윤승영,010-4405-4739,경북,안동시 옥동,일반,화장품·미용,현금,1.5,25.0,19.0,22.0,1.74,1.74,소형,4000.0,2026-06-09,반품,2026-06-09 18:22:00,인터넷접수,2026-06-08 9:15:00,2026-06-09,1.5,25,1.7
4100001059,2026-07-24 14:59:00,41,울산지점,C17C09CC1,김호환,이예영,010-4008-3672,경북,안동시 옥동,일반,의류·패션,코트,0.9,34.0,33.0,18.0,3.37,3.37,중형,6000.0,2026-07-27,배송완료,2026-07-28 20:04:00,편의점접수,2026-07-24 14:59:00,2026-07-27,0.9,34,3.4
1100000358,2026-05-25 17:02:00,11,서울지점,C99E770A7,윤채아,김영자,107216869,서울,용산구 청파동,일반,전자·디지털,키보드,2.7,18.0,18.0,14.0,0.76,2.7,소형,4000.0,2026-05-26,배송완료,2026-05-26 19:49:00,방문접수,2026-05-25 17:02:00,2026-05-26,2.7,18,2.7
2100000371,2026-05-15 16:11:00,21,대전지점,C159E1D9E,최승호,권우서,1036933911,서울,송파구 잠실동,일반,전자·디지털,태블릿케이스,0.3,38.0,17.0,10.0,1.08,1.08,소형,4000.0,2026-05-18,배송완료,2026-05-18 9:07:00,대리점,2026-05-15 16:11:00,2026-05-18,0.3,38,1.1
3100000055,2026-07-29 10:57:00,31,진주지점,CE3B3DB06,류진아,김재현,010-7185-7547,경남,거제시 고현동,일반,화장품·미용,샴푸,2.0,34.0,32.0,13.0,2.36,2.36,소형,4000.0,2026-07-30,배송완료,2026-07-30 18:04:00,인터넷접수,2026-07-29 10:57:00,2026-07-30,2,34,2.4
1100002684,2026-07-07 16:35:00,11,서울지점,CA9B32B11,박나미,정나서,010-4538-4947,경기,성남시 분당구,일반,생활용품,세제,4.8,44.0,38.0,14.0,3.9,4.8,중형,6000.0,,배송완료,2026-07-15 9:52:00,편의점접수,2026-07-07 16:35:00,,4.8,44,4.8
1100000232,2026-07-22 15:17:00,11,서울지점,C68A782B0,한채경,최시서,010-9974-1478,부산,부산진구 부전동,일반,화장품·미용,향수,0.8,29.0,17.0,16.0,1.31,1.31,소형,4000.0,2026-07-23,배송완료,2026-07-27 15:00:00,인터넷접수,2026-07-22 15:17:00,2026-07-23,0.8,29,1.3
4100001690,2026-06-26 18:14:00,41,울산지점,C7D05220A,권태서,조시빈,1093332918,서울,용산구 후암동,일반,도서·문구,필기구세트,2.8,38.0,23.0,27.0,3.93,3.93,중형,6000.0,2026-06-29,배송완료,2026-06-29 18:29:00,편의점접수,2026-06-26 18:14:00,2026-06-29,2.8,38,3.9
2100000461,2026-07-31 15:19:00,21,대전지점,CF44CC97A,김태연,강시준,010-4494-8958,대전,서구 둔산동,일반,도서·문구,책(중고),4.5,37.0,18.0,21.0,2.33,4.5,소형,4000.0,2026-08-03,배송완료,,방문접수,2026-07-31 15:19:00,2026-08-03,4.5,37,4.5
4100002020,2026-08-03 15:17:00,41,울산지점,C628BCC57,윤윤호,정우준,010-6734-9583,서울,용산구 청파동,일반,식품,김치통,1.4,36.0,28.0,21.0,3.53,3.53,중형,6000.0,2026-08-04,배송완료,2026-08-04 15:42:00,인터넷접수,2026-08-03 15:17:00,2026-08-04,1.4,36,3.5
1100002082,2026-05-04 17:20:00,11,서울지점,C5829A5CC,이진숙,송하빈,010-8726-5808,대전,대덕구 송촌동,일반,의류·패션,청바지,1.1,31.0,31.0,24.0,3.84,3.84,중형,6000.0,2026-05-05,배송완료,2026-05-05 9:38:00,인터넷접수,2026-05-04 17:20:00,2026-05-05,1.1,31,3.8
1200000722,2026-08-03 10:34:00,12,용산지점,C74851D1E,박지연,홍서환,010-4584-2609,부산,동래구 온천동,일반,의류·패션,운동화(박스포함),2.1,29.0,24.0,22.0,2.55,2.55,소형,4000.0,2026-08-04,배송중,,편의점접수,26-08-03 10:34,2026-08-04,2.1,29,2.6
4100000529,2026-05-07 18:47:00,41,울산지점,CF60E3691,김시환,장현철,010-9263-1873,서울,용산구 청파동,일반,생활용품,수납함,5.5,48.0,35.0,17.0,4.76,5.5,중형,6000.0,2026-05-08,배송완료,2026-05-08 9:36:00,편의점접수,2026-05-07 18:47:00,2026-05-08,5.5,48,5.5
3200001806,2026-05-22 17:18:00,32,거제지점,C0CD12F52,조민서,이지빈,010-3930-7845,강원,원주시 무실동,일반,반려동물,고양이모래,,37.0,30.0,18.0,3.33,3.33,중형,6000.0,2026-05-25,배송완료,2026-05-27 18:43:00,편의점접수,2026-05-22 17:18:00,2026-05-25,-3,37,3.3
1200000830,2026-06-24 15:10:00,12,용산지점,C79AEE1B1,황아서,박영미,010-3103-4394,충북,충주시 연수동,일반,생활용품,주방용품,4.3,30.0,22.0,21.0,2.31,4.3,소형,4000.0,2026-06-25,배송완료,2026-06-25 12:19:00,방문접수,2026-06-24 15:10:00,2026-06-25,4.3,30,4.3
1100001143,2026-06-18 14:24:00,11,서울지점,C68A50B5D,서영자,권승진,010-4576-4019,대전,중구 은행동,일반,의류·패션,원피스,0.5,28.0,,17.0,,0.5,소형,4000.0,2026-06-19,배송완료,2026-06-19 13:51:00,방문접수,2026-06-18 14:24:00,2026-06-19,0.5,28,2.3
3100001625,2026-07-15 16:22:00,31,진주지점,CE02B551B,정예자,안은미,010-4240-7303,서울,용산구 한남동,일반,의류·패션,가방,0.4,48.0,22.0,25.0,4.4,4.4,중형,6000.0,2026-07-16,배송완료,2026-07-16 9:35:00,방문접수,2026-07-15 16:22:00,2026-07-16,0.4,48,4.4
2100002325,2026-07-28 14:18:00,21,대전지점,C7BDEEB1D,김수우,정현율,010-5386-9267,서울,마포구 서교동,일반,의류·패션,청바지,2.2,48.0,31.0,16.0,3.97,3.97,중형,6000.0,2026-07-29,배송완료,2026-07-31 18:09:00,방문접수,2026-07-28 14:18:00,2026-07-29,2.2,48,4
3200001706,2026-06-29 12:42:00,32,거제지점,C4FB89DC8,김주서,이아서,010-9635-9698,울산,중구 성남동,일반,도서·문구,다이어리,5.3,27.0,28.0,26.0,3.28,5.3,중형,6000.0,2026-06-30,미배달,,편의점접수,2026-06-29 12:42:00,2026-06-30,5.3,27,5.3
2100002892,2026-05-22 15:33:00,21,대전지점,CFEEC355D,오나우,김승원,010-6112-9282,경기,고양시 일산동구,일반,식품,쌀,10.5,27.0,28.0,14.0,1.76,10.5,중형,6000.0,2026-05-25,배송완료,2026-05-26 10:45:00,편의점접수,2026-05-22 15:33:00,2026-05-25,10.5,27,10.5
3100002502,2026-05-01 18:20:00,31,진주지점,C3F443572,이호서,박규진,010-4265-8656,경기,남양주시 다산동,일반,의류·패션,모자,0.8,30.0,24.0,32.0,3.84,3.84,중형,6000.0,2026-05-04,배송완료,2026-05-04 18:35:00,인터넷접수,2026.05.01 18시20분,2026-05-04,0.8,30,0.8
4100002156,2026-07-13 14:58:00,41,울산지점,C9C2CB3CB,이윤진,최은영,,경기,부천시 원미구,일반,식품,건어물,9.3,22.0,29.0,15.0,1.6,9.3,중형,6000.0,2026-07-14,배송완료,2026-07-15 14:56:00,대리점,2026-07-13 14:58:00,2026-07-14,9.3,22,9.3
2100002711,2026-07-29 11:39:00,21,대전지점,C7231C2B7,김민식,김태율,010-9675-7130,전북,익산시 영등동,일반,의류·패션,청바지,2.2,38.0,23.0,21.0,3.06,3.06,중형,6000.0,2026-07-30,배송완료,2026-07-30 11:18:00,방문접수,2026-07-29 11:39:00,2026-07-30,2.2,38,2.2
1100000583,2026-05-20 15:27:00,11,서울지점,CFC4D6EBF,윤예란,김하아,010-4288-1905,도서산간,추자도 대서리,도서산간,의류·패션,패딩,0.5,32.0,40.0,17.0,3.63,3.63,중형,11000.0,2026-05-25,배송완료,2026-05-25 14:38:00,편의점접수,2026-05-20 15:27:00,2026-05-25,0.5,32,3.6
4100000089,2026-07-13 13:14:00,41,울산지점,CBDBB1FCD,오서철,오주자,010-6164-4529,서울,용산구 이태원동,일반,의류·패션,모자,1.9,50.0,41.0,28.0,9.57,9.57,중형,6000.0,2026-07-14,배송완료,2026-07-15 14:35:00,편의점접수,2026-07-13 13:14:00,2026-07-14,1.9,50,9.6
1100000216,2026-07-02 17:25:00,11,서울지점,C8E505297,이나아,이승란,010-2699-1960,대전,서구 둔산동,일반,식품,된장,3.2,21.0,30.0,13.0,1.36,3.2,소형,4000.0,2026-07-03,배송완료,2026-07-03 9:19:00,방문접수,2026-07-02 17:25:00,2026-07-03,3.2,21,3.2
1200001353,2026-07-17 10:41:00,12,용산지점,C21A998D0,조현빈,류하빈,010-3287-6695,대전,서구 둔산동,일반,전자·디지털,모니터,0.7,20.0,15.0,22.0,1.1,1.1,극소형,3500.0,2026-07-20,배송완료,2026-07-20 18:41:00,인터넷접수,2026-07-17 10:41:00,2026-07-20,0.7,20,0.7
1100000317,2026-07-16 15:04:00,11,서울지점,C5A834CE1,이우우,류진환,010-5559-6737,대전,유성구 노은동,일반,식품,라면박스,5.1,27.0,15.0,23.0,1.55,5.1,중형,6000.0,2026-07-17,배송완료,2026-07-17 17:11:00,방문접수,2026-07-16 15:04:00,2026-07-17,5.1,27,5.1
1100001119,2026-05-17 10:41:00,11,서울지점,C857B8036,서성숙,김승환,010-4155-7981,제주,제주시 노형동,제주,식품,커피원두,1.1,29.0,19.0,19.0,1.74,1.74,소형,7000.0,2026-05-19,배송완료,2026-05-19 15:38:00,방문접수,2026-05-17 10:41:00,2026-05-19,1.1,29,1.7
1100000409,2026-06-17 14:41:00,11,서울지점,CEE9504EA,홍우식,이유연,010-5850-7229,부산,동래구 온천동,일반,의류·패션,코트,0.8,31.0,23.0,23.0,2.73,2.73,소형,4000.0,2026-06-18,배송완료,2026-06-19 18:46:00,대리점,2026-06-17 14:41:00,2026-06-18,0.8,31,2.7
1200002280,2026-05-04 14:20:00,12,용산지점,C93EEDA55,강지영,손도철,010-3817-2503,서울,용산구 청파동,일반,전자·디지털,모니터,5.9,39.0,30.0,10.0,1.95,5.9,중형,6000.0,2026-05-05,배송완료,2026-05-05 14:10:00,편의점접수,2026-05-04 14:20:00,2026-05-05,5.9,39,5.9
3100000452,2026-05-18 18:26:00,31,진주지점,CF949DB73,전성철,이서연,,부산,해운대구 우동,일반,반려동물,사료,7.8,37.0,26.0,11.0,1.76,7.8,중형,6000.0,2026-05-19,배송완료,2026-05-20 13:35:00,인터넷접수,2026-05-18 18:26:00,2026-05-19,7.8,37,7.8
4100001668,2026-07-26 16:05:00,41,울산지점,C2737A4C4,오현빈,조진식,010-9643-8446,서울,송파구 잠실동,일반,화장품·미용,헤어드라이어,0.5,23.0,15.0,19.0,1.09,1.09,극소형,3500.0,2026-07-27,배송완료,2026-07-27 19:16:00,대리점,2026-07-26 16:05:00,2026-07-27,0.5,23,1.1
4100002344,2026-05-08 16:58:00,41,울산지점,C5A9F6732,이성준,허아아,1088906545,서울,용산구 후암동,일반,도서·문구,도서,13.4,34.0,23.0,17.0,2.22,13.4,중형,6000.0,2026-05-11,배송완료,2026-05-11 10:13:00,편의점접수,2026-05-08 16:58:00,2026-05-11,13.4,34,13.4
1200000423,2026-07-13 17:09:00,12,용산지점,C1E27C84B,박영서,홍예철,010-4093-4374,광주,북구 운암동,일반,도서·문구,다이어리,10.6,31.0,23.0,14.0,1.66,10.6,중형,6000.0,2026-07-14,배송완료,2026-07-14 18:03:00,편의점접수,07/13/2026 17:09,2026-07-14,10.6,31,10.6
2100002271,2026-06-10 15:35:00,21,대전지점,CD8893C18,정진란,배은진,010 4971 2967,경남,김해시 장유동,일반,생활용품,수납함,5.1,34.0,42.0,14.0,3.33,5.1,중형,6000.0,2026-06-11,배송완료,2026-06-12 13:13:00,대리점,2026-06-10 15:35:00,2026-06-11,5.1,34,5.1
4100002542,2026-06-01 16:45:00,41,울산지점,CBA9BDEB1,김도환,김아서(직접수령),,경기,화성시 동탄,일반,식품,김,2.7,26.0,24.0,28.0,2.91,2.91,소형,4000.0,2026-06-02,배송완료,2026-06-02 11:32:00,인터넷접수,2026-06-01 16:45:00,2026-06-02,2.7,26,2.9
1200001664,2026-06-25 09:53:00,12,용산지점,C8F5970B9,김연현,김채미,010-7937-7573,서울,용산구 한남동,일반,의류·패션,청바지,1.1,47.0,25.0,32.0,6.27,6.27,중형,6000.0,2026-06-26,배송완료,2026-06-29 16:50:00,편의점접수,2026-06-25 9:53:00,2026.06.26,1.1,47,6.3
3100001757,2026-06-27 14:23:00,31,진주지점,CB79A58DC,이나빈,황승미,010-5023-5347,경남,진주시 평거동,일반,생활용품,빨래건조대,1.8,41.0,25.0,30.0,5.12,5.12,중형,6000.0,2026-06-29,배송완료,2026-06-29 9:43:00,편의점접수,2026-06-27 14:23:00,2026-06-29,1.8,41,1.8
4100000198,2026-05-06 14:00:00,41,울산지점,CF1C330AC,김승진,황도경,010-6833-2696,경기,고양시 일산동구,일반,화장품·미용,샴푸,2.3,30.0,19.0,12.0,1.14,2.3,소형,4000.0,2026-05-07,배송완료,2026-05-07 12:39:00,방문접수,2026-05-06 14:00:00,2026-05-07,2.3,30,2.3
1100002940,2026-07-09 16:33:00,11,서울지점,C6ADB3DE6,최성숙,권재란,010-4264-9256,대전,대덕구 송촌동,일반,의류·패션,청바지,0.9,49.0,33.0,20.0,5.39,5.39,중형,6000.0,2026-07-10,배송완료,2026-07-10 17:30:00,방문접수,2026-07-09 16:33:00,2026-07-10,0.9,49,5.4
2100002151,2026-05-27 14:00:00,21,대전지점,CED32B643,이준율,이서준,010-2158-2060,서울,강남구 역삼동,일반,생활용품,주방용품,2.1,35.0,40.0,18.0,4.2,4.2,중형,6000.0,2026-05-28,배송완료,2026-05-28 15:12:00,방문접수,2026-05-27 14:00:00,2026-05-28,2.1,35,4.2
4100001616,2026-05-30 09:25:00,41,울산지점,CC4DB7593,최윤란,강은미,010-4091-8799,서울,마포구 서교동,일반,식품,쌀,1.8,29.0,26.0,19.0,2.39,2.39,소형,7000.0,2026-06-01,배송완료,2026-06-01 11:00:00,인터넷접수,2026-05-30 9:25:00,2026-06-01,1.8,29,2.4
1100000806,2026-07-26 17:45:00,11,서울지점,C332F3188,오수환,김예연,,울산,중구 성남동,일반,화장품·미용,향수,3.0,39.0,,9.0,,3.0,소형,4000.0,2026-07-27,배송완료,2026-07-29 12:27:00,인터넷접수,2026-07-26 17:45:00,2026-07-27,3,39,3
1200001557,2026-07-31 11:23:00,12,용산지점,C417D0795,임나진,이호미,106215785,서울,용산구 한남동,일반,의류·패션,원피스,1.7,40.0,40.0,18.0,4.8,4.8,중형,6000.0,2026-08-03,배송완료,2026-08-03 16:53:00,대리점,2026-07-31 11:23:00,2026-08-03,1.7,40,4.8
1100001559,2026-06-01 10:02:00,11,서울지점,C00CF4F70,권하호,손성율,010-9851-3405,경남,거제시 고현동,일반,전자·디지털,키보드,4.1,38.0,18.0,9.0,1.03,4.1,소형,4000.0,,배송실패,,편의점접수,2026-06-01 10:02:00,,4.1,38,4.1
1100002656,2026-05-05 09:33:00,11,서울지점,C3CC62E32,김규희,한유환,010-4269-5032,서울,용산구 후암동,일반,식품,쌀(햅쌀),3.9,22.0,23.0,17.0,1.43,3.9,소형,1000.0,2026-05-06,배송완료,2026-05-06 12:14:00,대리점,2026-05-05 9:33:00,2026-05-06,3.9,22,3.9
2100002972,2026-05-22 14:56:00,21,대전지점,C563B5BAA,김승서,박윤서,010-9201-9266,인천,연수구 송도동,일반,식품,과일선물세트,7.6,32.0,24.0,21.0,2.69,7.6,중형,6000.0,2026-05-25,배송완료,2026-05-25 9:06:00,방문접수,2026-05-22 14:56:00,2026-05-25,7.6,32,7.6
1100000401,2026-05-08 15:16:00,11,서울지점,CB0346B29,김진준,이하경,010-3092-4528,부산,부산진구 부전동,일반,전자·디지털,충전기,5.2,26.0,27.0,22.0,2.57,5.2,중형,6000.0,2026-05-11,배송완료,2026-05-11 10:14:00,편의점접수,2026-05-08 15:16:00,2026-05-11,5.2,26,5.2
1100002013,2026-05-08 19:52:00,11,서울지점,CC883B238,이규미,윤주율,010-9107-2035,충남,천안시 서북구,일반,전자·디지털,공유기,4.9,33.0,20.0,23.0,2.53,4.9,소형,4000.0,2026-05-11,배송완료,2026-05-11 18:06:00,편의점접수,2026-05-08 19:52:00,2026-05-11,4.9,33,4.9
2100002558,2026-06-26 11:28:00,21,대전지점,C7796B324,김도현,김태철,1027056328,제주,제주시 연동,제주,전자·디지털,공유기,3.8,37.0,18.0,14.0,1.55,3.8,소형,7000.0,2026-06-30,배송완료,2026-06-30 15:25:00,방문접수,2026-06-26 11:28:00,2026-06-30,3.8,37,3.8
3200002314,2026-07-07 18:19:00,32,거제지점,C12D9F034,이정미,김예준,010-9281-9075,대구,북구 침산동,일반,의류·패션,모자,1.5,38.0,22.0,25.0,3.48,3.48,중형,6000.0,2026-07-08,배송완료,2026-07-12 17:03:00,인터넷,2026-07-07 18:19:00,2026-07-08,1.5,38,3.5
2100002397,2026-05-26 11:14:00,21,대전지점,C23EAC842,박진빈,오주아,010-6298-6229,경기,고양시 일산동구,일반,생활용품,화장지,0.6,45.0,31.0,17.0,3.95,3.95,중형,6000.0,2026-05-27,배송완료,2026-05-27 9:41:00,인터넷접수,2026-05-26 11:14:00,2026-05-27,0.6,45,4
2100001877,2026-07-12 13:40:00,21,대전지점,CE7462DF5,최준빈,이승숙,010-5174-7806,인천,부평구 부평동,일반,화장품·미용,샴푸,0.8,32.0,17.0,16.0,1.45,1.45,소형,4000.0,2026-07-13,배송완료,2026-07-13 14:15:00,인터넷접수,2026-07-12 13:40:00,2026-07-13,0.8,32,1.5
1100000980,2026-07-17 16:37:00,11,서울지점,C0A9D22DD,최호서,박현호,,서울,강남구 역삼동,일반,반려동물,강아지옷,5.0,28.0,16.0,8.0,0.6,5.0,소형,7000.0,,배송완료,2026-07-21 16:25:00,인터넷접수,2026-07-17 16:37:00,,5,28,5
1200001405,2026-06-18 12:07:00,12,용산지점,C1341BFE0,권진자,조현미,010-2508-4006,울산,남구 삼산동,일반,화장품·미용,스킨케어세트,0.4,37.0,22.0,9.0,1.22,1.22,소형,4000.0,,배송완료,2026-06-19 13:15:00,인터넷접수,2026-06-18 12:07:00,,0.4,37,1.2
3100002781,2026-05-05 12:25:00,31,진주지점,C22860011,임승율,김태준,1065924405,강원,속초시 조양동,일반,가구·침구,이 불,1.1,46.0,51.0,34.0,13.29,13.29,대형,9000.0,2026-05-06,배송완료,2026-05-06 14:41:00,인터넷접수,2026-05-05 12:25:00,2026-05-06,1.1,46,13.3
1200001453,2026-08-03 11:44:00,12,용산지점,CE7462DF5,최준빈,박진원,,대전,유성구 노은동,일반,생활용품,수납함,0.9,39.0,23.0,31.0,4.63,4.63,중형,6000.0,2026-08-04,배송완료,2026-08-04 15:59:00,방문접수,2026-08-03 11:44:00,2026-08-04,0.9,39,4.6
1100002199,2026-06-16 17:09:00,11,서울지점,CB11C79CA,김연희,박윤희,010-6602-6531,서울,용산구 이태원동,일반,식품,라면박스,8.8,31.0,27.0,21.0,2.93,8.8,중형,6000.0,2026-06-17,배송완료,2026-06-17 16:51:00,편의점접수,2026-06-16 17:09:00,2026-06-17,8.8,31,8.8
4100002793,2026-07-20 16:47:00,41,울산지점,CC64B3DCE,이정서,송규식,010-4569-9306,전북,전주시 덕진구,일반,식품,된장,11.9,20.0,15.0,27.0,1.35,11.9,중형,6000.0,2026-07-21,배송완료,2026-07-21 16:37:00,인터넷접수,2026-07-20 16:47:00,2026-07-21,11.9,20,11.9
1200001553,2026-07-27 13:23:00,12,용산지점,C7B674E9D,이지호,이시숙,010-4785-4870,서울,노원구 상계동,일반,생활용품,세탁세제,7.9,37.0,39.0,18.0,4.33,7.9,중형,6000.0,2026-07-28,배송완료,2026-07-28 19:29:00,편의점접수,2026-07-27 13:23:00,2026-07-28,7.9,37,7.9
2100001245,2026-06-08 14:10:00,21,대전지점,C5B860255,김윤원,김채희,,경기,남양주시 다산동,일반,생활용품,주방용품,0.7,47.0,28.0,18.0,3.95,3.95,중형,6000.0,2026-06-09,배송완료,2026-06-09 20:00:00,편의접수,2026-06-08 14:10:00,2026-06-09,0.7,47,3.9
1200000763,2026-06-19 16:24:00,12,용산지점,C3599AA39,박채빈,안아아,010-8078-9282,서울,노원구 상계동,일반,의류·패션,모자,2.5,39.0,29.0,14.0,2.64,2.64,중형,6000.0,2026-06-22,완료,2026-06-22 12:40:00,편의점접수,2026-06-19 16:24:00,2026-06-22,2.5,39,2.6
3100001540,2026-05-29 14:13:00,31,진주지점,C09E33777,안우숙,오연철,,울산,북구 명촌동,일반,전자·디지털,이어폰,0.9,26.0,27.0,15.0,1.76,1.76,소형,4000.0,2026-06-01,배송완료,2026-06-02 15:58:00,인터넷접수,2026-05-29 14:13:00,2026-06-01,0.9,26,1.8
2100001814,2026-05-18 19:40:00,21,대전지점,C798C1B23,김재란,황준서,010-6124-6076,대전,동구 가양동,일반,전자·디지털,모니터,3.7,37.0,16.0,10.0,0.99,3.7,소형,6000.0,2026-05-19,반품,2026-05-19 16:57:00,인터넷접수,2026-05-18 19:40:00,2026.05.19,3.7,37,3.7
1100002153,2026-05-22 17:04:00,11,서울지점,CA8DF611B,신재미,김하호,010-5810-8220,제주,서귀포시 중문동,제주,의류·패션,모자,1.9,38.0,33.0,17.0,3.55,3.55,중형,9000.0,2026-05-26,배송완료,2026-05-27 13:03:00,편의점접수,2026-05-22 17:04:00,2026-05-26,1.9,38,3.6
1100000803,2026-06-23 17:16:00,11,서울지점,CD8893C18,정진란,박준아,010-2619-7468,광주,서구 치평동,일반,도서·문구,노트,1.2,38.0,30.0,13.0,2.47,2.47,중형,6000.0,2026-06-24,배송완료,2026-06-24 13:27:00,방문접수,2026-06-23 17:16:00,2026-06-24,1.2,38,2.5
4100002483,2026-07-19 16:39:00,41,울산지점,CDA1A69CB,김태란,김연란,010-9619-9665,경남,거제시 고현동,일반,생활용품,세제(대용량),5.5,45.0,31.0,19.0,4.42,5.5,중형,6000.0,2026-07-20,배송완료,2026-07-21 9:30:00,대리점,2026-07-19 16:39:00,2026-07-20,5.5,45cm,5.5
1100001094,2026-05-04 17:18:00,11,서울지점,CBABD6710,김승숙,이채준,,경기,성남시 분당구,일반,도서·문구,문제집,5.5,35.0,29.0,18.0,3.04,5.5,중형,6000.0,2026-05-05,배송완료,2026-05-05 11:02:00,방문접수,2026-05-04 17:18:00,2026-05-05,5.5,35,5.5
1200000603,2026-05-19 16:19:00,12,용산지점,C2ED2A7C1,이지경,김서숙,010-3323-3204,울산,울주군 범서읍,일반,의류·패션,운동화,0.4,48.0,39.0,26.0,8.11,8.11,중형,6000.0,2026-05-20,배송완료,2026-05-20 19:20:00,편의점접수,2026-05-19 16:19:00,2026-05-20,0.4,48,8.1
3100000005,2026-06-30 17:19:00,31,진주지점,CAFE02E67,이승란,송예율,010 8503 7195,광주,서구 치평동,일반,생활용품,빨래건조대,0.9,28.0,40.0,21.0,3.92,3.92,중형,6000.0,2026-07-01,배송완료,,방문접수,2026-06-30 17:19:00,2026-07-01,0.9,28,3.9
1200000152,2026-08-02 16:53:00,12,용산지점,C5972ABFE,문정연,김서서,,광주,광산구 수완동,일반,생활용품,청소기필터,7.9,33.0,24.0,28.0,3.7,7.9,중형,6000.0,2026-08-03,배송완료,2026-08-03 10:24:00,방문접수,2026-08-02 16:53:00,2026-08-03,7.9,33cm,7.9
2100000141,2026-06-24 15:09:00,21,대전지점,C68858BB6,오승호,한예호,010-2952-9799,대전,대덕구 송촌동,일반,생활용품,청소기필터,1.7,49.0,42.0,15.0,5.14,5.14,중형,6000.0,2026-06-25,배송완료,2026-06-26 19:16:00,인터넷접수,2026-06-24 15:09:00,2026-06-25,1.7,49,5.1
1100001358,2026-06-22 17:15:00,11,서울지점,CE82292B7,김호진,장연빈,010-6315-1946,경기,부천시 원미구,일반,생활용품,청소기필터,4.6,42.0,35.0,24.0,5.88,5.88,중형,6000.0,2026-06-23,배송완료,2026-06-23 15:34:00,방문접수,2026-06-22 17:15:00,2026-06-23,4.6,42,5.9
2100002069,2026-05-04 18:52:00,21,대전지점,CD804CBEB,고은우,김윤희,010-9286-1602,경남,창원시 성산구,일반,생활용품,수납함,6.9,49.0,36.0,28.0,8.23,8.23,중형,6000.0,2026-05-05,배송완료,2026-05-07 11:49:00,인터넷접수,2026-05-04 18:52:00,2026-05-05,6.9,49,8.2
1200001528,2026-07-13 15:22:00,12,용산지점,CD39A2453,최성율,이현원,010-2333-7880,세종,새롬동,일반,식품,커피원두,8.9,23.0,27.0,18.0,1.86,8.9,중형,6000.0,2026-07-14,배송완료,2026-07-14 20:16:00,인터넷접수,07/13/2026 15:22,2026-07-14,8.9,23,8.9
4100001402,2026-07-09 12:54:00,41,울산지점,C96FB0E46,김하서,김태미,010-9967-5373,서울,강남구 역삼동,일반,전자·디지털,모니터,2.8,35.0,15.0,26.0,2.28,2.8,소형,4000.0,2026-07-10,배송완료,2026-07-10 13:42:00,인터넷접수,2026-07-09 12:54:00,2026-07-10,2.8,35,2.8
4100000531,2026-06-18 16:00:00,41,울산지점,CCEAB9A05,임나란,장하란,010-2951-3826,전북,전주시 덕진구,일반,의류·패션,청바지,0.5,46.0,24.0,24.0,4.42,4.42,중형,6000.0,2026-06-19,배송완료,2026-06-23 13:02:00,편의점접수,2026-06-18 16:00:00,2026-06-19,0.5,46,4.4
3100001581,2026-07-08 10:58:00,31,진주지점,C0DDDAC9D,송성서,이주현,010-5403-6292,세종,새롬동,일반,의류·패션,반팔티,1.7,47.0,38.0,12.0,3.57,3.57,중형,6000.0,2026-07-09,배송완료,2026-07-09 12:19:00,인터넷접수,2026-07-08 10:58:00,2026-07-09,1.7,47,3.6
2100001234,2026-05-26 15:25:00,21,대전지점,CDC72B87E,박은경,김유진,010-4851-7243,경기,화성시 동탄,일반,전자·디지털,충전기,4.4,27.0,21.0,12.0,1.13,4.4,소형,7000.0,2026-05-27,배송완료,2026-05-27 18:50:00,방문접수,2026-05-26 15:25:00,2026-05-27,4.4,27,4.4
2100002017,2026-07-17 11:50:00,21,대전지점,C964A71CD,김정호,박우연,010-4898-4994,경기,부천시 원미구,일반,식품,쌀,10.2,25.0,19.0,13.0,1.03,10.2,중형,6000.0,2026-07-20,배송완료,2026-07-22 15:08:00,편의점접수,2026-07-17 11:50:00,2026-07-20,10.2,25,10.2
2100002090,2026-05-28 09:58:00,21,대전지점,C9250B977,김현환,김윤준,010-4562-8985,충남,서산시 동문동,일반,의류·패션,청바지,0.7,45.0,29.0,13.0,2.83,2.83,중형,6000.0,2026-05-29,배송완료,2026-05-29 13:43:00,방문접수,2026-05-28 9:58:00,2026-05-29,0.7,45,2.8
4100001577,2026-06-08 11:42:00,41,울산지점,CD89A8AE3,이연호,김현우,010-3686-4054,울산,남구 삼산동,일반,식품,라면박스,3.1,27.0,17.0,19.0,1.45,3.1,소형,4000.0,2026-06-09,배송완료,2026-06-09 18:42:00,대리점,2026-06-08 11:42:00,2026-06-09,3.1,27,3.1
3100002002,2026-07-07 15:20:00,31,진주지점,CB34F6337,오아준,박유준(직접수령),010-6799-8959,서울,용산구 이태원동,일반,전자·디지털,태블릿케이스,3.8,40.0,30.0,25.0,5.0,5.0,중형,6000.0,2026-07-08,배송완료,2026-07-09 13:30:00,편의점접수,2026-07-07 15:20:00,2026-07-08,3.8,40,5
2100001740,2026-06-21 18:01:00,21,대전지점,CCF31E316,김아빈,이주아(경비실),010-3108-2883,경남,거제시 장승포동,일반,식품,과일선물세트,11.8,30.0,22.0,27.0,2.97,11.8,중형,6000.0,2026-06-22,배송완료,2026-06-22 16:47:00,방문접수,2026-06-21 18:01:00,2026-06-22,11.8,30,11.8
4100000142,2026-06-22 15:38:00,41,울산지점,C59B431E3,장우연,류호환,010-8223-4342,경남,거제시 고현동,일반,의류·패션,운동화,1.9,42.0,37.0,20.0,5.18,5.18,중형,6000.0,2026-06-23,배송완료,2026-06-23 14:49:00,편의점접수,2026-06-22 15:38:00,2026-06-23,1.9,42,5.2
3200000395,2026-06-10 18:37:00,32,거제지점,C6E85BF03,이호자,김진율,,도서산간,흑산도 예리,도서산간,의류·패션,코트,1.3,48.0,24.0,27.0,5.18,5.18,중형,11000.0,2026-06-15,배송완료,2026-06-15 10:41:00,편의점접수,2026-06-10 18:37:00,2026-06-15,1.3,48,5.2
1100002469,2026-06-03 15:14:00,11,서울지점,C04F94574,강재희,최수연,010-5393-1722,경남,거제시 옥포동,일반,도서·문구,필기구세트,5.5,22.0,19.0,27.0,1.88,5.5,중형,1000.0,2026-06-04,배송완료,2026-06-04 11:24:00,인터넷접수,2026-06-03 15:14:00,2026-06-04,5.5,22,5.5
2100000187,2026-05-27 16:42:00,21,대전지점,C6ADB3DE6,최성숙,이아아,010 5192 7911,서울,용산구 청파동,일반,식품,건어물,11.4,36.0,15.0,22.0,1.98,11.4,중형,6000.0,2026-05-28,배송완료,,편의점접수,2026-05-27 16:42:00,2026-05-28,11.4,36,11.4
2100000478,2026-06-02 16:07:00,21,대전지점,CFBAE3558,이서빈,이호식,010-8976-7268,경남,창원시 성산구,일반,화장품·미용,샴푸,1.9,34.0,31.0,25.0,4.39,4.39,중형,6000.0,2026-06-03,배송완료,2026-06-03 13:03:00,방문접수,2026-06-02 16:07:00,2026-06-03,1.9,34,4.4
1100001139,2026-05-24 11:14:00,11,서울지점,C159E1D9E,최승호,윤영란,010-7554-4144,경기,고양시 일산동구,일반,의류·패션,코트,2.0,45.0,39.0,27.0,7.9,7.9,중형,6000.0,2026-05-25,배송완료,2026-05-25 20:55:00,인터넷접수,2026-05-24 11:14:00,2026-05-25,2,45,7.9
4100000637,2026-07-31 12:26:00,41,울산지점,C58842701,박규자,김서숙,010-2685-1809,충북,제천시 하소동,일반,가구·침구,주류,4.8,66.0,33.0,43.0,15.61,15.61,대형,9000.0,2026-08-03,배송완료,2026-08-03 9:04:00,방문접수,2026-07-31 12:26:00,2026-08-03,4.8,66,15.6
4100001029,2026-06-29 15:18:00,41,울산지점,C67C917D7,신하경,허시미,1090667244,대구,북구 침산동,일반,생활용품,청소기필터,5.0,32.0,28.0,21.0,3.14,5.0,중형,6000.0,2026-06-30,배송완료,2026-06-30 20:52:00,편의점접수,2026-06-29 15:18:00,2026.06.30,5,32,5
3100001101,2026-05-18 15:57:00,31,진주지점,CCE84C22F,김성원,김승연,010-2307-8153,전북,전주시 덕진구,일반,생활용품,빨래건조대,1.0,36.0,32.0,23.0,4.42,4.42,중형,6000.0,2026-05-19,배송완료,2026-05-20 10:44:00,방문접수,2026-05-18 15:57:00,2026-05-19,1,36,4.4
3100001370,2026-06-16 13:26:00,31,진주지점,C6AFB8A38,이현연,한태호,010-5129-8882,대전,대덕구 송촌동,일반,생활용품,주방용품,2.9,44.0,40.0,18.0,5.28,5.28,중형,6000.0,2026-06-17,배송완료,,방문접수,2026-06-16 13:26:00,2026-06-17,2.9,44,5.3
3200002235,2026-05-19 14:04:00,32,거제지점,C06E52F57,권규영,전도빈,010-6526-9376,광주,서구 치평동,일반,생활용품,수납함,4.3,50.0,29.0,25.0,6.04,6.04,중형,6000.0,2026-05-20,배송완료,2026-05-23 18:43:00,방문접수,2026-05-19 14:04:00,2026-05-20,4.3,50,6
1200002110,2026-05-23 14:49:00,12,용산지점,C225788E5,최주숙,김규우,,서울,용산구 후암동,일반,생활용품,세제,1.4,47.0,29.0,23.0,5.22,5.22,중형,6000.0,2026-05-25,배송완료,2026-05-25 9:43:00,편의점접수,2026-05-23 14:49:00,2026-05-25,1.4,47,5.2
1100000254,2026-06-01 11:04:00,11,서울지점,CBB74D958,전은호,정주현,010-3997-2939,대전,대덕구 송촌동,일반,생활용품,빨래건조대,1.7,45.0,29.0,14.0,3.04,3.04,중형,6000.0,2026-06-02,배송완료,2026-06-02 13:57:00,편의점접수,2026-06-01 11:04:00,2026-06-02,1.7,45,3
2100000781,2026-06-25 14:20:00,21,대전지점,CCFDE1786,윤예아,김예빈,010-9190-2907,경남,김해시 장유동,일반,의류·패션,운동화(박스포함),1.0,39.0,28.0,14.0,2.55,2.55,중형,6000.0,2026-06-26,배송완료,2026-06-26 13:55:00,인터넷접수,2026-06-25 14:20:00,2026-06-26,1,39,1
3200000227,2026-05-22 17:32:00,32,거제지점,CC4C05DE8,김지호,최우아,010-8465-2243,경남,거제시 장승포동,일반,식품,김치통,1.8,36.0,27.0,20.0,3.24,3.24,중형,6000.0,2026-05-25,배송완료,2026-05-25 14:22:00,인터넷접수,2026-05-22 17:32:00,2026-05-25,1.8kg,36,3.2
2100001661,2026-05-21 16:21:00,21,대전지점,C8BA4B298,고태진,정하아,010-4765-2766,경기,성남시 분당구,일반,화장품·미용,샴푸,2.4,36.0,14.0,15.0,1.26,2.4,소형,4000.0,2026-05-22,배송완료,2026-05-22 9:32:00,편의점접수,2026-05-21 16:21:00,2026-05-22,2.4,36,2.4
3200001587,2026-07-14 16:05:00,32,거제지점,C589FA874,장재희,황준율,010-2356-7617,대전,동구 가양동,일반,화장품·미용,샴푸,1.7,30.0,31.0,25.0,3.88,3.88,중형,6000.0,2026-07-15,배송완료,2026-07-17 15:41:00,대리점,2026-07-14 16:05:00,2026-07-15,1.7,30,3.9
1200001155,2026-05-18 14:20:00,12,용산지점,CF136A60F,이성영,이정식,010-3901-6972,경남,김해시 장유동,일반,도서·문구,노트,7.2,35.0,30.0,20.0,3.5,7.2,중형,6000.0,2026-05-19,배송완료,2026-05-20 19:22:00,편의점접수,2026-05-18 14:20:00,2026-05-19,7.2,35,7.2
1200002284,2026-06-08 17:07:00,12,용산지점,CA84BCAE3,이유란,김영진,1067208053,대전,대덕구 송촌동,일반,의류·패션,코트,1.3,42.0,31.0,29.0,6.29,6.29,대형,6000.0,2026-06-09,배송완료,2026-06-10 16:58:00,인터넷접수,2026-06-08 17:07:00,2026-06-09,1.3,42,6.3
1100000332,2026-07-20 16:23:00,11,서울지점,CE46AE5DF,최아철,임규서,010-5379-9033,도서산간,백령도 진촌리,도서산간,전자·디지털,충전기,3.4,23.0,16.0,13.0,0.8,3.4,소형,9000.0,2026-07-23,배송완료,2026-07-23 17:59:00,대리점,2026-07-20 16:23:00,2026-07-23,3.4,23,3.4
3200002176,2026-06-22 18:54:00,32,거제지점,CB1A6081F,황현미,이윤아,010-7830-3430,경북,포항시 남구,일반,의류·패션,원피스,1.9,37.0,22.0,17.0,2.31,2.31,소형,4000.0,,배송완료,2026-06-23 12:14:00,방문접수,2026-06-22 18:54:00,,1.9,37,2.3
2100001215,2026-06-01 16:32:00,21,대전지점,C11BA7985,최하서,이민철(직접수령),010-4735-3208,충북,청주시 흥덕구,일반,반려동물,강아지옷,8.9,32.0,25.0,8.0,1.07,8.9,중형,6000.0,2026-06-02,배송완료,,편의점접수,2026-06-01 16:32:00,2026-06-02,8.9,32,8.9
2100001840,2026-07-27 17:46:00,21,대전지점,CA73F964E,최호우,정수영,010-7974-9883,대전,동구 가양동,일반,식품,건어물,5.5,22.0,22.0,19.0,1.53,5.5,중형,6000.0,2026-07-28,배송완료,2026-07-28 14:23:00,편의점접수,2026-07-27 17:46:00,2026-07-28,5.5,22,5.5
3100002056,2026-07-06 14:05:00,31,진주지점,C98B56FCC,문도원,이우아,,경남,거제시 고현동,일반,생활용품,화장지,7.9,40.0,29.0,28.0,5.41,7.9,중형,6000.0,2026-07-07,회수,,인터넷접수,26-07-06 14:05,2026-07-07,7.9,40,7.9
4100002323,2026-07-06 11:28:00,41,울산지점,CB5CEFCF9,강도미,유주식,010-3629-6080,서울,용산구 청파동,일반,도서·문구,책(중고),7.3,23.0,28.0,26.0,2.79,7.3,중형,6000.0,2026-07-07,배송완료,2026-07-07 19:06:00,편의점접수,2026-07-06 11:28:00,2026-07-07,7.3,23,7.3
4100001232,2026-05-05 15:16:00,41,울산지점,C2EA022E5,최성호,손유율,010-4276-5527,대전,대덕구 송촌동,일반,도서·문구,문제집,2.2,21.0,22.0,23.0,1.77,2.2,소형,4000.0,2026-05-06,배송완료,2026-05-06 9:48:00,인터넷접수,2026-05-05 15:16:00,2026-05-06,2.2,21,2.2
1100002075,2026-07-09 18:37:00,11,서울지점,C5611F9D6,최윤율,최나원,010-9254-4527,대구,달서구 상인동,일반,생활용품,화장지,4.6,44.0,25.0,28.0,5.13,5.13,중형,6000.0,2026-07-10,배송완료,2026-07-10 19:46:00,방문접수,2026-07-09 18:37:00,2026-07-10,4.6kg,44,5.1
3200002197,2026-07-17 10:57:00,32,거제지점,C616B1245,정진철,홍영숙,,인천,서구 청라동,일반,전자·디지털,태블릿케이스,1.7,29.0,31.0,26.0,3.9,3.9,중형,6000.0,2026-07-20,배송완료,2026-07-21 14:23:00,방문접수,2026-07-17 10:57:00,2026-07-20,1.7,29,3.9
2100001783,2026-07-23 14:54:00,21,대전지점,C719DACE7,정수철,이예경,010-9439-4464,대전,중구 은행동,일반,도서·문구,노트 10권,0.3,29.0,28.0,27.0,3.65,3.65,중형,6000.0,2026-07-24,배송완료,,방문접수,2026-07-23 14:54:00,2026-07-24,0.3,29,3.7
2100002104,2026-06-02 14:50:00,21,대전지점,C27E6A446,윤현미,박윤경,010-2085-8177,경북,구미시 인동,일반,의류·패션,모자,1.5,43.0,23.0,18.0,2.97,2.97,중형,6000.0,2026-06-03,배송완료,2026-06-04 11:13:00,인터넷접수,2026-06-02 14:50:00,2026-06-03,1.5,43,3
3100001185,2026-06-11 14:46:00,31,진주지점,C2CFD1F25,오수호,이준준,010-7468-6140,서울,용산구 청파동,일반,생활용품,빨래건조대,3.7,28.0,30.0,19.0,2.66,3.7,소형,4000.0,2026-06-12,반품,,편의점접수,2026-06-11 14:46:00,2026-06-12,3.7,28,3.7
4100002709,2026-06-03 16:30:00,41,울산지점,C0EEEBDB2,이태아,서현율,010-6325-9170,서울,노원구 상계동,일반,식품,라면박스,10.5,27.0,25.0,12.0,1.35,10.5,중형,6000.0,2026-06-04,배송완료,2026-06-04 14:13:00,방문,2026-06-03 16:30:00,2026-06-04,10.5,27,10.5
1200000350,2026-08-03 11:49:00,12,용산지점,CE7462DF5,최준빈,장예아,,경남,진주시 초전동,일반,화장품·미용,향수,0.3,19.0,31.0,15.0,1.47,1.47,소형,4000.0,2026-08-04,배송완료,2026-08-11 17:16:00,인터넷접수,2026-08-03 11:49:00,2026-08-04,0.3,19,1.5
1100000253,2026-06-23 11:51:00,11,서울지점,C7652ECDD,임시철,이은율,010-6047-4728,부산,동래구 온천동,일반,전자·디지털,공유기,5.9,32.0,20.0,16.0,1.71,5.9,중형,6000.0,2026-06-24,반품,2026-06-25 19:17:00,인터넷접수,06/23/2026 11:51,2026-06-24,5.9,32,5.9
2100002943,2026-07-10 18:52:00,21,대전지점,C8ECBE8E5,최하아,류윤식,010-6918-7042,대구,수성구 범어동,일반,생활용품,청소기필터,1.9,38.0,27.0,30.0,5.13,5.13,중형,6000.0,2026-07-13,배송완료,2026-07-13 16:12:00,방문접수,2026-07-10 18:52:00,2026-07-13,1.9,38,5.1
1100002278,2026-05-26 16:33:00,11,서울지점,C32C3F080,손시자,권정빈,010-5270-1328,부산,사하구 하단동,일반,식품,쌀(햅쌀),2.5,37.0,22.0,22.0,2.98,2.98,중형,6000.0,2026-05-27,배송완료,2026-05-27 9:02:00,방문접수,2026-05-26 16:33:00,2026-05-27,2.5,37,3
2100001542,2026-07-20 14:10:00,21,대전지점,C21A998D0,조현빈,김태준,010-3449-2007,서울,용산구 청파동,일반,전자·디지털,충전기,2.2,28.0,28.0,23.0,3.01,3.01,소형,4000.0,2026-07-21,반품,2026-07-22 14:17:00,인터넷접수,2026-07-20 14:10:00,2026-07-21,2.2,28,3
1200001127,2026-05-07 19:29:00,12,용산지점,CD4B003D8,최정진,안채환,010-9400-6523,울산,중구 성남동,일반,생활용품,주방용품,2.8,39.0,25.0,18.0,2.92,2.92,중형,6000.0,2026-05-08,배송완료,2026-05-08 12:44:00,편의점접수,2026-05-07 19:29:00,2026-05-08,2.8,39,2.9
1100001407,2026-06-17 15:21:00,11,서울지점,CD0C9CCE0,정규미,김현율,010-4043-9401,대전,유성구 봉명동,일반,생활용품,세제(대용량),6.5,49.0,41.0,14.0,4.69,6.5,중형,6000.0,2026-06-18,배송완료,2026-06-18 11:01:00,방문접수,2026-06-17 15:21:00,2026-06-18,6.5,49,6.5
1200000865,2026-05-26 11:52:00,12,용산지점,C0DDDAC9D,송성서,김승진,010-3320-1520,전북,전주시 덕진구,일반,도서·문구,필기구세트,2.8,36.0,18.0,17.0,1.84,2.8,소형,4000.0,2026-05-27,배송완료,2026-05-27 18:10:00,편의점접수,2026-05-26 11:52:00,2026-05-27,2.8,36,2.8
2100001722,2026-06-17 09:36:00,21,대전지점,C67C917D7,신하경,이채빈,010-5154-9463,강원,속초시 조양동,일반,도서·문구,책,8.1,34.0,28.0,24.0,3.81,8.1,중형,6000.0,2026-06-18,배송완료,2026-06-19 13:03:00,방문접수,2026-06-17 9:36:00,2026-06-18,8.1,34,8.1
1200000632,2026-05-02 16:55:00,12,용산지점,C40598D1C,송민빈,이시빈,010-3494-4474,경기,부천시 원미구,일반,도서·문구,책,1.2,29.0,18.0,24.0,2.09,2.09,소형,4000.0,2026-05-04,배송완료,2026-05-06 10:17:00,인터넷접수,2026-05-02 16:55:00,2026-05-04,1.2,29,2.1
3200000449,2026-05-19 19:20:00,32,거제지점,CCF31E316,김아빈,남수란,010-2641-1069,경기,성남시 분당구,일반,가구·침구,이불세트,3.1,58.0,50.0,45.0,21.75,21.75,대형,9000.0,2026-05-20,배송완료,2026-05-22 13:30:00,인터넷접수,2026-05-19 19:20:00,2026-05-20,3.1,58,21.8
2100000597,2026-05-19 16:58:00,21,대전지점,C64D69499,박예식,박정연,,인천,서구 청라동,일반,전자·디지털,태블릿케이스,2.5,40.0,32.0,18.0,3.84,3.84,중형,6000.0,2026-05-20,배송완료,2026-05-20 13:59:00,편의점접수,2026/05/19 16:58,2026-05-20,2.5,40,3.8
2100001593,2026-06-19 18:12:00,21,대전지점,CD39A2453,최성율,김재율,010-2847-1365,경기,부천시 원미구,일반,가구·침구,이불세트,1.4,43.0,48.0,35.0,12.04,12.04,대형,9000.0,2026-06-22,배송완료,2026-06-22 10:21:00,방문접수,2026-06-19 18:12:00,2026-06-22,1.4,43,12
1100002055,2026-06-11 11:26:00,11,서울지점,C2D352EB4,김도철,유정희,010-8502-7990,부산,해운대구 우동,일반,반려동물,고양이모래,3.7,37.0,14.0,17.0,1.47,3.7,소형,4000.0,2026-06-12,배송완료,2026-06-12 9:19:00,방문접수,2026-06-11 11:26:00,2026-06-12,3.7,37,3.7
3100001592,2026-05-14 10:16:00,31,진주지점,C3E78B8D5,김규호,오승환,010-5774-1379,서울,용산구 원효로1가,일반,생활용품,화장지,0.7,29.0,22.0,26.0,2.76,2.76,소형,4000.0,2026-05-15,배송완료,2026-05-18 9:30:00,인터넷접수,2026-05-14 10:16:00,2026-05-15,0.7,29,2.8
4100001845,2026-05-25 14:15:00,41,울산지점,CBB74D958,전은호,전윤준,010-7233-8576,부산,사하구 하단동,일반,전자·디지털,태블릿케이스,4.5,24.0,32.0,8.0,1.02,4.5,소형,4000.0,2026-05-26,배송완료,2026-05-26 18:35:00,인터넷접수,2026-05-25 14:15:00,2026-05-26,4.5,24,4.5
1100001940,2026-05-26 11:05:00,11,서울지점,CE41FED7D,김정영,황재숙,010-3081-1012,충남,당진시 수청동,일반,식품,김치,4.1,23.0,27.0,20.0,2.07,4.1,소형,4000.0,2026-05-27,배송완료,2026-05-27 16:01:00,인터넷접수,2026-05-26 11:05:00,2026-05-27,4.1,23,4.1
3100002963,2026-06-15 18:01:00,31,진주지점,C0CD97F99,박아숙,김아자,010-8418-1095,서울,용산구 원효로1가,일반,가구·침구,커튼,5.0,49.0,48.0,45.0,17.64,17.64,대형,9000.0,2026-06-16,배송완료,2026-06-17 12:58:00,방문접수,2026-06-15 18:01:00,2026-06-16,5,49,17.6
2100000132,2026-07-13 17:28:00,21,대전지점,C3D2F6C54,김민미,윤준우,010-5813-4143,경기,용인시 기흥구,일반,식품,건어물,7.0,25.0,22.0,28.0,2.57,7.0,중형,6000.0,2026-07-14,배송완료,2026-07-14 10:17:00,편의점접수,2026-07-13 17:28:00,2026-07-14,7,25,7
1100001959,2026-06-24 14:41:00,11,서울지점,C5BB22DCC,김유호,박윤숙,1061207547,경기,남양주시 다산동,일반,반려동물,강아지옷,5.0,21.0,30.0,23.0,2.42,5.0,소형,4000.0,2026-06-25,배송완료,2026-06-25 11:26:00,편의점접수,2026-06-24 14:41:00,2026-06-25,5,21,5
1100000895,2026-06-17 13:15:00,11,서울지점,C61E4B76A,박예빈,박나서,010-8897-4805,경남,거제시 장승포동,일반,의류·패션,코트,1.0,31.0,29.0,18.0,2.7,2.7,소형,4000.0,2026-06-18,배송완료,2026-06-18 17:35:00,편의점접수,2026-06-17 13:15:00,2026-06-18,1,31,2.7
1100001140,2026-05-01 12:33:00,11,서울지점,C798125B0,박현식,송은철,010-3948-2679,울산,남구 삼산동,일반,식품,쌀(햅쌀),5.5,33.0,24.0,17.0,2.24,5.5,중형,6000.0,2026-05-04,배송완료,2026-05-04 15:11:00,인터넷접수,2026-05-01 12:33:00,2026-05-04,5.5,33,5.5
2100000770,2026-05-25 12:28:00,21,대전지점,C6F3EC86B,전연아,조시철,010-2025-6959,광주,북구 운암동,일반,생활용품,청소기필터,7.7,32.0,37.0,19.0,3.75,7.7,중형,6000.0,2026-05-26,배송완료,2026-05-26 20:23:00,편의점접수,2026-05-25 12:28:00,2026-05-26,7.7,32,7.7
2100000108,2026-05-01 15:02:00,21,대전지점,C58842701,박규자,김현철,010-9219-8462,부산,사하구 하단동,일반,전자·디지털,태블릿케이스,3.1,22.0,28.0,18.0,1.85,3.1,소형,4000.0,2026-05-04,배송완료,,편의점접수,2026-05-01 15:02:00,2026-05-04,3.1,22,3.1
4100000840,2026-05-08 17:23:00,41,울산지점,C68EF7228,김연자,이호빈,010-5246-7062,부산,부산진구 부전동,일반,의류·패션,청바지,1.1,39.0,22.0,13.0,1.86,1.86,소형,4000.0,2026-05-11,배송완료,2026-05-12 11:00:00,방문접수,2026-05-08 17:23:00,2026-05-11,1.1,39,1.9
4100002785,2026-08-05 09:41:00,41,울산지점,CE216882D,박윤철,박태환,010-8912-5221,서울,은평구 응암동,일반,생활용품,청소기필터,5.0,41.0,27.0,29.0,5.35,5.35,중형,6000.0,2026-08-06,배달중,,방문접수,2026-08-05 9:41:00,2026-08-06,5,41,5.4
2100001144,2026-05-21 10:16:00,21,대전지점,CB02051C0,이진자,오예미 님,010 8864 9664,대구,수성구 범어동,일반,의류·패션,원피스,0.9,32.0,26.0,31.0,4.3,4.3,중형,6000.0,2026-05-22,배송완료,2026-05-25 11:07:00,방문접수,2026-05-21 10:16:00,2026-05-22,0.9,32,4.3
2100000742,2026-07-01 17:36:00,21,대전지점,CE02B551B,정예자,강연원,010-6385-9216,울산,북구 명촌동,일반,의류·패션,원피스,1.7,36.0,35.0,28.0,5.88,5.88,중형,6000.0,2026-07-02,배송완료,2026-07-03 11:58:00,인터넷,2026-07-01 17:36:00,2026-07-02,1.7,36,5.9
1200002054,2026-06-01 15:49:00,12,용산지점,CC46DEBA8,최유식,최태환(직접수령),010-4759-3323,대전,서구 둔산동,일반,도서·문구,필기구세트,9.2,24.0,29.0,19.0,2.2,9.2,중형,6000.0,2026-06-02,미배송,,대리점,2026-06-01 15:49:00,2026-06-02,9.2,24,9.2
3100001174,2026-06-29 17:21:00,31,진주지점,C76C0B8A6,김아경,장윤진,010-9886-8884,부산,부산진구 부전동,일반,생활용품,빨래건조대,2.5,37.0,26.0,27.0,4.33,4.33,중형,6000.0,2026-06-30,배송완료,2026-06-30 15:34:00,방문접수,2026-06-29 17:21:00,2026-06-30,2.5,37,4.3
1200002579,2026-07-17 15:49:00,12,용산지점,CB516F6AA,홍도자,김성희,010-3243-3403,경기,부천시 원미구,일반,생활용품,주방용품,4.4,36.0,35.0,14.0,2.94,4.4,중형,6000.0,2026-07-20,배송완료,2026-07-21 13:43:00,편의점접수,2026-07-17 15:49:00,2026-07-20,4.4,36,4.4
1100002753,2026-06-12 15:48:00,11,서울지점,C1CC93C66,박지아,이현영,,대전,동구 가양동,일반,의류·패션,청바지,0.7,42.0,25.0,22.0,3.85,3.85,중형,6000.0,2026-06-15,배송완료,2026-06-16 14:51:00,편의점접수,2026-06-12 15:48:00,2026/06/15,0.7,42,3.9
3100002040,2026-07-23 11:54:00,31,진주지점,C0838E327,조도아,신준미(직접수령),010-6880-3545,부산,사하구 하단동,일반,생활용품,휴지,6.4,44.0,33.0,12.0,2.9,6.4,중형,6000.0,2026-07-24,배송완료,2026-07-24 13:57:00,편의점접수,2026-07-23 11:54:00,2026-07-24,6.4,44,6.4
1100001910,2026-07-24 15:09:00,11,서울지점,C2C2A867F,박수호,류지호,010 6013 3980,세종,새롬동,일반,의류·패션,패딩,2.3,48.0,25.0,23.0,4.6,4.6,중형,6000.0,2026-07-27,배송완료,2026-07-28 12:10:00,편의점접수,2026-07-24 15:09:00,2026-07-27,2.3,48,4.6
1200002821,2026-05-25 18:10:00,12,용산지점,C406DC71C,이호우,신아환,010-8730-3697,대전,유성구 노은동,일반,식품,쌀,4.2,32.0,16.0,26.0,2.22,4.2,소형,4000.0,2026-05-26,배송완료,2026-05-26 14:41:00,인터넷접수,2026-05-25 18:10:00,2026-05-26,4.2,32,4.2
3200001157,2026-07-14 12:54:00,32,거제지점,CC4120877,김준빈,신재원,010-6030-6694,경남,진주시 충무공동,일반,생활용품,화장지,5.3,34.0,36.0,24.0,4.9,5.3,중형,6000.0,2026-07-15,배송완료,2026-07-17 20:08:00,인터넷접수,2026-07-14 12:54:00,2026-07-15,5.3,34,5.3
3100001795,2026-06-15 15:16:00,31,진주지점,CFA615E5A,이채식,이예연,010-6057-1966,전남,목포시 하당,일반,의류·패션,운동화(박스포함),0.5,44.0,41.0,25.0,7.52,7.52,중형,6000.0,2026-06-16,배송완료,2026-06-17 13:17:00,방문접수,2026-06-15 15:16:00,2026-06-16,0.5,44,7.5
1100001476,2026-07-08 17:58:00,11,서울지점,C3C46DE84,김은식,정성영(직접수령),010-6359-3879,경남,창원시 성산구,일반,생활용품,빨래건조대,0.8,31.0,40.0,19.0,3.93,3.93,중형,6000.0,2026-07-09,배송완료,2026-07-09 15:09:00,인터넷접수,2026-07-08 17:58:00,2026-07-09,0.8,31,3.9
3200002759,2026-05-04 11:46:00,32,거제지점,C34AC72D4,송윤빈,이유연,010-2012-7761,대구,수성구 범어동,일반,화장품·미용,헤어드라이어,2.1,36.0,23.0,24.0,3.31,3.31,중형,6000.0,2026-05-05,배송완료,2026-05-11 19:59:00,편의점접수,2026-05-04 11:46:00,2026-05-05,2.1,36,3.3
2100001226,2026-07-15 13:13:00,21,대전지점,CD5BB30DE,박지희,윤나자,010-2394-1773,충남,천안시 서북구,일반,식품,건어물,10.5,24.0,27.0,13.0,1.4,10.5,중형,6000.0,2026-07-16,배송완료,2026-07-16 12:38:00,편의점접수,2026-07-15 13:13:00,2026-07-16,10.5,24,10.5
1100001601,2026-05-11 10:58:00,11,서울지점,C788E0C28,이민자,김태율,010-2729-6644,경기,고양시 일산동구,일반,전자·디지털,키보드,2.2,27.0,25.0,10.0,1.12,2.2,소형,4000.0,2026-05-12,배송완료,,방문접수,2026-05-11 10:58:00,2026-05-12,2.2,27,2.2
1100001423,2026-05-28 13:39:00,11,서울지점,C94E969BF,김서영,황서호,010-8528-1988,인천,서구 청라동,일반,전자·디지털,모니터,2.0,23.0,17.0,19.0,1.24,2.0,극소형,3500.0,2026-05-29,배송완료,2026-05-29 12:24:00,방문접수,2026-05-28 13:39:00,2026-05-29,2,23,2
1200000577,2026-07-30 17:06:00,12,용산지점,C902C504C,이지진,김규환,010-9499-6669,서울,송파구 잠실동,일반,생활용품,현금,5.0,32.0,36.0,27.0,5.18,5.18,중형,6000.0,2026-07-31,반품,2026-08-04 18:35:00,편의점접수,2026-07-30 17:06:00,2026-07-31,5,32,5.2
2100000205,2026-05-11 17:24:00,21,대전지점,CE4906BBC,강규원,이현율,010 3076 5694,경기,용인시 기흥구,일반,식품,된장,2.3,34.0,24.0,17.0,2.31,2.31,소형,4000.0,2026-05-12,배송완료,2026-05-12 11:45:00,편의점접수,2026-05-11 17:24:00,2026-05-12,2.3,34,2.3
1100002129,2026-06-03 14:56:00,11,서울지점,C43051BA0,안민빈,김주서,010-8768-6918,경기,수원시 영통구,일반,의류·패션,운동화,0.9,36.0,37.0,18.0,4.0,4.0,중형,6000.0,2026-06-04,배송완료,2026-06-05 17:41:00,온라인,2026-06-03 14:56:00,2026-06-04,0.9,36,4
4100001738,2026-05-21 09:16:00,41,울산지점,C759E8CD2,이규란,박호준,010-9285-2388,서울,용산구 한남동,일반,가구·침구,침구/이불,2.2,68.0,32.0,25.0,9.07,9.07,대형,9000.0,2026-05-22,배송완료,2026-05-26 9:12:00,편의점접수,2026-05-21 9:16:00,2026-05-22,2.2,68,9.1
2100000729,2026-05-15 19:53:00,21,대전지점,C28ACF0B3,김성호,한호미,010-8528-1538,서울,용산구 원효로1가,일반,도서·문구,다이어리,12.0,24.0,24.0,21.0,2.02,12.0,중형,6000.0,2026-05-18,배송완료,2026-05-19 9:40:00,인터넷접수,2026-05-15 19:53:00,2026/05/18,12,24,12
1200001165,2026-05-12 16:02:00,12,용산지점,C404E1E82,김재환,한규란,1044438819,경남,진주시 초전동,일반,화장품·미용,샴푸,1.5,18.0,20.0,9.0,0.54,1.5,극소형,3500.0,2026-05-13,배송완료,2026-05-13 19:09:00,편의점접수,2026-05-12 16:02:00,2026-05-13,1.5,18,1.5
3100001924,2026-06-15 14:30:00,31,진주지점,C3C46DE84,김은식,송규경,1076356395,울산,남구 삼산동,일반,식품,김,6.9,31.0,22.0,17.0,1.93,6.9,대형,6000.0,2026-06-16,배송완료,2026-06-16 18:03:00,인터넷접수,2026-06-15 14:30:00,2026-06-16,6.9,31,6.9
2100002898,2026-07-08 14:57:00,21,대전지점,C7231C2B7,김민식,이진철,010-4574-9291,서울,노원구 상계동,일반,생활용품,휴지,2.6,33.0,41.0,12.0,2.71,2.71,중형,6000.0,2026-07-09,배송완료,2026-07-09 14:24:00,편의점접수,2026-07-08 14:57:00,2026-07-09,2.6,33,2.7
1100002815,2026-07-08 14:33:00,11,서울지점,C79C489A3,정도식,이호란,1021723258,서울,용산구 후암동,일반,도서·문구,노트류,10.7,38.0,26.0,17.0,2.8,10.7,중형,6000.0,2026-07-09,배송완료,2026-07-09 18:29:00,인터넷접수,2026-07-08 14:33:00,2026-07-09,10.7,38,10.7
2100001092,2026-06-24 16:35:00,21,대전지점,CCB11924B,김은원,김규우,010-7814-5375,경기,고양시 일산동구,일반,도서·문구,노트류,11.9,36.0,16.0,24.0,2.3,11.9,중형,6000.0,2026-06-25,배송완료,2026-06-25 20:07:00,대리점,2026-06-24 16:35:00,2026-06-25,11.9,36,11.9
4100000355,2026-06-30 11:30:00,41,울산지점,CA667E621,김민호,이우연(경비실),010-9443-4052,서울,강남구 역삼동,일반,의류·패션,티셔츠 2장,2.1,39.0,22.0,24.0,3.43,3.43,중형,6000.0,2026-07-01,배송완료,2026-07-02 18:33:00,편의점접수,2026-06-30 11:30:00,2026-07-01,2.1,39,3.4
4100000406,2026-05-03 15:57:00,41,울산지점,C50EF6546,송윤율,김아빈,010-6464-2088,세종,조치원읍,일반,식품,라면박스,6.6,36.0,26.0,12.0,1.87,6.6,중형,6000.0,2026-05-04,배송완료,2026-05-04 18:14:00,방문접수,2026-05-03 15:57:00,2026-05-04,6.6,36,6.6
1200001075,2026-07-30 12:59:00,12,용산지점,C3912C60F,강진희,임영미,010-3450-9486,전북,전주시 덕진구,일반,식품,건어물,6.2,36.0,17.0,28.0,2.86,6.2,중형,6000.0,2026-07-31,배송완료,2026-07-31 20:47:00,편의점접수,2026-07-30 12:59:00,2026-07-31,6.2,36,6.2
1100000118,2026-07-14 17:54:00,11,서울지점,C7F7B293D,송도빈,허주호,010-6882-8198,경남,진주시 충무공동,일반,생활용품,주방용품,1.4,41.0,25.0,21.0,3.59,3.59,중형,6000.0,2026-07-15,배송완료,2026-07-17 17:20:00,편의점접수,2026-07-14 17:54:00,2026-07-15,1.4,41,3.6
3100002593,2026-08-03 15:52:00,31,진주지점,C10E4B0D2,정준서,이시호,010-2033-2290,경남,거제시 고현동,일반,가구·침구,커튼,1.6,40.0,50.0,48.0,16.0,16.0,대형,9000.0,2026-08-04,미배송,,인터넷접수,2026-08-03 15:52:00,2026-08-04,1.6,40,1.6
2100000235,2026-08-05 15:50:00,21,대전지점,C2611FAFB,김규영,정성서,010-6006-7461,서울,용산구 이태원동,일반,생활용품,휴지,2.3,44.0,30.0,21.0,4.62,4.62,중형,6000.0,2026-08-06,간선상차,,인터넷접수,2026-08-05 15:50:00,2026-08-06,2.3,44,4.6
1100002935,2026-05-04 13:50:00,11,서울지점,CAF82F690,최윤식,조나자,010-8981-7843,울산,북구 명촌동,일반,의류·패션,현금,1.3,41.0,30.0,29.0,5.94,5.94,중형,6000.0,2026-05-05,배송완료,2026-05-06 13:29:00,편의점접수,2026-05-04 13:50:00,2026-05-05,1.3,41,5.9
1200002211,2026-05-04 17:57:00,12,용산지점,C154B624C,이예원,윤채서,010-5751-5745,경남,진주시 초전동,일반,가구·침구,이불 (겨울용),5.5,62.0,33.0,29.0,9.89,9.89,대형,9000.0,2026-05-05,배송완료,2026-05-05 17:19:00,인터넷접수,2026-05-04 17:57:00,2026-05-05,5.5,62,9.9
2100002538,2026-06-17 16:33:00,21,대전지점,C8D25A518,김우철,김진식,010-5419-3736,대전,서구 둔산동,일반,화장품·미용,향수,1.2,37.0,31.0,8.0,1.53,1.53,소형,4000.0,2026-06-18,배송완료,2026-06-19 11:29:00,인터넷접수,2026-06-17 16:33:00,2026-06-18,1.2,37,1.5
1200001334,2026-08-03 17:19:00,12,용산지점,C635C5927,김성연,최서원,010-9130-1320,서울,용산구 후암동,일반,도서·문구,노트,5.4,23.0,21.0,15.0,1.21,5.4,중형,6000.0,2026-08-04,배송완료,2026-08-04 10:36:00,인터넷접수,2026-08-03 17:19:00,2026-08-04,5.4,23,5.4
1100000243,2026-05-14 11:25:00,11,서울지점,C23EAC842,박진빈,강예아,010-2036-8810,전북,군산시 나운동,일반,생활용품,주방용품,1.6,49.0,41.0,18.0,6.03,6.03,중형,6000.0,2026-05-15,배송완료,2026-05-18 13:16:00,방문접수,2026-05-14 11:25:00,2026-05-15,1.6,49,6
1100001919,2026-05-25 12:14:00,11,서울지점,C53A22A8A,한시미,박성환,,서울,강남구 역삼동,일반,가구·침구,쿠션,2.4,46.0,48.0,37.0,13.62,13.62,대형,9000.0,2026-05-26,배송완료,2026-05-26 11:55:00,편의점접수,2026-05-25 12:14:00,2026-05-26,2.4,46,13.6
4100002800,2026-07-15 14:16:00,41,울산지점,C6D934C35,송준진,김정아,,대구,북구 침산동,일반,생활용품,세제,7.5,37.0,39.0,13.0,3.13,7.5,중형,6000.0,2026-07-16,미배송,,인터넷접수,2026-07-15 14:16:00,2026-07-16,7.5,37,7.5
1100000730,2026-06-08 14:27:00,11,서울지점,C3EC54740,윤시란,박진우,010-7664-9419,경기,부천시 원미구,일반,가구·침구,커튼,3.2,47.0,36.0,28.0,7.9,7.9,중형,6000.0,2026-06-09,배송완료,2026-06-09 20:11:00,방문접수,2026-06-08 14:27:00,2026-06-09,3.2,47,7.9
3200000661,2026-05-11 14:39:00,32,거제지점,C3BA0B53F,박규숙,김채경,1076175881,경남,거제시 장승포동,일반,식품,과일선물세트,9.6,32.0,18.0,27.0,2.59,9.6,중형,6000.0,2026-05-12,미배송,,인터넷접수,2026-05-11 14:39:00,2026-05-12,9.6,32,9.6
2100002688,2026-06-22 15:03:00,21,대전지점,CED4FC49C,김연빈,김승영,010-9397-4176,울산,남구 삼산동,일반,의류·패션,운동화,0.8,46.0,36.0,17.0,4.69,4.69,중형,6000.0,2026-06-23,배송완료,2026-06-23 18:20:00,편의점접수,2026-06-22 15:03:00,2026-06-23,0.8,46,4.7
3100001871,2026-07-16 15:47:00,31,진주지점,CF40EED8E,이서진,김민율,010-9706-5816,경남,진주시 평거동,일반,도서·문구,노트류,7.5,20.0,17.0,13.0,0.74,7.5,중형,6000.0,2026-07-17,배송완료,2026-07-17 13:18:00,편의점접수,2026-07-16 15:47:00,2026-07-17,7.5,20,7.5
1200000731,2026-05-13 13:35:00,12,용산지점,CA1509D71,정현숙,송시현,010-3526-1733,인천,남동구 구월동,일반,생활용품,수납함,1.4,35.0,42.0,26.0,6.37,6.37,중형,6000.0,2026-05-14,배송완료,2026-05-14 13:14:00,대리점,2026-05-13 13:35:00,2026-05-14,1.4,35,1.4
4100001125,2026-07-10 18:49:00,41,울산지점,CCEB9DFFC,양성빈,이하희,010-2459-6869,대전,유성구 노은동,일반,전자·디지털,이어폰,4.3,19.0,16.0,20.0,1.01,4.3,소형,4000.0,2026-07-13,배송완료,2026-07-13 17:35:00,인터넷접수,2026-07-10 18:49:00,2026-07-13,4.3,19,4.3
1100001288,2026-05-25 09:45:00,11,서울지점,C159F8C26,허민경,김유준,010-3899-3506,전북,군산시 나운동,일반,식품,건어물,7.1,21.0,25.0,17.0,1.49,7.1,중형,6000.0,2026-05-26,배송완료,2026-05-27 14:17:00,편의점접수,2026-05-25 9:45:00,2026-05-26,7.1,21,7.1
1200000356,2026-06-19 17:07:00,12,용산지점,C6B532B4D,김하란,배나철 님,1095005018,경남,진주시 초전동,일반,의류·패션,모자,1.7,31.0,32.0,17.0,2.81,2.81,소형,4000.0,2026-06-22,배송완료,2026-06-22 14:09:00,편의점접수,2026-06-19 17:07:00,2026-06-22,1.7,31,2.8
2100000792,2026-05-26 15:42:00,21,대전지점,C943AE633,이우미,김호연,010-6719-3801,대구,북구 침산동,일반,화장품·미용,스킨케어세트,2.3,37.0,27.0,12.0,2.0,2.3,소형,4000.0,2026-05-27,배송완료,2026-05-27 16:59:00,인터넷접수,2026-05-26 15:42:00,2026-05-27,2.3,37,2.3
1200001317,2026-06-01 12:19:00,12,용산지점,CDF0877C1,김은철,이우란,010-8876-5253,서울,송파구 잠실동,일반,의류·패션,코트,1.7,32.0,32.0,12.0,2.05,2.05,소형,4000.0,2026-06-02,배송완료,2026-06-02 16:36:00,인터넷접수,2026-06-01 12:19:00,2026-06-02,1.7,32,2
3200000431,2026-05-18 13:03:00,32,거제지점,C3438FF33,김유진,서우원,010-9912-9957,인천,연수구 송도동,일반,반려동물,장난감,1.1,26.0,19.0,8.0,0.66,1.1,극소형,3500.0,2026-05-19,배송완료,2026-05-23 13:41:00,편의점접수,2026-05-18 13:03:00,2026-05-19,1.1,26,1.1
1100001135,2026-06-18 15:12:00,11,서울지점,CAECFEA7D,류시현,류채아,010-9155-5410,서울,용산구 원효로1가,일반,전자·디지털,충전기,3.4,39.0,32.0,8.0,1.66,3.4,소형,4000.0,2026-06-19,배송완료,2026-06-19 10:30:00,편의점접수,2026-06-18 15:12:00,2026-06-19,3.4,39,3.4
3200001644,2026-05-12 15:42:00,32,거제지점,CB278F99A,최승희,송서숙,010-6538-1734,경북,안동시 옥동,일반,식품,포기김치,8.1,22.0,21.0,21.0,1.62,8.1,중형,6000.0,,배송실패,,인터넷접수,2026-05-12 15:42:00,,8.1,22,8.1
3100001281,2026-05-09 15:30:00,31,진주지점,C84154483,김윤우,안재우,010-8250-1659,인천,연수구 송도동,일반,생활용품,청소기필터,2.5,39.0,38.0,32.0,7.9,7.9,중형,6000.0,2026-05-11,배송완료,2026-05-11 11:32:00,방문접수,2026-05-09 15:30:00,2026-05-11,2.5,39,7.9
1100002031,2026-06-05 15:53:00,11,서울지점,CC089AF55,박수서,이준호,010-4168-8073,전남,여수시 학동,일반,의류·패션,모자,0.6,39.0,35.0,15.0,3.41,3.41,중형,6000.0,2026-06-08,배송완료,2026-06-08 19:59:00,방문접수,2026-06-05 15:53:00,2026-06-08,0.6,39,3.4
3100001894,2026-07-20 10:37:00,31,진주지점,CA5A2F4EB,한영영,서서숙,010-5319-6509,경남,양산시 물금읍,일반,화장품·미용,헤어드라이어,2.9,36.0,16.0,12.0,1.15,2.9,소형,4000.0,2026-07-21,배송완료,2026-07-21 10:08:00,인터넷접수,2026-07-20 10:37:00,2026-07-21,2.9,36,2.9
1100002438,2026-05-21 17:59:00,11,서울지점,C4FB89DC8,김주서,김은율,,경기,화성시 동탄,일반,의류·패션,패딩,0.4,39.0,39.0,26.0,6.59,6.59,중형,6000.0,2026-05-22,배송완료,2026-05-22 16:41:00,인터넷접수,2026-05-21 17:59:00,2026-05-22,0.4,39cm,0.4
2100000105,2026-08-03 18:58:00,21,대전지점,CF9F8EA0D,권우환,유영서,1098779581,서울,마포구 서교동,일반,생활용품,세제,2.7,28.0,29.0,15.0,2.03,2.7,소형,4000.0,2026-08-04,배달중,,인터넷접수,2026-08-03 18:58:00,2026-08-04,2.7,28,2.7
2100002919,2026-07-20 18:28:00,21,대전지점,C907B0685,김규연,서호우,,경남,거제시 옥포동,일반,의류·패션,티셔츠,0.7,29.0,39.0,13.0,2.45,2.45,중형,6000.0,2026-07-21,배송완료,2026-07-22 9:20:00,편의점접수,2026-07-20 18:28:00,2026.07.21,0.7,29,2.5
1100001752,2026-06-01 15:41:00,11,서울지점,C854432FE,김예빈,류호빈,010-9368-8105,서울,용산구 후암동,일반,식품,커피원두,10.6,26.0,29.0,23.0,2.89,10.6,중형,6000.0,2026-06-02,배송완료,2026-06-02 13:56:00,편의점접수,2026-06-01 15:41:00,2026-06-02,10.6,26,10.6
1200000712,2026-05-22 16:19:00,12,용산지점,CA667E621,김민호,서현호,010-2478-1529,인천,남동구 구월동,일반,의류·패션,원피스,1.2,41.0,,24.0,,1.2,중형,6000.0,2026-05-25,배송완료,2026-05-25 20:42:00,인터넷접수,2026-05-22 16:19:00,2026-05-25,1.2,41,4.1
1100001330,2026-05-13 19:26:00,11,서울지점,C756A8EC2,배태진,홍지원,010-8169-5910,서울,은평구 응암동,일반,의류·패션,모자,0.5,37.0,26.0,23.0,3.69,3.69,중형,6000.0,2026-05-14,배송완료,2026-05-14 19:39:00,대리점,2026-05-13 19:26:00,2026-05-14,0.5,37,3.7
3200000056,2026-05-05 14:20:00,32,거제지점,C7B38FAC5,이준준,황서호,010-6972-5487,서울,마포구 서교동,일반,식품,라면박스,2.7,30.0,23.0,26.0,2.99,2.99,소형,4000.0,2026-05-06,배송완료,2026-05-09 12:44:00,인터넷접수,2026-05-05 14:20:00,2026-05-06,2.7,30,3
4100001837,2026-07-15 15:02:00,41,울산지점,C010EBBF8,황호식,김승준,010-3142-2982,서울,마포구 서교동,일반,의류·패션,코트,1.8,30.0,41.0,24.0,4.92,4.92,중형,6000.0,2026-07-16,배송완료,2026-07-16 10:39:00,인터넷접수,2026-07-15 15:02:00,2026-07-16,1.8,30,4.9
1200001267,2026-07-16 17:22:00,12,용산지점,CFB582553,강하원,강태미,010-3916-4893,서울,마포구 서교동,일반,생활용품,빨래건조대,0.8,35.0,25.0,13.0,1.9,1.9,소형,4000.0,2026-07-17,배송완료,2026-07-17 14:42:00,편의점접수,2026-07-16 17:22:00,2026-07-17,0.8,35,1.9
1200001694,2026-05-25 10:32:00,12,용산지점,C5CB1FBF3,김진자,김현미,010-5098-5440,부산,해운대구 우동,일반,의류·패션,코트,0.7,30.0,37.0,27.0,5.0,5.0,중형,6000.0,2026-05-26,배송완료,2026-05-26 11:21:00,편의점접수,2026-05-25 10:32:00,2026-05-26,0.7,30,5
1100002584,2026-06-19 11:45:00,11,서울지점,CAD196612,이시빈,이도우,1044044794,강원,강릉시 교동,일반,의류·패션,티셔츠 2장,1.6,34.0,31.0,14.0,2.46,2.46,소형,4000.0,2026-06-22,배송완료,2026-06-22 18:54:00,편의점접수,2026-06-19 11:45:00,2026-06-22,1.6,34,2.5
3200000450,2026-06-01 16:21:00,32,거제지점,CC2A020A5,강민호,이준준,010-3276-6411,경기,수원시 영통구,일반,생활용품,빨래건조대,2.7,32.0,32.0,12.0,2.05,2.7,소형,4000.0,2026-06-02,미배송,,방문접수,2026-06-01 16:21:00,2026-06-02,2.7,32,2.7
1200001634,2026-07-03 16:18:00,12,용산지점,CA1509D71,정현숙,남성호,010-6738-7191,경기,용인시 기흥구,일반,식품,과일선물세트,10.0,38.0,22.0,26.0,3.62,10.0,중형,6000.0,2026-07-06,배송완료,2026-07-07 19:40:00,대리점,2026-07-03 16:18:00,2026-07-06,10,38,10
3200000300,2026-07-13 09:03:00,32,거제지점,CAB692E8B,이윤준,김승빈,010-9998-2053,광주,서구 치평동,일반,도서·문구,문제집,12.8,22.0,28.0,15.0,1.54,12.8,중형,6000.0,2026-07-14,배송완료,2026-07-19 18:17:00,편의점접수,2026-07-13 9:03:00,2026-07-14,12.8,22,12.8
2100002487,2026-05-08 14:45:00,21,대전지점,CF872F0CD,오진영,김호진,010-4478-7175,전남,여수시 학동,일반,식품,과일선물세트,8.0,35.0,25.0,15.0,2.19,8.0,중형,6000.0,2026-05-11,배송완료,2026-05-11 20:54:00,온라인,2026-05-08 14:45:00,2026-05-11,8,35,8
1200001595,2026-06-22 17:19:00,12,용산지점,CD89D702A,김나식,김규철,010-3864-5966,경기,용인시 기흥구,일반,생활용품,세탁세제,0.6,29.0,22.0,16.0,1.7,1.7,소형,4000.0,2026-06-23,배송완료,2026-06-24 13:29:00,편의접수,2026-06-22 17:19:00,2026-06-23,0.6,29,1.7
2100000030,2026-08-03 09:08:00,21,대전지점,C2A8F975A,전은아,한시철,010-2588-7903,경남,거제시 장승포동,일반,화장품·미용,향수,0.9,22.0,15.0,22.0,1.21,1.21,극소형,3500.0,2026-08-04,배송중,,편의점 접수,2026-08-03 9:08:00,2026-08-04,0.9,22,1.2
3100002713,2026-06-30 11:39:00,31,진주지점,CE102BD38,백진경,문태진,010-7629-3921,경남,진주시 초전동,일반,의류·패션,코트,2.2,36.0,33.0,22.0,4.36,4.36,중형,6000.0,2026-07-01,배송완료,2026-07-01 19:28:00,편의점접수,2026-06-30 11:39:00,2026-07-01,2.2,36,4.4
4100001870,2026-07-30 17:45:00,41,울산지점,C591B06F2,김호자,강아서,010-5093-4682,울산,북구 명촌동,일반,화장품·미용,향수,1.4,23.0,16.0,8.0,0.49,1.4,극소형,3500.0,2026-07-31,배송완료,2026-07-31 20:35:00,방문접수,2026-07-30 17:45:00,2026.07.31,1.4,23,1.4
1100002303,2026-07-06 15:46:00,11,서울지점,C854432FE,김예빈,송유연,1064277560,부산,동래구 온천동,일반,생활용품,수납함,0.7,41.0,36.0,28.0,6.89,6.89,중형,6000.0,2026-07-07,배송완료,2026-07-07 19:46:00,방문접수,2026-07-06 15:46:00,2026-07-07,0.7kg,41,6.9
1200001329,2026-05-17 17:27:00,12,용산지점,CE26A926B,이호진,김아자,010-3260-3530,서울,용산구 후암동,일반,전자·디지털,키보드,3.0,20.0,17.0,9.0,0.51,3.0,소형,4000.0,2026-05-18,배송완료,2026-05-18 13:35:00,편의점접수,2026-05-17 17:27:00,2026-05-18,3,20,3
1200001578,2026-06-19 13:19:00,12,용산지점,CC0FB2BC2,송현숙,안지현,104457420,경기,부천시 원미구,일반,의류·패션,코트,2.1,36.0,39.0,28.0,6.55,6.55,중형,6000.0,2026-06-22,배송완료,2026-06-22 15:22:00,인터넷접수,2026-06-19 13:19:00,2026-06-22,2.1,36,6.6
1100001401,2026-07-29 14:45:00,11,서울지점,C0D2983F8,조예희,김유영,010-7728-7390,서울,마포구 서교동,일반,도서·문구,다이어리,0.8,23.0,19.0,24.0,1.75,1.75,소형,4000.0,2026-07-30,배송완료,2026-07-30 16:18:00,방문접수,2026-07-29 14:45:00,2026-07-30,0.8,23,1.7
2100001944,2026-06-29 18:44:00,21,대전지점,CE3311432,전도우,이윤현,010-4697-6675,경기,용인시 기흥구,일반,전자·디지털,이어폰,1.8,26.0,30.0,23.0,2.99,2.99,소형,4000.0,2026-06-30,회수,,인터넷접수,2026-06-29 18:44:00,2026-06-30,1.8,26,3
3100002951,2026-07-17 10:23:00,31,진주지점,C88B4F715,권성원,권준진,010-8468-3633,서울,용산구 이태원동,일반,의류·패션,신발,2.4,35.0,27.0,12.0,1.89,2.4,소형,4000.0,2026-07-20,배송완료,2026-07-20 10:41:00,인터넷접수,2026-07-17 10:23:00,2026-07-20,2.4,35,2.4
1100000670,2026-08-02 13:35:00,11,서울지점,CB516F6AA,홍도자,류아자,010-6426-4208,경남,양산시 물금읍,일반,식품,라면박스,3.7,24.0,29.0,28.0,3.25,3.7,중형,6000.0,2026-08-03,배송완료,2026-08-03 12:05:00,인터넷접수,2026-08-02 13:35:00,2026-08-03,3.7,24,3.7
1100002697,2026-05-05 13:43:00,11,서울지점,C9BA24C67,박영연,김서호,,서울,용산구 한남동,일반,의류·패션,코트,2.2,45.0,37.0,32.0,8.88,8.88,중형,6000.0,2026-05-06,배송완료,2026-05-07 11:12:00,편의점접수,2026-05-05 13:43:00,2026-05-06,2.2,45,8.9
1200000556,2026-05-20 15:56:00,12,용산지점,CAE0F2447,윤진경,이하영,010-7900-6977,경남,창원시 성산구,일반,의류·패션,패딩,1.5,36.0,30.0,23.0,4.14,4.14,중형,6000.0,2026-05-21,배송완료,2026-05-21 11:09:00,편의점접수,2026-05-20 15:56:00,2026-05-21,1.5,36,4.1
1200002968,2026-06-03 16:09:00,12,용산지점,C9167A3F8,최윤우,최수준,010 8006 4454,서울,마포구 서교동,일반,생활용품,주방용품,7.2,30.0,25.0,21.0,2.62,7.2,중형,6000.0,2026-06-04,배송완료,2026-06-04 18:00:00,대리점,2026-06-03 16:09:00,2026-06-04,7.2,30,7.2
3200001473,2026-07-06 11:07:00,32,거제지점,C9B60964E,김현호,이나원,010-6281-1002,서울,마포구 서교동,일반,식품,쌀(햅쌀),3.8,29.0,19.0,21.0,1.93,3.8,소형,4000.0,2026-07-07,배송완료,2026-07-10 18:57:00,편의점접수,2026-07-06 11:07:00,2026-07-07,3.8,29,3.8
1200002066,2026-07-03 09:57:00,12,용산지점,CC040DA52,이도율,조연철,1099721512,경북,포항시 남구,일반,전자·디지털,이어폰,4.6,38.0,16.0,10.0,1.01,4.6,소형,4000.0,2026-07-06,배송실패,,편의점접수,26-07-03 9:57,2026-07-06,4.6,38,4.6
1100001884,2026-05-29 15:25:00,11,서울지점,C32AAE2FE,강도호,최연희,010-5241-3217,경북,경주시 황성동,일반,식품,커피원두,1.8,32.0,25.0,26.0,3.47,3.47,중형,6000.0,2026-06-01,배송완료,2026-06-01 16:11:00,대리점,2026-05-29 15:25:00,2026-06-01,1.8,32,3.5
3200000364,2026-05-21 18:08:00,32,거제지점,CD1BF19B5,송시경,김호서,010-8733-2640,대전,대덕구 송촌동,일반,식품,된장,5.5,27.0,23.0,15.0,1.55,5.5,중형,6000.0,2026-05-22,배송완료,2026-05-25 13:23:00,인터넷접수,2026-05-21 18:08:00,2026-05-22,5.5,27,5.5
1200002834,2026-05-24 16:11:00,12,용산지점,CB6B91297,정정란,김채희,010-4802-6633,경남,거제시 장승포동,일반,식품,쌀(햅쌀),8.3,26.0,27.0,20.0,2.34,8.3,중형,6000.0,2026-05-25,미배송,,인터넷접수,2026.05.24 16시11분,2026-05-25,8.3,26,8.3
1100001036,2026-06-23 16:11:00,11,서울지점,C7C40A754,신현율,이규식,010-4728-3535,경기,수원시 영통구,일반,의류·패션,청바지,2.3,29.0,41.0,12.0,2.38,2.38,중형,9000.0,2026-06-24,배송완료,2026-06-24 18:24:00,편의점접수,2026-06-23 16:11:00,2026-06-24,2.3,29,2.4
4100002924,2026-05-26 18:06:00,41,울산지점,CDC084D16,백수환,한은준,010-2994-4430,울산,남구 옥동,일반,의류·패션,코트,1.8,30.0,31.0,19.0,2.94,2.94,소형,4000.0,2026-05-27,배송완료,2026-05-29 10:42:00,인터넷접수,2026-05-26 18:06:00,2026-05-27,1.8,30,2.9
3100001998,2026-06-29 17:45:00,31,진주지점,C8529ABF7,임유우,박지숙,010-8589-2680,울산,북구 명촌동,일반,도서·문구,다이어리,4.2,24.0,18.0,22.0,1.58,4.2,소형,4000.0,2026-06-30,배송완료,2026-06-30 9:49:00,편의점접수,2026-06-29 17:45:00,2026-06-30,4.2,24,4.2
2100000258,2026-06-05 17:33:00,21,대전지점,C2C450478,송정율,조채영,010-4140-2906,전남,순천시 조례동,일반,도서·문구,노트류,9.2,32.0,29.0,15.0,2.32,9.2,중형,6000.0,2026-06-08,배송완료,2026-06-08 12:33:00,인터넷접수,2026-06-05 17:33:00,2026-06-08,9.2,32,9.2
1100001941,2026-06-01 10:14:00,11,서울지점,C85C8FDD3,고현미,김예경,,울산,남구 옥동,일반,생활용품,빨래건조대,0.8,33.0,37.0,25.0,5.09,5.09,중형,6000.0,2026-06-02,배송완료,2026-06-04 13:35:00,인터넷접수,2026-06-01 10:14:00,2026-06-02,0.8,33,5.1
1100002899,2026-08-03 17:34:00,11,서울지점,C909628F7,최연아,이도연,010-8257-5571,세종,새롬동,일반,의류·패션,가방,1.8,40.0,36.0,13.0,3.12,3.12,중형,6000.0,2026-08-04,배송완료,2026-08-04 15:17:00,인터넷접수,2026-08-03 17:34:00,2026-08-04,1.8,40,3.1
1200002721,2026-05-04 17:00:00,12,용산지점,C831B3621,장진빈,장진서,010-2067-5253,인천,연수구 송도동,일반,의류·패션,패딩,0.3,32.0,27.0,32.0,4.61,4.61,중형,6000.0,2026-05-05,배송완료,2026-05-05 12:57:00,대리점,2026-05-04 17:00:00,2026-05-05,0.3,32,4.6
4100002810,2026-05-24 17:39:00,41,울산지점,C90A7639F,김현진,박예아,010-9767-7183,서울,노원구 상계동,일반,식품,커피원두,5.0,21.0,23.0,26.0,2.09,5.0,소형,4000.0,2026-05-25,배송완료,2026-05-25 9:48:00,방문접수,2026-05-24 17:39:00,2026-05-25,5,21,5
3100000511,2026-08-04 09:57:00,31,진주지점,C080A859D,전영경,김승란,010-7242-5392,서울,은평구 응암동,일반,식품,라면박스,4.5,30.0,25.0,19.0,2.38,4.5,소형,4000.0,2026-08-05,간선하차,,방문접수,2026-08-04 9:57:00,2026-08-05,4.5,30,4.5
1200000285,2026-07-07 17:53:00,12,용산지점,CB6A4C007,이정희,김아호,,경기,고양시 일산동구,일반,화장품·미용,샴푸,2.7,21.0,19.0,10.0,0.66,2.7,소형,4000.0,,배송완료,2026-07-08 15:16:00,인터넷접수,2026-07-07 17:53:00,,2.7,21,2.7
1100000321,2026-07-27 17:14:00,11,서울지점,CFFDB980C,한아자,정채란,010-5436-2865,대전,유성구 봉명동,일반,의류·패션,청바지,0.4,33.0,36.0,14.0,2.77,2.77,중형,6000.0,2026-07-28,배송완료,2026-07-28 20:47:00,인터넷접수,07/27/2026 17:14,2026-07-28,0.4,33,2.8
1100000480,2026-06-10 13:53:00,11,서울지점,C3E9F0BA3,정정란,김예빈,010-3736-5405,대전,유성구 노은동,일반,의류·패션,티셔츠,2.0,34.0,41.0,24.0,5.58,5.58,중형,6000.0,2026-06-11,배송완료,2026-06-12 17:38:00,인터넷접수,2026-06-10 13:53:00,2026-06-11,2,34,5.6
2100002496,2026-06-01 16:45:00,21,대전지점,C53835E8C,정승호,강수미,1057032195,강원,춘천시 퇴계동,일반,식품,건어물,8.3,21.0,19.0,21.0,1.4,8.3,중형,6000.0,2026-06-02,배송완료,2026-06-02 15:48:00,편의점접수,2026-06-01 16:45:00,2026-06-02,8.3,21,8.3
1100000835,2026-05-04 16:41:00,11,서울지점,C12C95BDA,권지식,김시진,010-8045-2065,대전,대덕구 송촌동,일반,도서·문구,노트류,3.6,38.0,23.0,24.0,3.5,3.6,중형,9000.0,2026-05-05,배송완료,2026-05-05 20:31:00,인터넷접수,2026/05/04 16:41,2026-05-05,3.6,38,3.6
1100002298,2026-07-27 12:39:00,11,서울지점,CED4FC49C,김연빈,권수경,109069612,대전,유성구 노은동,일반,식품,백미,3.2,32.0,16.0,14.0,1.19,3.2,소형,4000.0,2026-07-28,배송완료,2026-07-28 19:29:00,편의점접수,2026-07-27 12:39:00,2026-07-28,3.2,32,3.2
1200001153,2026-05-08 15:16:00,12,용산지점,C591B06F2,김호자,이하환,1068138116,충남,천안시 서북구,일반,전자·디지털,공유기,2.4,38.0,29.0,26.0,4.78,4.78,중형,6000.0,2026-05-11,배송완료,2026-05-11 9:11:00,인터넷접수,2026-05-08 15:16:00,2026-05-11,2.4,38,4.8
1200000768,2026-05-01 09:59:00,12,용산지점,CB79A58DC,이나빈,김규우,010-4759-9404,경남,거제시 옥포동,일반,전자·디지털,키보드,2.8,30.0,16.0,13.0,1.04,2.8,소형,4000.0,2026-05-04,배송완료,2026-05-06 20:39:00,편의점접수,2026-05-01 9:59:00,2026-05-04,2.8,30,2.8
1100002638,2026-05-15 17:15:00,11,서울지점,CB278F99A,최승희,김진율,010-5867-4205,대구,달서구 상인동,일반,식품,쌀(햅쌀),1.8,31.0,16.0,18.0,1.49,1.8,소형,4000.0,2026-05-18,배송완료,2026-05-18 16:40:00,방문접수,2026-05-15 17:15:00,2026-05-18,1.8,31,1.8
2100000989,2026-05-30 15:23:00,21,대전지점,CC184A485,김성자,이아희,010-5436-2815,부산,부산진구 부전동,일반,의류·패션,티셔츠,0.7,32.0,41.0,20.0,4.37,4.37,중형,9000.0,,배송완료,2026-06-01 11:43:00,방문접수,2026-05-30 15:23:00,,0.7,32,4.4
1100002787,2026-06-29 16:14:00,11,서울지점,CDD7C2889,고예란,홍정율,010-2940-7047,전북,전주시 덕진구,일반,생활용품,수납함,7.6,32.0,31.0,31.0,5.13,7.6,중형,6000.0,2026-06-30,배송완료,2026-06-30 20:12:00,인터넷접수,2026-06-29 16:14:00,2026-06-30,7.6,32,7.6
1100000398,2026-07-15 09:38:00,11,서울지점,CC85ECD16,정연우,김지진(경비실),010-8764-9301,경남,김해시 장유동,일반,식품,과일선물세트,1.5,26.0,22.0,23.0,2.19,2.19,소형,4000.0,2026-07-16,배송완료,2026-07-16 10:25:00,인터넷접수,2026-07-15 9:38:00,2026-07-16,1.5,26,2.2
1200002550,2026-05-18 10:42:00,12,용산지점,C713DB183,김우진,황진경,,울산,중구 성남동,일반,의류·패션,패딩,0.7,37.0,27.0,13.0,2.16,2.16,소형,4000.0,2026-05-19,배송완료,2026-05-19 19:25:00,방문접수,2026-05-18 10:42:00,2026-05-19,0.7,37,2.2
2100000944,2026-07-15 17:22:00,21,대전지점,C2A40795A,이유원,김성철,010-4214-4322,서울,노원구 상계동,일반,반려동물,장난감,6.8,28.0,26.0,21.0,2.55,6.8,중형,6000.0,2026-07-16,배송완료,2026-07-16 20:36:00,방문접수,2026-07-15 17:22:00,2026-07-16,6.8,28,6.8
1100000009,2026-05-11 16:00:00,11,서울지점,CA71C5BE2,박하환,이성숙,010-5385-6545,서울,용산구 이태원동,일반,식품,김,2.9,31.0,30.0,21.0,3.26,3.26,중형,6000.0,2026-05-12,배송완료,2026-05-13 11:10:00,편의점접수,2026-05-11 16:00:00,2026-05-12,2.9,31,3.3
3100001324,2026-05-08 14:39:00,31,진주지점,CF59BBD05,김호우,황도철,010-2661-5971,충남,당진시 수청동,일반,식품,김,8.9,36.0,15.0,21.0,1.89,8.9,중형,6000.0,2026-05-11,배송완료,2026-05-13 14:21:00,방문,05/08/2026 14:39,2026-05-11,8.9,36,8.9
1100002545,2026-08-03 15:20:00,11,서울지점,C238AC123,김승아,김윤자,010-2426-1433,부산,동래구 온천동,일반,생활용품,휴지 30롤,0.6,31.0,25.0,26.0,3.36,3.36,중형,6000.0,2026-08-04,배송중,,방문접수,2026-08-03 15:20:00,2026-08-04,0.6,31,3.4
4100002145,2026-08-05 13:16:00,41,울산지점,CBA9BDEB1,김도환,김예아,,경남,김해시 장유동,일반,도서·문구,필기구세트,9.4,38.0,26.0,23.0,3.79,9.4,중형,6000.0,2026-08-06,배달중,,편의점접수,2026-08-05 13:16:00,2026-08-06,9.4kg,38,9.4
4100001255,2026-06-22 16:22:00,41,울산지점,C6E85BF03,이호자,서수경,010-2665-5843,서울,마포구 서교동,일반,생활용품,수납함,0.8,35.0,26.0,15.0,2.28,2.28,소형,4000.0,2026-06-23,배송완료,2026-06-23 12:35:00,편의점접수,2026-06-22 16:22:00,2026-06-23,0.8,35,2.3
4100002242,2026-06-03 15:02:00,41,울산지점,CC46DEBA8,최유식,이지란,010-2150-7686,전남,여수시 학동,일반,반려동물,사료,3.1,32.0,31.0,17.0,2.81,3.1,소형,4000.0,2026-06-04,배송완료,2026-06-04 18:00:00,편의점접수,2026-06-03 15:02:00,2026-06-04,3.1,32,3.1
4100002337,2026-05-11 12:05:00,41,울산지점,C64D731D5,김시진,송영자,,제주,서귀포시 중문동,제주,식품,과일선물세트,5.3,22.0,19.0,14.0,0.98,5.3,중형,9000.0,2026-05-13,배송완료,2026-05-13 16:51:00,대리점,2026-05-11 12:05:00,2026-05-13,5.3,22,5.3
2100002801,2026-05-01 16:27:00,21,대전지점,C7CB18132,박예현,박승경,,서울,용산구 원효로1가,일반,식품,쌀,8.8,34.0,23.0,27.0,3.52,8.8,중형,6000.0,2026-05-04,미배송,,방문접수,2026-05-01 16:27:00,2026-05-04,8.8,34,8.8
1100002165,2026-06-29 11:30:00,11,서울지점,C0754EF95,김성철,김우율,010-7337-9840,대전,서구 둔산동,일반,의류·패션,가방,1.9,38.0,22.0,31.0,4.32,4.32,중형,6000.0,2026-06-30,배송완료,2026-06-30 15:28:00,인터넷접수,2026-06-29 11:30:00,2026-06-30,1.9,38,4.3
1200001390,2026-07-14 11:19:00,12,용산지점,C87B3EFD2,장영빈,김주빈,010-4893-4378,울산,울주군 범서읍,일반,도서·문구,필기구세트,6.7,32.0,18.0,23.0,2.21,6.7,중형,6000.0,2026-07-15,배송완료,2026-07-15 11:28:00,편의점접수,2026-07-14 11:19:00,2026-07-15,6.7,32,6.7
4100001053,2026-05-18 19:01:00,41,울산지점,CD78C3B11,조아환,박수서,010-8756-4014,서울,노원구 상계동,일반,전자·디지털,이어폰,1.2,38.0,14.0,26.0,2.31,2.31,소형,4000.0,2026-05-19,배송실패,,인터넷접수,2026-05-18 19:01:00,2026-05-19,1.2,38,2.3
1100001322,2026-07-13 12:34:00,11,서울지점,C07D76AEA,김준란,윤규철,010-9303-9691,서울,마포구 서교동,일반,도서·문구,다이어리,11.4,29.0,26.0,28.0,3.52,11.4,중형,6000.0,2026-07-14,배송완료,2026-07-14 18:46:00,편의점접수,2026-07-13 12:34:00,2026-07-14,11.4,29,11.4
1100002088,2026-06-23 16:37:00,11,서울지점,C7FE87FAE,조재경,이예란,010-8897-5944,충북,청주시 흥덕구,일반,의류·패션,청바지,0.4,35.0,41.0,25.0,5.98,5.98,중형,6000.0,2026-06-24,배송완료,2026-06-24 15:09:00,편의점접수,2026-06-23 16:37:00,2026-06-24,0.4,35,6
3100001681,2026-06-17 10:24:00,31,진주지점,C355A626E,박아원,한영철,010-9798-3455,서울,용산구 한남동,일반,전자·디지털,충전기,6.0,40.0,23.0,16.0,2.45,6.0,중형,6000.0,2026-06-18,배송완료,2026-06-19 10:33:00,,2026-06-17 10:24:00,2026-06-18,6,40,6
2100002683,2026-05-05 16:27:00,21,대전지점,CB593B690,김윤경,이규미,,울산,울주군 범서읍,일반,생활용품,휴지 30롤,5.2,34.0,26.0,23.0,3.39,5.2,중형,6000.0,2026-05-06,배송완료,2026-05-06 13:21:00,방문접수,2026-05-05 16:27:00,2026-05-06,5.2,34,5.2
1200001791,2026-06-30 15:10:00,12,용산지점,C96FB0E46,김하서,조주자,010-3057-8211,충남,천안시 서북구,일반,의류·패션,코트,1.3,41.0,40.0,15.0,4.1,4.1,중형,6000.0,2026-07-01,배송완료,2026-07-02 11:46:00,인터넷접수,2026-06-30 15:10:00,2026-07-01,1.3,41,4.1
2100001426,2026-05-25 15:50:00,21,대전지점,C5E80ECA0,김수환,최하호,010-8887-7834,서울,마포구 서교동,일반,의류·패션,가방,1.4,32.0,35.0,18.0,3.36,3.36,중형,6000.0,2026-05-26,배송완료,2026-05-26 15:31:00,편의점접수,2026-05-25 15:50:00,2026-05-26,1.4,32,3.4
2100000614,2026-05-18 18:32:00,21,대전지점,CBF607BEB,김주식,김재율,,강원,춘천시 퇴계동,일반,가구·침구,러그,1.4,68.0,32.0,40.0,14.51,14.51,대형,9000.0,2026-05-19,배송완료,2026-05-20 19:24:00,방문접수,2026-05-18 18:32:00,2026-05-19,1.4,68,14.5
4100000601,2026-06-03 18:42:00,41,울산지점,CDF0877C1,김은철,조나현(경비실),010-3367-5895,대전,유성구 노은동,일반,의류·패션,운동화,1.1,35.0,32.0,22.0,4.11,4.11,중형,6000.0,2026-06-04,배송완료,2026-06-04 18:11:00,편의점접수,2026-06-03 18:42:00,2026-06-04,1.1,35,4.1
1200001830,2026-05-20 11:13:00,12,용산지점,C10BD07B7,임재란,김우우,,인천,남동구 구월동,일반,화장품·미용,스킨케어세트,0.3,38.0,24.0,17.0,2.58,2.58,소형,4000.0,2026-05-21,배송완료,2026-05-21 9:19:00,편의점접수,2026-05-20 11:13:00,2026-05-21,0.3,38cm,2.6
3200002193,2026-07-27 09:37:00,32,거제지점,CA5A2F4EB,한영영,손태서(직접수령),010-6619-1915,대구,북구 침산동,일반,식품,과일선물세트,3.0,21.0,29.0,21.0,2.13,3.0,소형,4000.0,2026-07-28,배송완료,2026-07-29 15:28:00,인터넷접수,2026-07-27 9:37:00,2026-07-28,3,21,3
3200000754,2026-06-11 10:36:00,32,거제지점,C79052336,이연호,정규진,010-3740-8622,도서산간,거문도 서도리,도서산간,식품,백미,2.0,37.0,24.0,14.0,2.07,2.07,소형,9000.0,2026-06-16,배송완료,2026-06-22 13:13:00,방문접수,2026-06-11 10:36:00,2026-06-16,2,37,2.1
1200001864,2026-07-25 14:10:00,12,용산지점,C010EBBF8,황호식,허준자 님,1062457176,서울,용산구 이태원동,일반,식품,김치,7.0,33.0,29.0,14.0,2.23,7.0,중형,6000.0,2026-07-27,배송완료,2026-07-27 9:59:00,인터넷접수,2026-07-25 14:10:00,2026-07-27,7,33,7
3200002067,2026-06-12 15:28:00,32,거제지점,C7D05220A,권태서,김서호,010-5835-6417,서울,노원구 상계동,일반,화장품·미용,향수,1.4,20.0,28.0,16.0,1.49,1.49,소형,4000.0,2026-06-15,미 배송,,인터넷접수,2026-06-12 15:28:00,2026-06-15,1.4,20,1.5
1200002095,2026-07-20 16:15:00,12,용산지점,C8BA3BB8F,김영환,김유경,010-9660-7695,부산,동래구 온천동,일반,가구·침구,커튼,5.6,44.0,42.0,37.0,11.4,11.4,대형,9000.0,2026-07-21,배송완료,2026-07-21 14:29:00,방문접수,2026-07-20 16:15:00,2026-07-21,5.6,44,11.4
1200000707,2026-07-26 16:14:00,12,용산지점,C2611FAFB,김규영,김민현,010-5032-4871,강원,속초시 조양동,일반,생활용품,리튬배터리,2.1,29.0,24.0,16.0,1.86,2.1,소형,4000.0,2026-07-27,배송완료,2026-07-27 16:22:00,대리점,2026-07-26 16:14:00,2026/07/27,2.1,29,2.1
2100000150,2026-05-22 15:05:00,21,대전지점,CA0FF4910,박윤식,신준우,,서울,강남구 역삼동,일반,식품,쌀 20kg,9.9,37.0,25.0,17.0,2.62,9.9,중형,6000.0,2026-05-25,배송완료,2026-05-25 18:28:00,인터넷접수,2026/05/22 15:05,2026-05-25,9.9,37,9.9
3200001598,2026-05-22 14:30:00,32,거제지점,C64D69499,박예식,김하환,010-6540-2603,울산,울주군 범서읍,일반,가구·침구,러그,2.6,63.0,53.0,50.0,27.82,27.82,초과,,2026-05-25,배송완료,2026-05-31 19:20:00,인터넷접수,2026-05-22 14:30:00,2026-05-25,2.6,63,27.8
4100001293,2026-07-02 10:35:00,41,울산지점,CD30D3EB8,김나우,임영영,010-6396-1511,서울,노원구 상계동,일반,의류·패션,가방,1.2,41.0,23.0,26.0,4.09,4.09,중형,6000.0,2026-07-03,배송완료,2026-07-03 12:29:00,인터넷접수,2026-07-02 10:35:00,2026-07-03,1.2,41,4.1
1200001278,2026-05-12 17:47:00,12,용산지점,C29EA383A,이서미,오은란,010-7916-2435,대전,유성구 봉명동,일반,의류·패션,향수,2.1,33.0,27.0,30.0,4.46,4.46,중형,6000.0,2026-05-13,미배송,2026-05-13 10:05:00,인터넷접수,2026-05-12 17:47:00,2026-05-13,2.1kg,33,4.5
1100002004,2026-05-14 09:07:00,11,서울지점,C8205C165,이연연,장우철,109092289,경남,김해시 장유동,일반,반려동물,강아지옷,7.3,36.0,19.0,25.0,2.85,7.3,중형,6000.0,2026-05-15,배송완료,2026-05-15 11:27:00,인터넷접수,2026-05-14 9:07:00,2026-05-15,7.3,36,7.3
4100000545,2026-06-30 10:02:00,41,울산지점,C462825F1,장나아,전민율,010-3933-8971,부산,사하구 하단동,일반,식품,된장,9.2,34.0,23.0,17.0,2.22,9.2,중형,6000.0,2026-07-01,배송완료,2026-07-01 18:24:00,편의점접수,2026-06-30 10:02:00,2026-07-01,9.2,34,9.2
1100001773,2026-06-29 11:29:00,11,서울지점,C7796B324,김도현,김도경,,대전,대덕구 송촌동,일반,생활용품,수납함,5.0,41.0,35.0,26.0,6.22,6.22,중형,6000.0,2026-06-30,배송완료,2026-07-01 14:07:00,방문접수,2026-06-29 11:29:00,2026-06-30,5,41,6.2
1200002911,2026-07-02 12:10:00,12,용산지점,C7A80D8E7,이아호,정진연,010-2174-2910,울산,중구 성남동,일반,식품,된장,1.8,37.0,27.0,23.0,3.83,3.83,중형,6000.0,2026-07-03,배송완료,2026-07-03 10:54:00,인터넷접수,2026-07-02 12:10:00,2026-07-03,1.8,37,3.8
4100001026,2026-06-01 13:04:00,41,울산지점,C7B9DE7CA,김성아,신지경,010-2359-6309,대전,유성구 노은동,일반,반려동물,라이터,8.8,40.0,27.0,10.0,1.8,8.8,중형,6000.0,2026-06-02,배송완료,2026-06-02 19:10:00,편의점접수,2026-06-01 13:04:00,2026-06-02,8.8,40,8.8
1100000269,2026-08-03 19:07:00,11,서울지점,CA1EC6039,김유율,남영아,010-5949-3616,경남,거제시 장승포동,일반,생활용품,청소기필터,6.8,50.0,28.0,16.0,3.73,6.8,중형,6000.0,2026-08-04,배송완료,2026-08-04 20:24:00,편의점접수,2026-08-03 19:07:00,2026-08-04,0,50,6.8
1100002414,2026-06-15 12:56:00,11,서울지점,C32CAE732,김성란,김태미,010-8936-2462,광주,서구 치평동,일반,전자·디지털,모니터,1.0,32.0,21.0,20.0,2.24,2.24,소형,4000.0,2026-06-16,배송완료,2026-06-17 19:00:00,편의점접수,2026-06-15 12:56:00,2026-06-16,1,32,2.2
2100001438,2026-06-09 16:59:00,21,대전지점,C08365604,박진빈,조민빈,010-2625-8786,서울,용산구 원효로1가,일반,의류·패션,패딩,1.5,46.0,30.0,16.0,3.68,3.68,중형,6000.0,2026-06-10,배송완료,2026-06-11 12:29:00,인터넷,26-06-09 16:59,2026-06-10,1.5,46,3.7
1100002890,2026-07-12 19:56:00,11,서울지점,C773D1122,서진빈,김현율,010-9914-1645,서울,용산구 청파동,일반,도서·문구,문제집,0.5,38.0,22.0,26.0,3.62,3.62,중형,6000.0,2026-07-13,배송완료,2026-07-14 18:52:00,방문접수,2026-07-12 19:56:00,2026-07-13,0.5,38,3.6
2100001446,2026-06-29 17:35:00,21,대전지점,C11E8755B,김아우,황우자,010-9674-9966,서울,용산구 한남동,일반,식품,된장,3.6,28.0,16.0,25.0,1.87,3.6,소형,4000.0,2026-06-30,배송완료,2026-06-30 13:48:00,편의점접수,2026-06-29 17:35:00,2026-06-30,3.6,28,3.6
4100001250,2026-05-04 09:57:00,41,울산지점,CABADDC1A,박주철,최지미,010-4460-9077,서울,용산구 이태원동,일반,의류·패션,티셔츠,1.8,45.0,30.0,22.0,4.95,4.95,중형,6000.0,2026-05-05,배송완료,2026-05-06 10:47:00,편의점 접수,2026-05-04 9:57:00,2026-05-05,1.8,45,5
1100000810,2026-07-24 10:08:00,11,서울지점,C35922771,김현현,안시현,,제주,제주시 노형동,제주,의류·패션,원피스,1.1,34.0,32.0,16.0,2.9,2.9,중형,9000.0,2026-07-28,배송완료,2026-07-28 12:13:00,인터넷접수,2026-07-24 10:08:00,2026-07-28,1.1,34,2.9
2100002404,2026-06-01 15:32:00,21,대전지점,CD355A80B,김준진,이성자,010 3030 4286,서울,용산구 원효로1가,일반,전자·디지털,충전기,5.0,29.0,22.0,19.0,2.02,5.0,소형,2000.0,2026-06-02,배송완료,2026-06-04 16:05:00,편의점접수,2026-06-01 15:32:00,2026-06-02,5,29,5
1200002667,2026-06-12 11:42:00,12,용산지점,C7CC27CD0,김연란,박재식,010-7085-2540,서울,용산구 한남동,일반,생활용품,수납함,4.0,35.0,33.0,25.0,4.81,4.81,중형,6000.0,2026-06-15,배송완료,2026-06-17 15:53:00,대리점,2026-06-12 11:42:00,2026-06-15,4,35,4.8
1100002154,2026-06-23 19:00:00,11,서울지점,CB773279E,백은환,허윤숙 님,1045356697,울산,남구 삼산동,일반,가구·침구,러그,5.6,43.0,48.0,41.0,14.1,14.1,대형,9000.0,2026-06-24,배송완료,2026-06-24 17:37:00,인터넷접수,2026-06-23 19:00:00,2026-06-24,5.6,43,14.1
1100002077,2026-06-08 14:59:00,11,서울지점,C06C8FDFF,김규란,정은철,010-6743-8555,충남,당진시 수청동,일반,식품,라면박스,1.1,28.0,29.0,19.0,2.57,2.57,소형,4000.0,2026-06-09,배송완료,2026-06-09 13:47:00,온라인,2026-06-08 14:59:00,2026-06-09,1.1,28,2.6
4100002083,2026-05-05 12:17:00,41,울산지점,C88A644B2,강태빈,장나우,010-8948-8777,울산,동구 방어동,일반,의류·패션,운동화,2.5,47.0,31.0,24.0,5.83,5.83,중형,6000.0,2026-05-06,반송,,인터넷접수,2026-05-05 12:17:00,2026-05-06,2.5,47,5.8
4100001202,2026-06-15 11:34:00,41,울산지점,CFF0BB7E6,강규현,윤윤자,010-3842-9029,강원,원주시 무실동,일반,의류·패션,코트,0.9,41.0,36.0,19.0,4.67,4.67,중형,6000.0,2026-06-16,배달완료,2026-06-16 19:28:00,편의점접수,2026-06-15 11:34:00,2026-06-16,0.9,41,4.7
3100001506,2026-07-07 17:35:00,31,진주지점,C2F9F0A2C,정우원,박호경,010-5120-7864,충남,서산시 동문동,일반,식품,커피원두,10.2,32.0,23.0,22.0,2.7,10.2,중형,6000.0,2026-07-08,배송완료,2026-07-09 15:28:00,인터넷접수,2026-07-07 17:35:00,2026-07-08,10.2,32,10.2
1100001737,2026-07-29 15:42:00,11,서울지점,C857B8036,서성숙,박정자,010-4443-3718,경남,진주시 충무공동,일반,가구·침구,이 불,1.4,59.0,37.0,37.0,13.46,13.46,대형,9000.0,2026-07-30,배송완료,,편의점접수,2026-07-29 15:42:00,2026-07-30,1.4,59,13.5
1100000610,2026-06-05 14:02:00,11,서울지점,C8484CE16,김준란,류재식,1049987266,서울,용산구 후암동,일반,의류·패션,모자,1.5,41.0,38.0,31.0,8.05,8.05,중형,6000.0,2026-06-08,배송완료,2026-06-08 17:55:00,편의점접수,2026-06-05 14:02:00,2026-06-08,1.5,41,8
2100001406,2026-05-15 16:40:00,21,대전지점,C99DFCC37,이서경,송하란(경비실),010-8086-3172,서울,용산구 청파동,일반,의류·패션,코트,2.2,43.0,39.0,31.0,8.66,8.66,중형,6000.0,2026-05-18,배송완료,,방문접수,2026-05-15 16:40:00,2026-05-18,2.2,43,8.7
1100000493,2026-07-27 17:02:00,11,서울지점,CD39A2453,최성율,이재율,010-6720-4543,경북,포항시 남구,일반,식품,김치,1.1,25.0,20.0,25.0,2.08,2.08,소형,4000.0,2026-07-28,배송완료,2026-07-29 15:13:00,,2026-07-27 17:02:00,2026-07-28,1.1,25,2.1
3100001204,2026-06-22 14:43:00,31,진주지점,CBDE34D25,오유우,김현미,106269362,울산,남구 옥동,일반,식품,된장,4.4,25.0,28.0,22.0,2.57,4.4,소형,4000.0,2026-06-23,배송완료,2026-06-25 17:20:00,인터넷접수,2026-06-22 14:43:00,2026-06-23,4.4,25,4.4
1200002989,2026-06-26 18:45:00,12,용산지점,C9B958C06,김진서,이서진,010-4016-9185,울산,남구 삼산동,일반,반려동물,강아지옷,10.0,25.0,29.0,18.0,2.17,10.0,중형,6000.0,,배송완료,2026-06-29 17:09:00,대리점,2026-06-26 18:45:00,,10,25,10
1100002776,2026-08-01 17:06:00,11,서울지점,C6FACCC29,김호준,김시연,010-4100-9147,대전,유성구 봉명동,일반,의류·패션,가방,2.0,37.0,31.0,30.0,5.74,5.74,중형,6000.0,2026-08-03,배송완료,2026-08-03 16:47:00,방문접수,2026-08-01 17:06:00,2026-08-03,2,37,5.7
1100002119,2026-06-25 19:07:00,11,서울지점,C062747F1,박규우,김도미,010-4965-3248,울산,중구 성남동,일반,생활용품,주방용품,7.2,41.0,25.0,25.0,4.27,7.2,중형,6000.0,2026-06-26,배송완료,2026-06-26 18:08:00,편의점접수,2026-06-25 19:07:00,2026-06-26,7.2,41,7.2
4100000311,2026-05-06 15:15:00,41,울산지점,CB9D8DC1D,정성연,이정서,010-9610-6246,부산,해운대구 우동,일반,의류·패션,청바지,1.8,34.0,27.0,30.0,4.59,4.59,중형,6000.0,2026-05-07,배송완료,2026-05-08 16:03:00,방문접수,2026-05-06 15:15:00,2026-05-07,1.8,34,4.6
3100001637,2026-07-14 19:01:00,31,진주지점,C5EC64A01,문시영,김나우,010-4904-2717,서울,용산구 청파동,일반,의류·패션,모자,0.6,29.0,37.0,27.0,4.83,4.83,중형,6000.0,2026-07-15,반송,,편의점접수,2026-07-14 19:01:00,2026-07-15,0.6,29,0.6
1200001359,2026-05-04 16:27:00,12,용산지점,C8F1F2A23,김현철,장유연(경비실),010-3161-5965,경기,부천시 원미구,일반,생활용품,수납함,4.9,28.0,37.0,30.0,5.18,5.18,중형,6000.0,2026-05-05,배송완료,2026-05-05 9:56:00,편의점접수,2026-05-04 16:27:00,2026-05-05,4.9,28,5.2
1100000359,2026-06-02 17:31:00,11,서울지점,C1EF6CAB6,정현숙,김정숙,010-7058-7911,경기,수원시 영통구,일반,도서·문구,문제집,12.0,23.0,20.0,19.0,1.46,12.0,중형,6000.0,2026-06-03,배송완료,2026-06-03 11:23:00,방문접수,2026-06-02 17:31:00,2026-06-03,12,23,12
1100002576,2026-06-11 17:56:00,11,서울지점,C25C8227A,양채숙,장하호,,경남,진주시 충무공동,일반,화장품·미용,향수,2.7,29.0,17.0,15.0,1.23,2.7,소형,4000.0,2026-06-12,배송완료,,편의점접수,2026-06-11 17:56:00,2026-06-12,2.7,29,2.7
4100000775,2026-05-05 09:11:00,41,울산지점,CFB719E8C,박태희,박우희,,대전,서구 둔산동,일반,식품,쌀,7.9,32.0,19.0,17.0,1.72,7.9,중형,6000.0,2026-05-06,배송완료,2026-05-06 17:08:00,편의점접수,2026-05-05 9:11:00,2026-05-06,7.9,32,7.9
1200002472,2026-05-19 15:15:00,12,용산지점,CD27DCDAE,한준미,이수경,010-7009-6902,경북,구미시 인동,일반,생활용품,청소기필터,6.6,45.0,28.0,22.0,4.62,6.6,중형,6000.0,2026-05-20,배송완료,2026-05-22 14:47:00,대리점,2026-05-19 15:15:00,2026-05-20,6.6,45,6.6
3200001257,2026-06-01 16:32:00,32,거제지점,C06E52F57,권규영,윤현식,010-3885-9655,대전,중구 은행동,일반,도서·문구,문제집,4.4,30.0,26.0,12.0,1.56,4.4,소형,4000.0,2026-06-02,배송완료,2026-06-03 20:23:00,온라인,2026-06-01 16:32:00,2026-06-02,4.4,30,4.4
1100000386,2026-05-20 16:01:00,11,서울지점,C3B6FA727,윤지서,고연빈(경비실),010-4281-7293,경기,고양시 일산동구,일반,도서·문구,노트 10권,2.7,33.0,22.0,17.0,2.06,2.7,소형,4000.0,2026-05-21,배송완료,2026-05-25 12:56:00,인터넷접수,2026-05-20 16:01:00,2026-05-21,2.7,33,2.7
2100000279,2026-06-22 13:26:00,21,대전지점,CDF0877C1,김은철,박서현,010-3696-2288,서울,용산구 한남동,일반,반려동물,고양이모래,2.3,24.0,16.0,20.0,1.28,2.3,소형,4000.0,2026-06-23,배송완료,2026-06-23 9:04:00,편의점접수,2026-06-22 13:26:00,2026-06-23,2.3,24,2.3
2100000588,2026-06-09 17:19:00,21,대전지점,CBDDAB22E,김예서,장윤철,010-3942-3413,울산,북구 명촌동,일반,의류·패션,원피스,0.8,43.0,,14.0,,0.8,중형,6000.0,2026-06-10,미배송,,편의점접수,2026-06-09 17:19:00,2026-06-10,0.8,43,3.2
1100000411,2026-08-04 10:19:00,11,서울지점,CDD850B8F,정유준,이시서,010-5674-7179,울산,남구 옥동,일반,생활용품,빨래건조대,0.9,42.0,42.0,17.0,5.0,5.0,중형,6000.0,2026-08-05,배달중,,인터넷접수,2026-08-04 10:19:00,2026-08-05,0.9,42,5
1100002279,2026-07-20 19:16:00,11,서울지점,C12C95BDA,권지식,서수숙,1052557905,경남,거제시 옥포동,일반,의류·패션,가방,2.0,32.0,29.0,20.0,3.09,3.09,중형,6000.0,2026-07-21,배송완료,2026-07-22 17:35:00,편의점접수,2026-07-20 19:16:00,2026-07-21,2,32,3.1
1100002706,2026-06-08 14:30:00,11,서울지점,CC46DEBA8,최유식,김현자 님,010-8695-8319,대전,유성구 노은동,일반,식품,쌀 20kg,6.2,38.0,24.0,24.0,3.65,6.2,중형,6000.0,2026-06-09,배송완료,2026-06-10 19:00:00,인터넷접수,2026-06-08 14:30:00,2026-06-09,6.2,38,6.2
3100001203,2026-07-08 17:23:00,31,진주지점,CEF9E5FD3,김태미,최지아,010-9069-7391,서울,노원구 상계동,일반,의류·패션,티셔츠,0.3,30.0,27.0,19.0,2.56,2.56,소형,4000.0,2026-07-09,배송완료,2026-07-09 14:52:00,편의점접수,2026-07-08 17:23:00,2026-07-09,0.3,30,2.6
3100000038,2026-07-01 19:48:00,31,진주지점,C1B4374D8,최도준,정재란,,충북,충주시 연수동,일반,화장품·미용,샴푸,2.6,,17.0,10.0,,2.6,소형,4000.0,2026-07-02,배송완료,2026-07-02 14:00:00,편의접수,2026-07-01 19:48:00,2026-07-02,2.6,-10,2.6
1100000433,2026-06-04 14:55:00,11,서울지점,CFFDB980C,한아자,정채환,010-9611-3803,제주,서귀포시 중문동,제주,가구·침구,베개,4.6,53.0,47.0,32.0,13.29,13.29,대형,12000.0,2026-06-08,배송완료,2026-06-08 14:07:00,인터넷접수,2026-06-04 14:55:00,2026-06-08,4.6,53,13.3
2100000621,2026-07-07 18:49:00,21,대전지점,C44DF9681,최호경,정연아,,경기,고양시 일산동구,일반,생활용품,휴지 30롤,3.1,41.0,37.0,25.0,6.32,6.32,중형,6000.0,2026-07-08,배송완료,2026-07-09 10:13:00,편의점접수,2026-07-07 18:49:00,2026-07-08,3.1,41,6.3
3200000022,2026-06-25 15:10:00,32,거제지점,C257711D3,허진영,송시미,010-2868-1046,서울,강남구 역삼동,일반,도서·문구,책 30권,1.9,23.0,23.0,21.0,1.85,1.9,소형,4000.0,2026-06-26,배송완료,2026-06-26 10:14:00,편의점접수,2026-06-25 15:10:00,2026-06-26,1.9,23,1.9
1100001102,2026-06-29 16:08:00,11,서울지점,CDE8C0221,이아미,이은호,010-8384-3055,대전,서구 둔산동,일반,식품,건어물,7.2,32.0,19.0,22.0,2.23,7.2,중형,6000.0,2026-06-30,배송완료,2026-07-01 13:45:00,인터넷접수,2026-06-29 16:08:00,2026-06-30,7.2,32,7.2
1200001259,2026-06-12 16:06:00,12,용산지점,CA3AED0C5,임규경,양우원,010-2640-8607,충북,청주시 흥덕구,일반,의류·패션,티셔츠 2장,1.3,40.0,31.0,27.0,5.58,5.58,중형,6000.0,2026-06-15,배송완료,2026-06-15 17:25:00,인터넷접수,2026-06-12 16:06:00,2026-06-15,1.3,40,5.6
4100002447,2026-05-11 17:01:00,41,울산지점,C0B504EA5,정나율,박재경,,부산,동래구 온천동,일반,전자·디지털,태블릿케이스,0.5,35.0,27.0,23.0,3.62,3.62,중형,6000.0,2026-05-12,배송완료,2026-05-12 16:27:00,인터넷접수,2026-05-11 17:01:00,2026-05-12,0.5,35,3.6
1100000872,2026-05-05 16:42:00,11,서울지점,CA1183266,박준준,오규진,010-5881-7732,서울,용산구 원효로1가,일반,도서·문구,다이어리,10.1,27.0,21.0,13.0,1.23,10.1,중형,6000.0,2026-05-06,배송완료,2026-05-06 9:42:00,편의점접수,2026-05-05 16:42:00,2026-05-06,10.1,27,10.1
1100002265,2026-07-28 18:31:00,11,서울지점,C347E1234,손영미,임준희,010-5419-1275,경남,거제시 옥포동,일반,식품,라면박스,6.7,38.0,24.0,18.0,2.74,6.7,중형,6000.0,2026-07-29,배송완료,2026-07-31 11:45:00,편의점접수,2026-07-28 18:31:00,2026-07-29,6.7,38,6.7
2100002124,2026-07-29 09:54:00,21,대전지점,C2B4704B6,김우철,윤태빈,010-7590-8740,대전,유성구 노은동,일반,생활용품,세제,6.0,43.0,31.0,30.0,6.66,6.66,중형,6000.0,2026-07-30,회수,,인터넷접수,2026-07-29 9:54:00,2026-07-30,6,43,6.7
1100002128,2026-07-13 18:17:00,11,서울지점,CDC96B951,배호환,이주희,010-7749-5477,서울,용산구 이태원동,일반,전자·디지털,모니터,1.6,36.0,24.0,26.0,3.74,3.74,중형,6000.0,2026-07-14,배송완료,2026-07-16 18:16:00,편의점접수,2026-07-13 18:17:00,2026-07-14,1.6,36,3.7
1200001478,2026-05-19 17:22:00,12,용산지점,CA2ED83E0,이나경,정정아,010-3034-7704,충북,청주시 흥덕구,일반,의류·패션,가방,1.4,44.0,24.0,17.0,2.99,2.99,중형,6000.0,2026-05-20,배송완료,2026-05-20 18:38:00,인터넷접수,2026-05-19 17:22:00,2026-05-20,1.4,44,3
1200002670,2026-06-10 13:58:00,12,용산지점,CC30A8F09,송재원,박윤호,,경기,용인시 기흥구,일반,의류·패션,가방,1.6,39.0,26.0,21.0,3.55,3.55,중형,6000.0,2026-06-11,배송완료,2026-06-11 18:21:00,편의점접수,2026-06-10 13:58:00,2026-06-11,1.6,39,3.5
1100001069,2026-05-26 11:46:00,11,서울지점,C4926B2D8,김채호,안수현,010-5654-2735,울산,남구 삼산동,일반,식품,커피원두,9.9,20.0,30.0,21.0,2.1,9.9,중형,6000.0,2026-05-27,반품,,편의점접수,2026-05-26 11:46:00,2026-05-27,9.9,20,9.9
1100001388,2026-05-12 13:54:00,11,서울지점,CF872F0CD,오진영,김성원,010-8728-1730,서울,은평구 응암동,일반,의류·패션,코트,1.4,49.0,25.0,13.0,2.65,2.65,중형,6000.0,2026-05-13,배송완료,2026-05-14 19:03:00,편의점접수,2026-05-12 13:54:00,2026-05-13,1.4,49,2.7
1100000643,2026-07-14 12:24:00,11,서울지점,C58842701,박규자,이현준,010-7968-3311,경기,화성시 동탄,일반,전자·디지털,이어폰,0.2,37.0,18.0,14.0,1.55,1.55,소형,4000.0,2026-07-15,배송완료,2026-07-15 19:51:00,편의점접수,2026-07-14 12:24:00,2026-07-15,0.2,37,1.6
1200002754,2026-05-26 16:54:00,12,용산지점,C09B934E8,이서호,안민현,010-6130-5898,경남,거제시 옥포동,일반,전자·디지털,충전기,1.5,39.0,20.0,14.0,1.82,1.82,소형,4000.0,2026-05-27,배송완료,2026-05-27 12:00:00,대리점,2026-05-26 16:54:00,2026-05-27,1.5,39,1.8
3100000850,2026-05-27 13:53:00,31,진주지점,C2C450478,송정율,최재철,010-3845-9056,대전,유성구 노은동,일반,식품,건어물,10.9,27.0,15.0,25.0,1.69,10.9,중형,6000.0,2026-05-28,배송완료,2026-05-28 15:35:00,방문,2026-05-27 13:53:00,2026-05-28,10.9,27,10.9
3200000327,2026-07-29 16:28:00,32,거제지점,CD8E64A0F,홍하빈,이규율,010-2126-2656,경남,거제시 고현동,일반,화장품·미용,스킨케어세트,1.0,35.0,19.0,26.0,2.88,2.88,소형,4000.0,2026-07-30,배송완료,2026-08-01 17:18:00,편의점접수,2026-07-29 16:28:00,2026-07-30,1,35,2.9
1100000860,2026-05-04 14:34:00,11,서울지점,CC8AAD7AA,이유현,손윤영,010-2554-7815,서울,용산구 원효로1가,일반,도서·문구,필기구세트,13.9,20.0,16.0,16.0,0.85,13.9,중형,6000.0,2026-05-05,배송완료,2026-05-05 11:11:00,편의점접수,2026-05-04 14:34:00,2026-05-05,13.9,20,13.9
1100000949,2026-05-07 19:35:00,11,서울지점,C1341BFE0,권진자,김호아,010-5777-8513,충북,충주시 연수동,일반,전자·디지털,키보드,2.9,38.0,29.0,20.0,3.67,3.67,중형,6000.0,2026-05-08,미 배송,,방문접수,2026.05.07 19시35분,2026-05-08,2.9,38,3.7
3200001087,2026-06-23 10:48:00,32,거제지점,C2B8D6DC1,한유준,이윤연,010-6167-9535,광주,서구 치평동,일반,의류·패션,가방,0.7,43.0,35.0,14.0,3.51,3.51,중형,6000.0,2026-06-24,미 배송,,인터넷접수,2026-06-23 10:48:00,2026-06-24,0.7,43,3.5
1200000870,2026-07-29 09:55:00,12,용산지점,C1461BD7E,최승율,박우준,010-2087-4090,울산,동구 방어동,일반,생활용품,의약품,2.2,42.0,22.0,28.0,4.31,4.31,중형,6000.0,2026-07-30,미배송,2026-07-30 15:46:00,인터넷접수,2026-07-29 9:55:00,2026-07-30,2.2,42,4.3
2100002047,2026-07-24 16:47:00,21,대전지점,C332F3188,오수환,이태희,010-4203-3277,경기,성남시 분당구,일반,반려동물,강아지옷,9.0,32.0,31.0,18.0,2.98,9.0,중형,6000.0,2026-07-27,배송완료,2026-07-28 20:45:00,편의점접수,2026-07-24 16:47:00,2026-07-27,9,32,9
1100000906,2026-05-14 14:03:00,11,서울지점,C9F9FF1E5,강시준,이연미,010-3956-1364,경남,진주시 충무공동,일반,전자·디지털,모니터,3.9,32.0,15.0,25.0,2.0,3.9,소형,4000.0,2026-05-15,배송완료,2026-05-18 16:00:00,인터넷접수,2026-05-14 14:03:00,2026-05-15,3.9,32,3.9
1100002838,2026-06-08 16:47:00,11,서울지점,CB1A6081F,황현미,이도란,010-2658-9594,제주,제주시 노형동,제주,의류·패션,청바지,0.5,46.0,24.0,17.0,3.13,3.13,중형,8000.0,2026-06-10,배송완료,2026-06-10 9:11:00,방문접수,2026-06-08 16:47:00,2026-06-10,0.5,46cm,3.1
1100000711,2026-05-04 16:57:00,11,서울지점,CE50F91D1,박현현,정진호,010 7096 8960,제주,제주시 연동,제주,식품,커피원두,5.1,25.0,24.0,28.0,2.8,5.1,중형,9000.0,2026-05-06,배송완료,2026-05-06 14:38:00,인터넷접수,2026-05-04 16:57:00,2026-05-06,5.1,25,5.1
3200001072,2026-08-04 14:45:00,32,거제지점,C9EB5E7BB,류우경,이영호,010-3242-8678,서울,용산구 원효로1가,일반,의류·패션,모자,1.6,42.0,26.0,14.0,2.55,2.55,중형,1000.0,2026-08-05,배송완료,2026-08-10 18:35:00,편의점 접수,2026-08-04 14:45:00,2026-08-05,1.6,42,2.5
4100002459,2026-07-03 10:28:00,41,울산지점,C93744420,박주자,장재자,,서울,송파구 잠실동,일반,전자·디지털,키보드,2.1,25.0,29.0,15.0,1.81,2.1,소형,4000.0,2026-07-06,배송완료,2026-07-13 14:56:00,편의점접수,2026-07-03 10:28:00,2026-07-06,2.1,25,2.1
1100000416,2026-06-29 15:03:00,11,서울지점,CA954676C,강유아,배호영,010-6084-4332,강원,강릉시 교동,일반,전자·디지털,충전기,5.1,33.0,16.0,11.0,0.97,5.1,중형,6000.0,2026-06-30,배송완료,2026-06-30 13:26:00,방문접수,2026-06-29 15:03:00,2026-06-30,5.1,33,5.1
3100001076,2026-06-29 13:53:00,31,진주지점,C7B38FAC5,이준준,양하영,010-9623-6483,전북,전주시 덕진구,일반,식품,건어물,7.3,32.0,24.0,12.0,1.54,7.3,중형,6000.0,2026-06-30,배송완료,2026-06-30 14:27:00,편의점접수,2026-06-29 13:53:00,2026-06-30,7.3,32,7.3
2100000631,2026-06-15 12:20:00,21,대전지점,C81BC35D7,김우환,정정서,010-2192-7223,서울,용산구 원효로1가,일반,전자·디지털,모니터,0.8,20.0,15.0,17.0,0.85,0.85,극소형,3500.0,2026-06-16,배송완료,2026-06-16 19:40:00,대리점,2026.06.15 12시20분,2026.06.16,0.8,20,0.8
3200002027,2026-08-05 18:50:00,32,거제지점,CF8EA6E31,이태자,최아아,010-2698-8717,경남,진주시 초전동,일반,의류·패션,티셔츠,1.1,38.0,40.0,32.0,8.11,8.11,중형,6000.0,2026-08-06,배송중,,인터넷접수,2026-08-05 18:50:00,2026-08-06,1.1,38,8.1
3200001189,2026-06-17 16:22:00,32,거제지점,C925AAAB0,손하란,박은원,010-2520-2126,경남,진주시 평거동,일반,반려동물,장난감,6.3,34.0,27.0,16.0,2.45,6.3,중형,6000.0,2026-06-18,미배송,,편의점접수,2026-06-17 16:22:00,2026-06-18,6.3,34,6.3
4100001949,2026-07-16 16:56:00,41,울산지점,C8DC413E5,김진숙,한태환,010-6197-9162,서울,노원구 상계동,일반,반려동물,강아지옷,4.9,32.0,32.0,11.0,1.88,4.9,소형,4000.0,2026-07-17,배송완료,2026-07-21 12:29:00,편의점접수,2026-07-16 16:56:00,2026-07-17,4.9,32,4.9
1100000160,2026-05-20 17:17:00,11,서울지점,CC1297BEB,류아아,권서준,010-4173-8184,경남,진주시 평거동,일반,생활용품,화장지,3.8,45.0,23.0,15.0,2.59,3.8,중형,6000.0,2026-05-21,배달완료,2026-05-21 9:28:00,인터넷접수,2026-05-20 17:17:00,2026-05-21,3.8,45,3.8
3100001515,2026-06-05 16:33:00,31,진주지점,C77BA4402,조예율,박채숙,010-8726-2019,대구,수성구 범어동,일반,전자·디지털,키보드,4.6,23.0,21.0,16.0,1.29,4.6,소형,4000.0,2026-06-08,배송완료,2026-06-08 12:39:00,편의점접수,2026-06-05 16:33:00,2026-06-08,4.6,23,4.6
1200002808,2026-06-08 17:19:00,12,용산지점,C2BAA76CB,김아준,강채영(직접수령),1084031268,서울,노원구 상계동,일반,의류·패션,반팔티,1.8,36.0,28.0,17.0,2.86,2.86,중형,6000.0,2026-06-09,배송완료,2026-06-09 16:22:00,대리점,2026-06-08 17:19:00,2026-06-09,1.8,36,2.9
3200001033,2026-07-20 12:02:00,32,거제지점,CF550BFA9,조영연,허현철,010-7978-3289,경기,용인시 기흥구,일반,의류·패션,운동화,0.6,28.0,42.0,14.0,2.74,2.74,중형,6000.0,2026-07-21,배송완료,2026-07-21 16:17:00,인터넷접수,2026-07-20 12:02:00,2026-07-21,0.6,28,2.7
2100001262,2026-07-07 18:46:00,21,대전지점,C403E7369,이주현,강나원,010-6659-3752,대구,달서구 상인동,일반,화장품·미용,스킨케어세트,0.5,28.0,28.0,20.0,2.61,2.61,소형,4000.0,2026-07-08,배송완료,2026-07-08 19:37:00,인터넷접수,2026-07-07 18:46:00,2026-07-08,0.5,28,0.5
1100001599,2026-07-27 15:53:00,11,서울지점,C1DF86E20,오도원,박정미,010-4772-6681,울산,동구 방어동,일반,생활용품,주방용품,5.2,30.0,28.0,29.0,4.06,5.2,중형,6000.0,2026-07-28,배송완료,2026-07-28 13:30:00,편의점접수,2026-07-27 15:53:00,2026-07-28,5.2,30,5.2
1200000817,2026-05-18 19:11:00,12,용산지점,C2AEE3318,김윤경,허시미,010-9799-9631,충남,아산시 배방읍,일반,의류·패션,패딩,1.5,31.0,41.0,25.0,5.3,5.3,중형,6000.0,2026-05-19,배송완료,2026-05-20 11:46:00,인터넷접수,05/18/2026 19:11,2026-05-19,1.5,31,5.3
3100002305,2026-07-14 17:25:00,31,진주지점,C39C535B9,강현빈,오나빈,010-8222-3605,울산,남구 옥동,일반,의류·패션,패딩,1.5,39.0,22.0,23.0,3.29,3.29,중형,6000.0,2026-07-15,배송완료,2026-07-16 16:26:00,방문접수,2026-07-14 17:25:00,2026-07-15,1.5,39,3.3
2100000191,2026-07-29 11:00:00,21,대전지점,C8BA3BB8F,김영환,한채서,010-5614-7219,경남,김해시 장유동,일반,의류·패션,운동화,1.9,36.0,31.0,23.0,4.28,4.28,중형,6000.0,2026-07-30,배송완료,2026-07-30 10:58:00,편의점접수,2026-07-29 11:00:00,2026-07-30,1.9,36,4.3
1200000080,2026-06-10 16:36:00,12,용산지점,CC7177731,김준서,정호희,010-8438-3324,대전,중구 은행동,일반,도서·문구,필기구세트,13.8,28.0,28.0,15.0,1.96,13.8,중형,6000.0,2026-06-11,배송완료,2026-06-12 13:41:00,인터넷접수,2026-06-10 16:36:00,2026-06-11,13.8,28,13.8
4100002329,2026-08-03 17:24:00,41,울산지점,CDF82F3AA,권규희,김우현,010-8451-1126,서울,마포구 서교동,일반,생활용품,빨래건조대,7.4,50.0,36.0,18.0,5.4,7.4,중형,6000.0,2026-08-04,배송완료,2026-08-04 14:05:00,인터넷접수,2026-08-03 17:24:00,2026-08-04,999,50,7.4
1100002503,2026-05-26 12:30:00,11,서울지점,C6A53E72B,최우준,권나숙,010-3150-9823,제주,서귀포시 중문동,제주,화장품·미용,스킨케어세트,2.3,28.0,21.0,20.0,1.96,2.3,소형,7000.0,2026-05-28,배송완료,2026-05-28 17:41:00,편의점접수,2026-05-26 12:30:00,2026-05-28,2.3,28,2.3
2100002388,2026-06-18 10:44:00,21,대전지점,C50AD5834,박성호,김유호,010-2876-4928,경북,포항시 남구,일반,식품,라면박스,5.6,34.0,16.0,17.0,1.54,5.6,중형,6000.0,2026-06-19,배송완료,2026-06-22 13:55:00,방문접수,2026-06-18 10:44:00,2026-06-19,5.6,34,5.6
1200001422,2026-06-20 09:09:00,12,용산지점,C61FE1314,이준진,이유우,010-4508-4636,대구,북구 침산동,일반,식품,쌀,7.4,26.0,23.0,16.0,1.59,7.4,중형,9000.0,2026-06-22,배송완료,2026-06-22 14:28:00,방문접수,2026-06-20 9:09:00,2026-06-22,7.4,26,7.4
3100002910,2026-07-13 18:14:00,31,진주지점,C89DE6C47,강수연,박영서,010-9746-3113,경남,거제시 장승포동,일반,전자·디지털,모니터,3.6,31.0,25.0,21.0,2.71,3.6,소형,4000.0,2026-07-14,배송완료,2026-07-15 12:43:00,편의점접수,2026/07/13 18:14,2026-07-14,3.6,31,3.6
2100000694,2026-07-24 18:44:00,21,대전지점,CD69FDCCA,박윤환,박우숙,010-9627-6711,서울,강남구 역삼동,일반,의류·패션,모자,2.0,28.0,39.0,15.0,2.73,2.73,중형,6000.0,2026-07-27,배송완료,2026-07-29 19:50:00,인터넷접수,2026-07-24 18:44:00,2026-07-27,2,28,2.7
2100002744,2026-05-28 14:39:00,21,대전지점,C54F60978,이규아,권도란,010-9661-1982,경남,양산시 물금읍,일반,전자·디지털,키보드,2.7,21.0,18.0,20.0,1.26,2.7,소형,4000.0,2026-05-29,배송완료,2026-05-29 16:15:00,인터넷접수,2026-05-28 14:39:00,2026-05-29,2.7,21,2.7
1100001086,2026-06-15 14:25:00,11,서울지점,C1EF6CAB6,정현숙,황나우,010-4984-2978,경남,거제시 장승포동,일반,생활용품,수납함,4.9,48.0,25.0,29.0,5.8,5.8,중형,6000.0,,배송완료,2026-06-16 9:11:00,인터넷접수,2026-06-15 14:25:00,,4.9,48,5.8
2100001823,2026-05-04 17:04:00,21,대전지점,CFAD55352,김연환,박진영,010-5294-9004,울산,울주군 범서읍,일반,생활용품,빨래건조대,7.7,49.0,29.0,12.0,2.84,7.7,중형,6000.0,2026-05-05,배송완료,2026-05-05 9:35:00,방문접수,2026-05-04 17:04:00,2026-05-05,7.7,49,7.7
4100001947,2026-07-27 16:15:00,41,울산지점,C55F6D57C,한예진,박현철,,부산,부산진구 부전동,일반,도서·문구,노트 10권,5.3,31.0,25.0,25.0,3.23,5.3,중형,6000.0,2026-07-28,배송완료,2026-07-28 17:46:00,방문접수,2026-07-27 16:15:00,2026-07-28,5.3,31,5.3
1200000157,2026-07-20 13:34:00,12,용산지점,CB20FB5CF,한하식,김성호,010-8696-8499,부산,부산진구 부전동,일반,생활용품,빨래건조대,3.4,39.0,30.0,25.0,4.88,4.88,중형,6000.0,2026-07-21,배송완료,2026-07-22 12:48:00,편의점접수,2026-07-20 13:34:00,2026-07-21,3.4,39,4.9
3100000297,2026-07-30 12:40:00,31,진주지점,C6488CB8E,김현율,이윤호,010-8057-9423,대전,대덕구 송촌동,일반,화장품·미용,스킨케어세트,0.6,35.0,30.0,14.0,2.45,2.45,소형,4000.0,2026-07-31,배송완료,,인터넷접수,2026-07-30 12:40:00,2026-07-31,0.6,35,2.5
2100002116,2026-06-13 09:17:00,21,대전지점,CAECFEA7D,류시현,강규호,010-9555-5995,대전,유성구 봉명동,일반,생활용품,주방용품,4.6,30.0,32.0,24.0,3.84,4.6,중형,6000.0,2026-06-15,배송완료,2026-06-16 18:42:00,편의점접수,2026-06-13 9:17:00,2026-06-15,4.6,30,4.6
1200002840,2026-08-03 10:46:00,12,용산지점,C27E6A446,윤현미,윤재란,010-9091-2669,충남,서산시 동문동,일반,생활용품,주방용품,2.5,42.0,41.0,26.0,7.46,7.46,중형,6000.0,2026-08-04,배송중,,인터넷접수,2026-08-03 10:46:00,2026-08-04,2.5,42,7.5
4100002115,2026-06-29 13:30:00,41,울산지점,CCD3CBA93,김호희,윤나빈,010-6598-6519,경남,거제시 고현동,일반,생활용품,화장지,5.6,36.0,28.0,26.0,4.37,5.6,중형,6000.0,2026-06-30,배송완료,2026-07-02 10:50:00,방문접수,2026-06-29 13:30:00,2026-06-30,5.6,36,5.6
1100001168,2026-06-11 17:17:00,11,서울지점,CE2567483,이지우,오재현,010-5562-8922,대구,수성구 범어동,일반,식품,과일선물세트,11.3,29.0,21.0,12.0,1.22,11.3,중형,6000.0,2026-06-12,배송완료,2026-06-15 14:47:00,방문접수,2026-06-11 17:17:00,2026-06-12,11.3,29,11.3
1200000649,2026-05-05 17:43:00,12,용산지점,CA7101B4A,정영아,강서철,,경기,용인시 기흥구,일반,도서·문구,필기구세트,3.3,21.0,27.0,18.0,1.7,3.3,소형,4000.0,2026-05-06,배송완료,2026-05-07 19:11:00,편의점접수,2026-05-05 17:43:00,2026-05-06,3.3,21,3.3
1100000982,2026-05-11 16:12:00,11,서울지점,C26FDDB54,송민원,김은율,1093983730,경기,용인시 기흥구,일반,생활용품,수납함,4.0,43.0,39.0,19.0,5.31,5.31,중형,6000.0,2026-05-12,배송완료,2026-05-12 11:36:00,방문접수,2026-05-11 16:12:00,2026-05-12,4,43,4
1100002871,2026-05-05 13:08:00,11,서울지점,C0574FA2F,김우율,고시영,010-7381-7249,대전,유성구 노은동,일반,도서·문구,책 30권,3.7,32.0,25.0,18.0,2.4,3.7,소형,4000.0,2026-05-06,배송완료,,대리점,2026.05.05 13시08분,2026-05-06,3.7,32,3.7
1100000547,2026-07-30 15:00:00,11,서울지점,CD3E558CF,최준율,장태연,010-7641-6295,서울,마포구 서교동,일반,가구·침구,쿠션,2.6,56.0,44.0,25.0,10.27,10.27,대형,9000.0,2026-07-31,배송완료,2026-08-03 10:36:00,편의점접수,2026-07-30 15:00:00,2026-07-31,2.6kg,56,10.3
2100000648,2026-07-23 17:12:00,21,대전지점,C9408A7C4,박지란,이민철,010-8903-6408,전북,익산시 영등동,일반,생활용품,빨래건조대,3.1,42.0,34.0,32.0,7.62,7.62,중형,6000.0,2026-07-24,배송완료,,인터넷접수,2026-07-23 17:12:00,2026-07-24,3.1kg,42,7.6
1100002736,2026-07-27 11:32:00,11,서울지점,C4C8940C3,이도아,권연환,102261818,경남,진주시 평거동,일반,생활용품,세제(대용량),0.7,40.0,22.0,23.0,3.37,3.37,중형,6000.0,2026-07-28,배송완료,2026-07-29 12:51:00,인터넷접수,2026-07-27 11:32:00,2026-07-28,0.7,40,3.4
1100001839,2026-07-01 14:49:00,11,서울지점,C6A53E72B,최우준,정연숙,010-7633-7317,강원,강릉시 교동,일반,식품,김,10.8,23.0,28.0,25.0,2.68,10.8,중형,6000.0,2026-07-02,배송완료,2026-07-02 16:23:00,대리점,2026-07-01 14:49:00,2026-07-02,10.8,23,10.8
4100002694,2026-05-27 10:41:00,41,울산지점,C6CA31024,서승영,김도숙,1036715038,울산,울주군 범서읍,일반,가구·침구,쿠션,5.8,60.0,36.0,42.0,15.12,15.12,대형,9000.0,2026-05-28,배송완료,,편의점접수,2026-05-27 10:41:00,2026-05-28,5.8kg,60,15.1
1100002464,2026-08-04 11:11:00,11,서울지점,C58842701,박규자,장시자,1062059936,대전,동구 가양동,일반,의류·패션,청바지,0.7,33.0,26.0,15.0,2.14,2.14,소형,4000.0,2026-08-05,간선상차,,편의점접수,2026-08-04 11:11:00,2026-08-05,0.7,33,2.1
1200002167,2026-06-04 11:17:00,12,용산지점,C535582F2,이지진,한유자,010-2897-9989,대전,서구 둔산동,일반,의류·패션,티셔츠,1.5,36.0,28.0,17.0,2.86,2.86,중형,6000.0,2026-06-05,배송완료,2026-06-09 15:46:00,편의점접수,2026-06-04 11:17:00,2026-06-05,1.5,36,2.9
1100000828,2026-07-31 15:45:00,11,서울지점,C2F9F0A2C,정우원,류민미(경비실),010-4008-5965,충북,충주시 연수동,일반,생활용품,빨래건조대,2.9,36.0,31.0,13.0,2.42,2.9,소형,4000.0,2026-08-03,배송완료,2026-08-04 13:51:00,방문접수,2026-07-31 15:45:00,2026-08-03,2.9,36,2.9
1100001110,2026-07-09 19:25:00,11,서울지점,C6EA13D24,김영진,김채진,010-6200-6790,경북,안동시 옥동,일반,전자·디지털,태블릿케이스,4.1,40.0,18.0,23.0,2.76,4.1,중형,6000.0,2026-07-10,반송,2026-07-10 14:53:00,방문접수,2026-07-09 19:25:00,2026-07-10,4.1,40,4.1
2100001879,2026-07-01 15:37:00,21,대전지점,CC2A020A5,강민호,김아숙,010-3366-9397,서울,용산구 청파동,일반,생활용품,청소기필터,5.4,48.0,34.0,16.0,4.35,5.4,중형,6000.0,,배송완료,2026-07-02 11:42:00,방문접수,2026-07-01 15:37:00,,5.4kg,48,5.4
1100002155,2026-05-11 11:11:00,11,서울지점,C8E2DCC6E,이호아,오아아,010-5767-9901,대전,중구 은행동,일반,도서·문구,다이어리,13.9,27.0,20.0,20.0,1.8,13.9,중형,6000.0,2026-05-12,배송완료,2026-05-12 13:06:00,편의점접수,2026-05-11 11:11:00,2026-05-12,13.9,27,13.9
4100002297,2026-06-24 17:23:00,41,울산지점,C409565D2,최하호,이태준,010-3500-9321,경남,창원시 성산구,일반,식품,커피원두,2.0,22.0,17.0,14.0,0.87,2.0,극소형,6500.0,2026-06-25,배송완료,2026-06-26 18:44:00,편의점접수,2026-06-24 17:23:00,2026.06.25,2,22,2
1100002480,2026-05-04 18:25:00,11,서울지점,CBA19DF5B,최나란,류서철,010-9152-3802,경북,경주시 황성동,일반,의류·패션,청바지,2.3,39.0,37.0,29.0,6.97,6.97,중형,6000.0,2026-05-05,배송완료,2026-05-06 12:52:00,편의점접수,2026-05-04 18:25:00,2026-05-05,2.3kg,39,7
1200001817,2026-08-03 16:06:00,12,용산지점,C0447433E,김예연,김지란,010-3940-5411,전남,순천시 조례동,일반,식품,김,7.4,38.0,27.0,24.0,4.1,7.4,중형,6000.0,2026-08-04,배송완료,2026-08-05 18:28:00,방문접수,2026-08-03 16:06:00,2026.08.04,7.4,38,7.4
3100001552,2026-06-24 14:18:00,31,진주지점,C55B2F688,이유진,김주연,1046015420,경남,창원시 성산구,일반,화장품·미용,샴푸,0.9,27.0,23.0,8.0,0.83,0.9,극소형,3500.0,2026-06-25,배송완료,2026-06-26 16:24:00,방문접수,2026-06-24 14:18:00,2026-06-25,0.9,27,0.9
1200000976,2026-05-30 18:14:00,12,용산지점,C173213BF,김주진,황민미,,울산,남구 삼산동,일반,생활용품,빨래건조대,6.4,44.0,39.0,14.0,4.0,6.4,중형,6000.0,2026-06-01,배송완료,2026-06-01 18:34:00,인터넷접수,2026-05-30 18:14:00,2026-06-01,6.4,44,6.4
4100000368,2026-05-28 14:18:00,41,울산지점,C3F2DBBF2,이우아,최주자,010-3177-5971,충북,충주시 연수동,일반,생활용품,주방용품,1.9,44.0,38.0,27.0,7.52,7.52,중형,6000.0,2026-05-29,배송완료,2026-06-01 9:40:00,인터넷접수,2026-05-28 14:18:00,2026-05-29,1.9,44,7.5
3200000353,2026-07-02 17:11:00,32,거제지점,C3C59E0A4,유민우,신영연,1024773824,서울,용산구 원효로1가,일반,의류·패션,운동화(박스포함),0.6,50.0,27.0,19.0,4.28,4.28,중형,6000.0,2026-07-03,미배송,,인터넷접수,2026-07-02 17:11:00,2026/07/03,0.6,50,4.3
1100002395,2026-06-01 18:14:00,11,서울지점,C58913D75,박유빈,허시미,010-2233-8917,서울,노원구 상계동,일반,전자·디지털,공유기,3.8,32.0,26.0,22.0,3.05,3.8,소형,4000.0,,미배송,,인터넷접수,2026-06-01 18:14:00,,3.8,32,3.8
2100002354,2026-06-08 16:50:00,21,대전지점,C357FBA9F,송승영,최준현,010-3337-3929,경남,거제시 옥포동,일반,도서·문구,책(중고),6.8,34.0,25.0,21.0,2.98,6.8,중형,6000.0,2026-06-09,배송완료,2026-06-09 14:27:00,인터넷접수,2026-06-08 16:50:00,2026-06-09,6.8,34,6.8
1100001775,2026-06-02 11:10:00,11,서울지점,C6DE8155D,김진원,윤정숙,010-8786-9258,경남,거제시 장승포동,일반,화장품·미용,스킨케어세트,0.5,37.0,28.0,23.0,3.97,3.97,중형,6000.0,2026-06-03,배송완료,2026-06-04 10:55:00,방문접수,2026-06-02 11:10:00,2026-06-03,0.5,37,4
1100002875,2026-05-27 19:52:00,11,서울지점,C02849667,김재진,한규현,010-3612-9702,전북,익산시 영등동,일반,생활용품,화장지,3.5,48.0,25.0,21.0,4.2,4.2,중형,6000.0,2026-05-28,배송완료,2026-05-28 16:16:00,편의접수,2026-05-27 19:52:00,2026-05-28,3.5,48,4.2
3100001236,2026-07-07 10:21:00,31,진주지점,C2AB7A0E7,이영연,이예란,010-3443-3915,서울,용산구 한남동,일반,의류·패션,원피스,2.1,42.0,40.0,28.0,7.84,7.84,중형,6000.0,2026-07-08,배송완료,2026-07-09 19:34:00,방문접수,2026-07-07 10:21:00,2026-07-08,2.1,42,7.8
1100001246,2026-07-17 19:49:00,11,서울지점,C0DEA4E9E,백하호,이수경,,경남,창원시 성산구,일반,식품,라면박스,7.5,24.0,27.0,12.0,1.3,7.5,중형,6000.0,2026-07-20,배송완료,2026-07-20 18:50:00,인터넷접수,2026-07-17 19:49:00,2026-07-20,7.5,24,7.5
3100002565,2026-07-31 16:52:00,31,진주지점,CE817A356,배주희,김승아,010-4708-2754,대구,북구 침산동,일반,반려동물,사료,7.4,24.0,24.0,18.0,1.73,7.4,중형,6000.0,2026-08-03,배송완료,2026-08-03 18:16:00,편의점접수,2026/07/31 16:52,2026-08-03,0,24,7.4
2100000677,2026-05-22 17:54:00,21,대전지점,C176F1945,이하경,김현식,010-9888-6881,서울,용산구 후암동,일반,식품,라면박스,6.0,25.0,18.0,22.0,1.65,6.0,중형,6000.0,2026-05-25,배송완료,2026-05-26 13:50:00,대리점,2026-05-22 17:54:00,2026-05-25,6,25,6
3100000563,2026-06-03 12:07:00,31,진주지점,C35D79120,이서현,임규철,1069582438,서울,용산구 이태원동,일반,도서·문구,다이어리,13.5,26.0,29.0,26.0,3.27,13.5,중형,6000.0,2026-06-04,배송완료,2026-06-04 16:25:00,편의점접수,2026-06-03 12:07:00,2026-06-04,13.5,26,13.5
1100000286,2026-06-01 14:16:00,11,서울지점,C27C7DAD7,강규준,김정진,1069246873,충남,아산시 배방읍,일반,전자·디지털,키보드,0.9,25.0,31.0,12.0,1.55,1.55,소형,7000.0,2026-06-02,배송완료,2026-06-02 18:30:00,인터넷접수,2026-06-01 14:16:00,2026-06-02,0.9,25,1.6
2100000262,2026-06-09 12:59:00,21,대전지점,C6270A27C,김아자,이아준,,경남,거제시 고현동,일반,화장품·미용,헤어드라이어,0.9,37.0,18.0,16.0,1.78,1.78,소형,4000.0,2026-06-10,배송완료,2026-06-10 14:42:00,인터넷접수,2026-06-09 12:59:00,2026-06-10,0.9,37,1.8
1100000188,2026-05-26 16:19:00,11,서울지점,C22EF91BE,오은우,박도진,010-5521-9308,경남,진주시 평거동,일반,의류·패션,코트,1.9,39.0,29.0,26.0,4.9,4.9,중형,6000.0,2026-05-27,배송완료,2026-05-27 10:36:00,인터넷접수,2026-05-26 16:19:00,2026-05-27,1.9,39,4.9
3200001687,2026-07-02 14:52:00,32,거제지점,CB0A50FB3,김영식,이서경,1060707971,경기,화성시 동탄,일반,화장품·미용,스킨케어세트,2.1,40.0,26.0,12.0,2.08,2.1,소형,4000.0,2026-07-03,배송완료,2026-07-03 14:26:00,편의점접수,2026-07-02 14:52:00,2026-07-03,0,40,2.1
2100002641,2026-06-01 16:55:00,21,대전지점,C4645C71D,최주우,강주준,1061202294,경기,남양주시 다산동,일반,전자·디지털,이어폰,3.0,36.0,29.0,26.0,4.52,4.52,중형,6000.0,2026-06-02,배송완료,2026-06-02 11:02:00,편의점접수,2026-06-01 16:55:00,2026-06-02,3,36,4.5
1100002743,2026-07-13 15:59:00,11,서울지점,C64D731D5,김시진,김예란,010-4396-5704,전남,여수시 학동,일반,의류·패션,청바지,1.4,28.0,25.0,16.0,1.87,1.87,소형,4000.0,2026-07-14,배송완료,2026-07-15 20:32:00,편의점접수,2026-07-13 15:59:00,2026-07-14,1.4,28,1.9
2100001560,2026-07-10 11:35:00,21,대전지점,C900A25C2,이승호,류예철,105200939,서울,은평구 응암동,일반,전자·디지털,태블릿케이스,2.4,19.0,25.0,23.0,1.82,2.4,소형,4000.0,2026-07-13,배송완료,2026-07-13 16:29:00,인터넷접수,2026-07-10 11:35:00,2026-07-13,2.4,19,2.4
2100000767,2026-07-06 16:35:00,21,대전지점,CFFDB980C,한아자,이채희,010-4912-1849,경남,창원시 성산구,일반,전자·디지털,이어폰,4.6,27.0,15.0,22.0,1.48,4.6,극소형,3500.0,2026-07-07,배송완료,2026-07-09 14:54:00,편의점 접수,2026-07-06 16:35:00,2026-07-07,4.6,27,4.6
4100000575,2026-05-07 15:50:00,41,울산지점,CE80CCBF0,오태미,김성희,,서울,강남구 역삼동,일반,도서·문구,노트 10권,2.9,28.0,18.0,27.0,2.27,2.9,소형,4000.0,2026-05-08,배송완료,2026-05-12 17:40:00,편의점접수,2026-05-07 15:50:00,2026-05-08,2.9,28,2.9
2100002976,2026-07-27 09:53:00,21,대전지점,C2D88FC4B,이은미,박수진,010-8071-4255,경기,성남시 분당구,일반,생활용품,수납함,6.4,32.0,24.0,13.0,1.66,6.4,중형,6000.0,2026-07-28,미 배송,,대리점,2026-07-27 9:53:00,2026-07-28,6.4,32,6.4
2100000612,2026-05-20 15:41:00,21,대전지점,C3309496C,정규준,김윤연,010-3743-8644,광주,광산구 수완동,일반,화장품·미용,스킨케어세트,0.3,36.0,15.0,19.0,1.71,1.71,소형,7000.0,2026-05-21,배송완료,2026-05-21 19:13:00,방문접수,2026-05-20 15:41:00,2026-05-21,0.3,36,1.7
1100002247,2026-06-21 16:06:00,11,서울지점,CEA7AB848,최서희,이윤영,010-4714-1970,서울,용산구 후암동,일반,식품,과일선물세트,11.3,32.0,25.0,17.0,2.27,11.3,중형,6000.0,2026-06-22,배송완료,2026-06-23 13:13:00,편의점접수,2026-06-21 16:06:00,2026-06-22,11.3,32,11.3
4100000026,2026-07-31 14:28:00,41,울산지점,CF44BB85E,임수우,강수연(직접수령),010-5921-6732,경기,남양주시 다산동,일반,생활용품,빨래건조대,4.1,49.0,28.0,19.0,4.34,4.34,중형,6000.0,2026-08-03,배송완료,2026-08-03 13:22:00,편의점접수,2026-07-31 14:28:00,2026-08-03,4.1,49,4.3
1100001256,2026-07-09 15:17:00,11,서울지점,CDDEC74CE,조승서,송재경,010-7987-9259,경기,수원시 영통구,일반,식품,화분(생화),11.0,27.0,,25.0,,11.0,중형,6000.0,2026-07-10,미배송,2026-07-10 16:39:00,대리점,26-07-09 15:17,2026-07-10,11,27,11
1100002841,2026-05-18 15:33:00,11,서울지점,C5011830F,김태현,고승경,,경기,고양시 일산동구,일반,식품,건어물,4.8,33.0,27.0,15.0,2.23,4.8,소형,4000.0,2026-05-19,배송완료,,편의점접수,2026-05-18 15:33:00,2026-05-19,4.8,33,4.8
1100001352,2026-07-28 12:26:00,11,서울지점,C06119256,이영연,홍나진,010-5743-1661,강원,속초시 조양동,일반,식품,커피원두,9.1,25.0,28.0,24.0,2.8,9.1,중형,6000.0,2026-07-29,배송완료,2026-07-29 17:51:00,편의점 접수,2026-07-28 12:26:00,2026-07-29,9.1,25,9.1
2100001628,2026-05-20 18:24:00,21,대전지점,CA3AED0C5,임규경,정윤서,010-2701-5103,울산,울주군 범서읍,일반,의류·패션,반팔티,,33.0,38.0,32.0,6.69,6.69,중형,6000.0,2026-05-21,배송완료,2026-05-21 17:23:00,방문접수,2026-05-20 18:24:00,2026-05-21,0,33,6.7
1100001569,2026-06-26 10:43:00,11,서울지점,C7E06A3D5,김우환,이채율,010-6091-1075,경북,안동시 옥동,일반,의류·패션,티셔츠,0.7,41.0,33.0,21.0,4.74,4.74,중형,6000.0,2026-06-29,배송완료,2026-06-29 14:01:00,대리점,2026-06-26 10:43:00,2026-06-29,0.7,41,4.7
4100000542,2026-07-01 16:34:00,41,울산지점,CFD3405C5,이윤율,전하철,010-6850-3079,서울,용산구 청파동,일반,생활용품,휴지,2.7,28.0,35.0,26.0,4.25,4.25,중형,6000.0,2026-07-02,배송완료,2026-07-02 18:43:00,인터넷접수,2026-07-01 16:34:00,2026-07-02,2.7,28,4.2
1200000352,2026-05-13 14:46:00,12,용산지점,CD50D6F9F,문도환,김서현,010-8450-9058,경남,진주시 평거동,일반,도서·문구,책 30권,0.5,37.0,20.0,16.0,1.97,1.97,소형,4000.0,2026-05-14,배송완료,2026-05-14 17:27:00,방문접수,2026-05-13 14:46:00,2026-05-14,0.5,37,2
2100000351,2026-05-11 14:59:00,21,대전지점,C00CF4F70,권하호,이준아,010-8573-8516,세종,한솔동,일반,식품,커피원두,5.2,34.0,18.0,12.0,1.22,5.2,중형,6000.0,2026-05-12,배송완료,2026-05-12 14:16:00,인터넷접수,2026-05-11 14:59:00,2026-05-12,5.2,34,5.2
3100001618,2026-07-03 16:16:00,31,진주지점,C8E2DCC6E,이호아,양우빈,010-9058-6622,대전,중구 은행동,일반,화장품·미용,헤어드라이어,1.0,37.0,21.0,13.0,1.68,1.68,소형,4000.0,2026-07-06,배송완료,2026-07-07 19:13:00,편의점접수,07/03/2026 16:16,2026-07-06,1,37,1.7
1200002336,2026-06-08 15:26:00,12,용산지점,C09C98BF7,김도준,김태현,010-5482-9493,부산,해운대구 우동,일반,식품,된장,9.0,35.0,25.0,14.0,2.04,9.0,중형,6000.0,2026-06-09,배송완료,2026-06-09 19:38:00,인터넷접수,2026-06-08 15:26:00,2026-06-09,9,35,9
3100001886,2026-06-19 15:55:00,31,진주지점,C3E699135,조규경,조나숙,010-3928-7441,서울,마포구 서교동,일반,생활용품,주방용품,7.3,39.0,38.0,24.0,5.93,7.3,중형,6000.0,2026-06-22,배송완료,2026-06-22 13:48:00,인터넷접수,2026-06-19 15:55:00,2026-06-22,7.3,39,7.3
1200000483,2026-06-18 10:40:00,12,용산지점,C61FE1314,이준진,오우경,010-6550-6836,서울,용산구 청파동,일반,의류·패션,티셔츠,1.6,37.0,39.0,32.0,7.7,7.7,중형,6000.0,2026-06-19,배송완료,2026-06-26 16:16:00,방문접수,2026-06-18 10:40:00,2026-06-19,1.6,37,7.7
3200001455,2026-05-13 16:37:00,32,거제지점,C341018F7,김진아,김규희,1056346018,경북,안동시 옥동,일반,의류·패션,티셔츠 2장,1.1,35.0,36.0,18.0,3.78,3.78,중형,6000.0,2026-05-14,배송완료,2026-05-14 19:55:00,편의점접수,2026-05-13 16:37:00,2026-05-14,1.1,35,3.8
1100001895,2026-07-21 15:22:00,11,서울지점,CB34F6337,오아준,강지호,010-4752-5870,부산,부산진구 부전동,일반,화장품·미용,향수,0.5,32.0,31.0,14.0,2.31,2.31,소형,4000.0,2026-07-22,배송완료,2026-07-29 19:58:00,인터넷접수,2026-07-21 15:22:00,2026-07-22,0.5,32,2.3
1200002495,2026-05-22 10:31:00,12,용산지점,C77A988E4,김준란,신예우,010 5153 9595,경남,양산시 물금읍,일반,생활용품,빨래건조대,7.9,49.0,38.0,28.0,8.69,8.69,중형,6000.0,2026-05-25,배송완료,2026-05-25 10:46:00,편의점접수,2026-05-22 10:31:00,2026-05-25,7.9,49,8.7
1200000753,2026-07-29 15:06:00,12,용산지점,CCE5836E9,박민희,박진환(직접수령),010 4393 4070,전북,전주시 덕진구,일반,전자·디지털,태블릿케이스,2.9,35.0,29.0,18.0,3.04,3.04,중형,9000.0,2026-07-30,배송완료,2026-07-30 15:34:00,편의점접수,2026-07-29 15:06:00,2026-07-30,2.9,35,3
1200000867,2026-06-16 14:45:00,12,용산지점,CB79A58DC,이나빈,이준미,010-9019-8649,경기,화성시 동탄,일반,생활용품,빨래건조대,5.2,49.0,39.0,24.0,7.64,7.64,중형,6000.0,2026-06-17,배송완료,2026-06-17 19:40:00,방문접수,2026-06-16 14:45:00,2026-06-17,5.2,49,7.6
2100002343,2026-07-20 19:18:00,21,대전지점,C2C6E79C0,김성란,이민아,010-4626-5314,경북,경주시 황성동,일반,도서·문구,문제집,9.8,30.0,24.0,15.0,1.8,9.8,중형,6000.0,2026-07-21,배송완료,2026-07-21 18:17:00,인터넷접수,2026-07-20 19:18:00,2026-07-21,9.8,30,9.8
4100001885,2026-05-14 11:50:00,41,울산지점,CDC37E2DE,이채식,박유준(직접수령),010-8926-6164,경기,고양시 일산동구,일반,의류·패션,가방,1.8,46.0,39.0,23.0,6.88,6.88,중형,6000.0,2026-05-15,배송완료,2026-05-15 15:35:00,대리점,2026-05-14 11:50:00,2026-05-15,1.8,46,6.9
3100001745,2026-05-14 17:58:00,31,진주지점,C6488CB8E,김현율,최은연,010-5817-7476,전남,순천시 조례동,일반,식품,현금,6.4,25.0,25.0,22.0,2.29,6.4,중형,6000.0,2026-05-15,반품,2026-05-15 20:36:00,인터넷접수,2026-05-14 17:58:00,2026-05-15,6.4,25,6.4
1100002823,2026-06-01 15:27:00,11,서울지점,C77D07313,조채경,김현준,,울산,울주군 범서읍,일반,가구·침구,베개,1.8,48.0,53.0,34.0,14.42,14.42,대형,9000.0,2026-06-02,배송완료,2026-06-02 16:41:00,편의점접수,2026-06-01 15:27:00,2026-06-02,1.8,48,14.4
1100000681,2026-06-22 15:40:00,11,서울지점,C17C09CC1,김호환,이은희(경비실),010-5583-8863,충북,청주시 흥덕구,일반,의류·패션,가방,2.3,47.0,33.0,28.0,7.24,7.24,중형,6000.0,2026-06-23,배송완료,2026-06-24 18:39:00,편의점 접수,2026-06-22 15:40:00,2026-06-23,2.3,47,7.2
3100001292,2026-06-08 14:20:00,31,진주지점,C8529ABF7,임유우,정현자,010-5683-1714,인천,남동구 구월동,일반,도서·문구,책,3.9,24.0,17.0,28.0,1.9,3.9,소형,4000.0,2026-06-09,배송완료,2026-06-10 9:52:00,편의점접수,2026-06-08 14:20:00,2026-06-09,3.9,24,3.9
4100002257,2026-07-09 16:40:00,41,울산지점,CC25AF36D,김예자,이도아,010-2880-6295,경남,김해시 장유동,일반,의류·패션,원피스,1.8,36.0,35.0,25.0,5.25,5.25,중형,6000.0,2026-07-10,배송완료,2026-07-10 11:23:00,편의점접수,2026-07-09 16:40:00,2026-07-10,1.8,36,5.2
3100001214,2026-06-15 15:42:00,31,진주지점,C3B06FEB8,박주철,윤하자,010-4223-3631,경남,진주시 평거동,일반,생활용품,빨래건조대,2.4,38.0,,12.0,,2.4,중형,6000.0,2026-06-16,배송완료,2026-06-18 18:03:00,인터넷접수,2026-06-15 15:42:00,2026-06-16,2.4,38,2.4
1100002958,2026-06-09 17:41:00,11,서울지점,C338D580D,정민미,이호철,010-5598-4360,대전,중구 은행동,일반,생활용품,세제,2.5,29.0,23.0,16.0,1.78,2.5,소형,4000.0,2026-06-10,배송완료,2026-06-11 12:19:00,편의점접수,2026-06-09 17:41:00,2026-06-10,2.5,29,2.5
1200000594,2026-06-09 09:51:00,12,용산지점,CFF22484C,김현희,김진자,010-3723-6867,부산,사하구 하단동,일반,전자·디지털,공유기,2.6,39.0,16.0,21.0,2.18,2.6,소형,4000.0,,배송완료,2026-06-11 10:15:00,편의점접수,2026-06-09 9:51:00,,2.6,39,2.6
1100002936,2026-06-30 18:20:00,11,서울지점,C4A990FC0,김규빈,허은희,010-5861-9762,서울,용산구 청파동,일반,식품,건어물,6.7,30.0,24.0,17.0,2.04,6.7,중형,6000.0,2026-07-01,배송완료,2026-07-01 20:26:00,인터넷접수,2026-06-30 18:20:00,2026-07-01,6.7,30,6.7
1100000924,2026-06-11 19:05:00,11,서울지점,CBDE34D25,오유우,허성아,010-9938-1858,경남,양산시 물금읍,일반,식품,건어물,7.7,26.0,28.0,20.0,2.43,7.7,중형,6000.0,2026-06-12,배송 완료,2026-06-16 14:17:00,방문접수,2026-06-11 19:05:00,2026-06-12,7.7,26,7.7
3200002852,2026-07-08 13:35:00,32,거제지점,C8484CE16,김준란,김아식,010-2100-1114,서울,용산구 청파동,일반,식품,건어물,11.6,28.0,26.0,24.0,2.91,11.6,중형,6000.0,2026-07-09,배송완료,2026-07-09 11:39:00,인터넷접수,2026-07-08 13:35:00,2026-07-09,11.6,28,11.6
3100001395,2026-07-16 11:41:00,31,진주지점,CA811C1AF,이현경,서연호,010-4087-6637,울산,남구 옥동,일반,의류·패션,청바지,1.5,39.0,27.0,30.0,5.26,5.26,중형,5000.0,2026-07-17,배송완료,2026-07-17 15:14:00,편의점접수,2026-07-16 11:41:00,2026-07-17,1.5,39,5.3
1100002681,2026-06-03 15:43:00,11,서울지점,C7D6D7CE8,박서란,이지식,010-4117-1813,충남,천안시 서북구,일반,반려동물,사료,5.5,18.0,27.0,8.0,0.65,5.5,중형,6000.0,2026-06-04,배송완료,2026-06-04 19:05:00,방문접수,2026-06-03 15:43:00,2026-06-04,5.5,18,5.5
3100002313,2026-07-06 16:09:00,31,진주지점,CDAD7D58C,김태희,이나환,010-5718-8694,서울,노원구 상계동,일반,전자·디지털,충전기,2.4,18.0,16.0,18.0,0.86,2.4,소형,4000.0,2026-07-07,배송완료,,방문접수,2026-07-06 16:09:00,2026-07-07,2.4,18,2.4
2100002632,2026-07-23 17:13:00,21,대전지점,C57192709,김시호,임은아,010-7874-2720,경남,창원시 성산구,일반,식품,건어물,6.8,29.0,24.0,21.0,2.44,6.8,중형,9000.0,2026-07-24,배송완료,2026-07-27 19:06:00,편의점접수,2026-07-23 17:13:00,2026-07-24,6.8,29,6.8
2100001271,2026-06-30 19:54:00,21,대전지점,CBB92B612,김준율,한예서,010-4482-6423,울산,남구 삼산동,일반,식품,건어물,1.4,33.0,17.0,19.0,1.78,1.78,소형,4000.0,2026-07-01,배송완료,2026-07-01 11:55:00,편의점접수,2026-06-30 19:54:00,2026-07-01,1.4,33,1.8
1100002634,2026-05-27 11:59:00,11,서울지점,CEF09C048,이예준,이나영,1045519502,부산,동래구 온천동,일반,전자·디지털,충전기,1.5,21.0,21.0,19.0,1.4,1.5,소형,4000.0,2026-05-28,배송완료,2026-05-29 16:32:00,방문접수,2026-05-27 11:59:00,2026-05-28,1.5,21,1.5
2100001643,2026-05-05 10:25:00,21,대전지점,C0E684E7F,한채숙,오은자,,제주,제주시 노형동,제주,의류·패션,운동화,1.0,38.0,42.0,16.0,4.26,4.26,중형,9000.0,2026-05-07,배송완료,2026-05-07 15:41:00,편의점접수,2026-05-05 10:25:00,2026-05-07,1,38,4.3
1200002636,2026-06-01 15:30:00,12,용산지점,C37C8AD1B,김아현,김민란,010-3141-5885,서울,강남구 역삼동,일반,전자·디지털,공유기,0.6,24.0,27.0,17.0,1.84,1.84,소형,4000.0,2026-06-02,배송완료,2026-06-02 19:24:00,방문접수,26-06-01 15:30,2026-06-02,0.6,24,1.8
3100001065,2026-07-21 12:49:00,31,진주지점,C0016EC62,김진호,이하준,010-8073-6210,서울,강남구 역삼동,일반,식품,건어물,1.8,36.0,15.0,27.0,2.43,2.43,소형,4000.0,2026-07-22,배송완료,2026-07-22 11:39:00,방문접수,2026-07-21 12:49:00,2026-07-22,1.8,36,2.4
1200001995,2026-06-05 19:08:00,12,용산지점,C5792B9F8,김정호,김시란,010-6956-7551,경기,수원시 영통구,일반,반려동물,강아지옷,3.5,28.0,30.0,25.0,3.5,3.5,중형,6000.0,2026-06-08,배송완료,2026-06-10 15:40:00,편의점접수,2026-06-05 19:08:00,2026-06-08,3.5,28,3.5
4100001792,2026-07-22 16:40:00,41,울산지점,CB5CEFCF9,강도미,이호자,010-2090-1962,경남,거제시 옥포동,일반,화장품·미용,샴푸,2.6,25.0,28.0,14.0,1.63,2.6,소형,4000.0,2026-07-23,배송완료,2026-07-23 16:15:00,방문접수,2026-07-22 16:40:00,2026-07-23,2.6,25,2.6
1100001218,2026-05-11 17:43:00,11,서울지점,C0FB8FD70,이도아,박수준,010-7753-7605,대전,유성구 봉명동,일반,도서·문구,노트,11.7,27.0,24.0,17.0,1.84,11.7,중형,6000.0,2026-05-12,반품,,인터넷접수,2026-05-11 17:43:00,2026-05-12,11.7,27,11.7
1100002635,2026-07-31 15:11:00,11,서울지점,C0832D885,홍서진,김예아,010-9173-3958,충남,아산시 배방읍,일반,의류·패션,원피스,2.0,34.0,39.0,24.0,5.3,5.3,중형,6000.0,2026-08-03,배송완료,2026-08-03 15:22:00,인터넷접수,2026-07-31 15:11:00,2026-08-03,2,34,5.3
1200000596,2026-05-27 16:18:00,12,용산지점,C2C6CF88C,김현율,조우숙,1098869345,대구,북구 침산동,일반,식품,김,4.4,33.0,17.0,18.0,1.68,4.4,소형,4000.0,2026-05-28,배송완료,2026-05-28 17:50:00,편의점접수,2026-05-27 16:18:00,2026-05-28,4.4,33,4.4
2100001224,2026-06-01 18:56:00,21,대전지점,CDF0877C1,김은철,김우자,010-8336-6658,울산,남구 삼산동,일반,생활용품,주방용품,7.1,35.0,29.0,19.0,3.21,7.1,중형,6000.0,2026-06-02,배송완료,2026-06-03 11:24:00,편의점접수,2026-06-01 18:56:00,2026-06-02,7.1,35,7.1
4100002965,2026-07-24 14:22:00,41,울산지점,C382C2F46,이수식,임영영,010-8679-9174,울산,울주군 범서읍,일반,의류·패션,원피스,1.2,45.0,35.0,13.0,3.41,3.41,중형,6000.0,2026-07-27,배송완료,2026-07-27 11:37:00,대리점,2026-07-24 14:22:00,2026-07-27,1.2,45,3.4
2100002865,2026-06-06 12:25:00,21,대전지점,C173213BF,김주진,이영빈,010-9613-7463,서울,마포구 서교동,일반,전자·디지털,이어폰,0.4,32.0,17.0,22.0,1.99,1.99,소형,4000.0,2026-06-08,배송완료,2026-06-08 19:30:00,방문접수,2026-06-06 12:25:00,2026-06-08,0.4,32,2
1200002782,2026-05-05 17:11:00,12,용산지점,C9033DFF6,강시원,박유환,010-8159-7280,충북,청주시 흥덕구,일반,의류·패션,티셔츠 2장,2.2,49.0,37.0,29.0,8.76,8.76,중형,6000.0,2026-05-06,배송완료,2026-05-08 9:50:00,방문접수,2026-05-05 17:11:00,2026-05-06,2.2,49,8.8
1100001304,2026-06-12 14:58:00,11,서울지점,C61AC1437,김윤란,김유식,010-4857-6160,경기,수원시 영통구,일반,화장품·미용,스킨케어세트,2.7,21.0,18.0,16.0,1.01,2.7,소형,4000.0,2026-06-15,배송완료,2026-06-16 20:51:00,편의점접수,2026-06-12 14:58:00,2026-06-15,2.7,21,2.7
4100000659,2026-05-06 15:00:00,41,울산지점,CD3F8F0B7,윤아아,김정빈,010-2679-5039,전북,군산시 나운동,일반,생활용품,수납함,6.1,35.0,37.0,20.0,4.32,6.1,중형,6000.0,2026-05-07,배송완료,2026-05-07 15:40:00,대리점,2026/05/06 15:00,2026-05-07,6.1,35,6.1
4100002085,2026-06-15 15:41:00,41,울산지점,CB1E1B3B3,신도철,정윤란,010-2856-7482,도서산간,추자도 대서리,도서산간,식품,과일선물세트,1.4,24.0,22.0,26.0,2.29,2.29,소형,9000.0,2026-06-18,배송완료,2026-06-19 13:50:00,인터넷접수,2026-06-15 15:41:00,2026-06-18,1.4,24,2.3
4100000200,2026-05-10 16:04:00,41,울산지점,C023306D3,김윤원,최성호,010-2129-4178,강원,원주시 무실동,일반,전자·디지털,태블릿케이스,4.1,22.0,17.0,19.0,1.18,4.1,소형,4000.0,2026-05-11,배송완료,2026-05-11 12:56:00,인터넷접수,2026-05-10 16:04:00,2026-05-11,4.1,22,4.1
3100002561,2026-06-01 14:22:00,31,진주지점,C18FE369E,송수아,김윤환,010-3633-9259,충북,청주시 흥덕구,일반,전자·디지털,이어폰,0.4,20.0,16.0,16.0,0.85,0.85,극소형,3500.0,2026-06-02,배송완료,2026-06-02 9:15:00,대리점,2026-06-01 14:22:00,2026-06-02,0.4,20,0.9
2100001058,2026-07-16 17:13:00,21,대전지점,CB8D87E83,허시서,최윤호 님,010-4702-4249,울산,동구 방어동,일반,전자·디지털,태블릿케이스,2.4,22.0,22.0,20.0,1.61,2.4,소형,4000.0,2026-07-17,배송완료,2026-07-17 14:08:00,방문접수,2026-07-16 17:13:00,2026-07-17,2.4,22,2.4
4100001216,2026-05-08 15:42:00,41,울산지점,CAC1543B2,이정진,이민숙,010-3017-1536,경남,거제시 옥포동,일반,식품,건어물,11.2,38.0,26.0,17.0,2.8,11.2,중형,6000.0,2026-05-11,배송완료,2026-05-11 19:21:00,편의점접수,2026-05-08 15:42:00,2026-05-11,11.2,38,11.2
1100002091,2026-06-03 11:07:00,11,서울지점,C91FFA8C2,김준경,최영경,010-6424-2793,경남,양산시 물금읍,일반,의류·패션,운동화,1.4,30.0,34.0,28.0,4.76,4.76,중형,6000.0,2026-06-04,배송완료,2026-06-08 19:43:00,,2026-06-03 11:07:00,2026-06-04,1.4,30,4.8
1100002442,2026-07-28 11:35:00,11,서울지점,CB34F6337,오아준,김유빈,010-9855-9234,경남,창원시 성산구,일반,전자·디지털,공유기,1.6,37.0,18.0,11.0,1.22,1.6,소형,4000.0,2026-07-29,배송완료,2026-07-29 17:47:00,편의점접수,2026-07-28 11:35:00,2026-07-29,1.6,37,1.6
2100001233,2026-05-06 18:05:00,21,대전지점,CDA1A69CB,김태란,최아숙,010-2314-5611,경남,거제시 고현동,일반,화장품·미용,샴푸,0.5,40.0,16.0,16.0,1.71,1.71,소형,4000.0,2026-05-07,배송완료,2026-05-07 20:50:00,편의점접수,2026-05-06 18:05:00,2026-05-07,0.5,40,1.7
4100002328,2026-06-22 16:54:00,41,울산지점,C864F1C01,박예환,권규자,010-5203-2601,경기,고양시 일산동구,일반,의류·패션,운동화,0.7,41.0,42.0,30.0,8.61,8.61,중형,6000.0,2026-06-23,배송완료,2026-06-23 14:10:00,편의점접수,2026-06-22 16:54:00,2026/06/23,0.7,41,0.7
3200002291,2026-06-10 11:01:00,32,거제지점,C06436893,김시준,김진빈,010 4216 9418,울산,남구 삼산동,일반,식품,포기김치,3.1,25.0,20.0,21.0,1.75,3.1,소형,4000.0,2026-06-11,배송완료,2026-06-11 10:58:00,편의점접수,2026-06-10 11:01:00,2026.06.11,3.1,25,3.1
2100000251,2026-07-02 11:48:00,21,대전지점,CEF8F4FF9,안수영,김수진,010-3356-7506,대전,유성구 노은동,일반,의류·패션,원피스,1.1,39.0,33.0,18.0,3.86,3.86,중형,6000.0,2026-07-03,배송완료,2026-07-06 14:41:00,인터넷접수,2026-07-02 11:48:00,2026-07-03,1.1,39,3.9
4100002142,2026-06-05 13:55:00,41,울산지점,C341018F7,김진아,김하경,,제주,제주시 노형동,제주,의류·패션,코트,1.7,47.0,22.0,17.0,2.93,2.93,중형,9000.0,2026-06-09,반품,,인터넷접수,2026-06-05 13:55:00,2026.06.09,1.7,47,2.9
2100001849,2026-05-18 15:07:00,21,대전지점,CD3C7173F,최승진,서주율,,서울,마포구 서교동,일반,식품,된장,10.3,27.0,23.0,25.0,2.59,10.3,중형,6000.0,2026-05-19,배송완료,2026-05-19 18:30:00,인터넷접수,2026-05-18 15:07:00,2026-05-19,10.3,27,10.3
1100002307,2026-05-19 16:07:00,11,서울지점,C3F6AE748,박서란,권성원,010-2669-5985,경남,진주시 평거동,일반,가구·침구,쿠션,6.0,63.0,51.0,41.0,21.96,21.96,대형,9000.0,2026-05-20,배송완료,2026-05-21 10:12:00,편의점접수,2026-05-19 16:07:00,2026-05-20,6,63,22
4100002260,2026-06-03 15:11:00,41,울산지점,CD2876E43,김서원,이준영,1096782746,서울,용산구 한남동,일반,식품,김,8.9,37.0,25.0,25.0,3.85,8.9,중형,6000.0,2026-06-04,배송완료,2026-06-04 12:39:00,방문접수,2026-06-03 15:11:00,2026-06-04,8.9,37,8.9
3100001335,2026-06-22 18:14:00,31,진주지점,C9132D1F9,김연연,정하희,010-7994-8803,서울,강남구 역삼동,일반,의류·패션,코트,1.8,46.0,30.0,23.0,5.29,5.29,중형,6000.0,2026-06-23,배송완료,2026-06-24 10:23:00,편의점접수,2026-06-22 18:14:00,2026-06-23,1.8,46,5.3
3200001343,2026-07-31 11:41:00,32,거제지점,CA681247F,양진란,최우호,010-2395-5615,충북,청주시 흥덕구,일반,전자·디지털,공유기,4.5,40.0,18.0,18.0,2.16,4.5,소형,4000.0,2026-08-03,배송완료,2026-08-08 14:32:00,방문접수,2026-07-31 11:41:00,2026-08-03,4.5,40,4.5
1100001355,2026-06-18 15:04:00,11,서울지점,C404E1E82,김재환,김은자,010-8494-9842,경남,거제시 장승포동,일반,도서·문구,문제집,7.4,34.0,23.0,19.0,2.48,7.4,중형,6000.0,2026-06-19,배송완료,2026-06-23 9:39:00,인터넷접수,2026-06-18 15:04:00,2026-06-19,7.4,34,7.4
4100000112,2026-07-21 16:16:00,41,울산지점,CAA47C122,황아현,이영원,010-7612-2728,도서산간,흑산도 예리,도서산간,생활용품,휴지,5.6,31.0,26.0,21.0,2.82,5.6,중형,11000.0,2026-07-24,배송완료,2026-07-24 16:03:00,편의점접수,2026-07-21 16:16:00,2026-07-24,5.6,31,5.6
4100002695,2026-06-10 17:43:00,41,울산지점,C6D934C35,송준진,김윤준,010-5474-8299,서울,용산구 이태원동,일반,의류·패션,코트,2.4,50.0,39.0,26.0,8.45,8.45,중형,6000.0,2026-06-11,배송완료,2026-06-11 17:51:00,편의점접수,2026-06-10 17:43:00,2026-06-11,2.4,50,8.4
4100000517,2026-06-18 18:47:00,41,울산지점,CAB692E8B,이윤준,김호우,010-3409-7355,서울,용산구 한남동,일반,의류·패션,모자,2.3,48.0,40.0,24.0,7.68,7.68,중형,6000.0,2026-06-19,배송완료,2026-06-19 18:48:00,편의점접수,2026-06-18 18:47:00,2026-06-19,2.3,48,7.7
1200001338,2026-08-03 11:53:00,12,용산지점,CFA8277D3,이아원,이연철,010-6737-7871,경남,거제시 고현동,일반,식품,과일선물세트,3.3,23.0,25.0,13.0,1.25,3.3,소형,4000.0,2026-08-04,배송완료,2026-08-04 13:06:00,인터넷접수,2026-08-03 11:53:00,2026-08-04,3.3,23,3.3
3200000485,2026-08-01 09:08:00,32,거제지점,C3B88A34F,이윤영,안연현,010-7905-3149,대전,동구 가양동,일반,식품,과일선물세트,10.6,23.0,21.0,18.0,1.45,10.6,중형,9000.0,2026-08-03,미배송,,편의점접수,2026-08-01 9:08:00,2026-08-03,10.6,23,10.6
4100000213,2026-05-15 18:36:00,41,울산지점,CFD203D90,이현란,최지율,010-2098-6646,경북,구미시 인동,일반,생활용품,휴지,5.6,39.0,37.0,18.0,4.33,5.6,중형,6000.0,2026-05-18,배송완료,2026-05-25 17:38:00,편의점접수,2026-05-15 18:36:00,2026-05-18,5.6,39,5.6
1100002202,2026-05-29 15:16:00,11,서울지점,C37C8AD1B,김아현,김아환,010-7409-1303,경남,진주시 평거동,일반,도서·문구,다이어리,10.7,27.0,21.0,23.0,2.17,10.7,중형,6000.0,2026-06-01,배송완료,2026-06-01 15:45:00,편의점접수,2026-05-29 15:16:00,2026-06-01,10.7,27,10.7
3100002849,2026-06-08 11:58:00,31,진주지점,C66F7516E,김하철,안시빈,010-9019-3976,전북,전주시 덕진구,일반,생활용품,수납함,5.8,40.0,23.0,20.0,3.07,5.8,중형,6000.0,2026-06-09,배송완료,2026-06-09 20:49:00,편의점접수,06/08/2026 11:58,2026-06-09,5.8,40,5.8
1100002215,2026-06-04 10:36:00,11,서울지점,C1ED60A81,송주자,최하철 님,010-8074-7200,대구,달서구 상인동,일반,화장품·미용,스킨케어세트,2.7,32.0,32.0,10.0,1.71,2.7,소형,4000.0,2026-06-05,배송완료,2026-06-08 18:46:00,인터넷접수,2026-06-04 10:36:00,2026-06-05,2.7,32,2.7
1100000103,2026-07-03 11:52:00,11,서울지점,C3D2F6C54,김민미,김현경,010-3270-7285,경남,진주시 충무공동,일반,생활용품,세제,0.9,39.0,41.0,13.0,3.46,3.46,중형,6000.0,2026-07-06,배송완료,2026-07-07 12:35:00,대리점,2026-07-03 11:52:00,2026-07-06,0.9,39,3.5
1100002866,2026-06-11 13:23:00,11,서울지점,C68858BB6,오승호,김영율,010-2600-8426,대전,유성구 봉명동,일반,화장품·미용,헤어드라이어,1.9,25.0,28.0,20.0,2.33,2.33,소형,4000.0,2026-06-12,배송완료,2026-06-16 9:07:00,편의점접수,2026-06-11 13:23:00,2026-06-12,1.9,25,2.3
4100000576,2026-06-05 11:55:00,41,울산지점,C5CB82ED4,전연서,송서영,010-7342-3928,전북,군산시 나운동,일반,식품,라면박스,1.2,30.0,19.0,23.0,2.18,2.18,소형,4000.0,2026-06-08,배송완료,2026-06-08 12:52:00,대리점,2026-06-05 11:55:00,2026-06-08,1.2,30,1.2
1200002520,2026-07-13 14:40:00,12,용산지점,C719DACE7,정수철,김호숙(직접수령),010 4720 3389,경남,거제시 고현동,일반,식품,김,8.1,38.0,30.0,22.0,4.18,8.1,중형,6000.0,2026-07-14,배송완료,2026-07-14 15:08:00,편의점접수,2026-07-13 14:40:00,2026-07-14,8.1,38,8.1
3100001115,2026-05-12 12:38:00,31,진주지점,CDE3C6657,윤시연,전서란(직접수령),010-4261-6506,충남,천안시 서북구,일반,생활용품,수납함,0.8,31.0,41.0,26.0,5.51,5.51,중형,6000.0,2026-05-13,배송완료,2026-05-13 9:26:00,편의점접수,2026-05-12 12:38:00,2026-05-13,0.8,31cm,5.5
1100002407,2026-06-03 14:07:00,11,서울지점,CDDEC74CE,조승서,박유진,010-2588-8027,경북,포항시 남구,일반,화장품·미용,향수,1.8,21.0,26.0,13.0,1.18,1.8,극소형,3500.0,2026-06-04,배송완료,,인터넷접수,2026-06-03 14:07:00,2026-06-04,1.8,21,1.8
4100002244,2026-06-11 15:41:00,41,울산지점,C39C535B9,강현빈,류태희,010-2112-1394,대전,대덕구 송촌동,일반,생활용품,청소기필터,7.9,50.0,23.0,26.0,4.98,7.9,중형,6000.0,2026-06-12,배송완료,2026-06-12 9:33:00,편의점접수,2026-06-11 15:41:00,2026/06/12,7.9,50,7.9
3100000527,2026-06-21 17:53:00,31,진주지점,C7BDEEB1D,김수우,정우연,010-8747-3933,경남,거제시 고현동,일반,생활용품,휴지 30롤,2.3,44.0,28.0,30.0,6.16,6.16,중형,6000.0,2026-06-22,배송완료,2026-06-22 15:25:00,편의점접수,2026-06-21 17:53:00,2026-06-22,2.3,44,6.2
3100002902,2026-07-16 12:50:00,31,진주지점,CA5959E5F,이서경,박승우,010-9250-5896,경기,고양시 일산동구,일반,가구·침구,이 불,1.2,68.0,45.0,45.0,22.95,22.95,극소형,9000.0,2026-07-17,배송완료,2026-07-17 17:47:00,대리점접수,2026-07-16 12:50:00,2026-07-17,1.2,68,22.9
2100001283,2026-07-09 17:33:00,21,대전지점,C9132D1F9,김연연,신연숙,010-2478-1768,인천,연수구 송도동,일반,전자·디지털,이어폰,5.2,20.0,31.0,18.0,1.86,5.2,중형,6000.0,2026-07-10,배송완료,2026-07-10 15:46:00,인터넷접수,2026-07-09 17:33:00,2026-07-10,5.2,20,5.2
4100000540,2026-05-11 16:07:00,41,울산지점,C6488CB8E,김현율,김주현,010-5566-3023,경기,고양시 일산동구,일반,도서·문구,책(중고),13.1,23.0,22.0,28.0,2.36,13.1,중형,6000.0,2026-05-12,배송완료,2026-05-14 17:01:00,편의점접수,2026-05-11 16:07:00,2026-05-12,13.1,23,13.1
1100001671,2026-07-14 17:05:00,11,서울지점,C76C0B8A6,김아경,이정자,010-3363-3809,경기,수원시 영통구,일반,반려동물,고양이모래,6.4,40.0,24.0,10.0,1.6,6.4,중형,6000.0,2026-07-15,반품,,방문접수,2026-07-14 17:05:00,2026-07-15,6.4,40,6.4
1200000414,2026-07-06 16:19:00,12,용산지점,C44DF9681,최호경,김호경,010-8231-1705,대전,중구 은행동,일반,도서·문구,노트류,11.5,30.0,28.0,14.0,1.96,11.5,중형,6000.0,2026-07-07,배송완료,2026-07-07 10:34:00,인터넷접수,2026-07-06 16:19:00,2026-07-07,11.5,30,11.5
3100001778,2026-05-12 18:21:00,31,진주지점,CB019A195,정서영,이민숙,010-8705-2675,서울,마포구 서교동,일반,식품,김치,7.3,38.0,18.0,16.0,1.82,7.3,중형,9000.0,2026-05-13,배송완료,2026-05-13 16:10:00,대리점,2026-05-12 18:21:00,2026-05-13,7.3,38,7.3
1100002819,2026-06-22 18:55:00,11,서울지점,C70287B48,김예식,김지현,010-8328-9146,대전,유성구 노은동,일반,식품,포기김치,11.9,30.0,18.0,20.0,1.8,11.9,중형,6000.0,2026-06-23,배송완료,2026-06-23 20:52:00,인터넷접수,2026-06-22 18:55:00,2026-06-23,11.9,30,11.9
2100000339,2026-05-14 14:53:00,21,대전지점,C35D79120,이서현,윤연아,010-3868-9443,대전,동구 가양동,일반,반려동물,강아지옷,3.2,19.0,27.0,15.0,1.28,3.2,소형,4000.0,2026-05-15,배송완료,2026-05-15 9:40:00,편의점접수,2026-05-14 14:53:00,2026-05-15,3.2,19,3.2
4100002889,2026-06-03 13:45:00,41,울산지점,CF568E6AC,김지진,임영진,010-6938-1050,충북,충주시 연수동,일반,식품,쌀(햅쌀),9.1,36.0,30.0,12.0,2.16,9.1,중형,6000.0,2026-06-04,배송완료,2026-06-04 13:40:00,편의점접수,2026-06-03 13:45:00,2026-06-04,9.1,36,9.1
1100001829,2026-06-04 15:38:00,11,서울지점,CF7E2970D,정우호,임연아,010-6437-1635,울산,북구 명촌동,일반,생활용품,청소기필터,5.2,40.0,40.0,29.0,7.73,7.73,중형,6000.0,2026-06-05,배송완료,2026-06-08 20:09:00,인터넷접수,2026-06-04 15:38:00,2026-06-05,5.2,40,7.7
1100002588,2026-07-03 15:53:00,11,서울지점,C94E969BF,김서영,정성연,010-7459-5197,서울,강남구 역삼동,일반,식품,커피원두,11.5,36.0,20.0,26.0,3.12,11.5,중형,6000.0,2026-07-06,배송완료,2026-07-06 13:02:00,편의점접수,2026-07-03 15:53:00,2026-07-06,11.5,36,11.5
2100002393,2026-07-17 14:15:00,21,대전지점,C1ED60A81,송주자,박유진,010-3230-6442,경기,남양주시 다산동,일반,식품,쌀,4.2,26.0,18.0,27.0,2.11,4.2,소형,4000.0,2026-07-20,배송완료,2026-07-21 18:26:00,대리점,2026-07-17 14:15:00,2026-07-20,4.2,26,4.2
1200000611,2026-06-08 19:29:00,12,용산지점,CACF601DA,이윤연,황예철,010-5640-7904,경기,성남시 분당구,일반,식품,커피원두,3.4,29.0,29.0,26.0,3.64,3.64,중형,6000.0,2026-06-09,배송완료,2026-06-11 17:26:00,방문접수,2026-06-08 19:29:00,2026-06-09,3.4,29,3.6
3100002863,2026-07-15 17:44:00,31,진주지점,C77E9E228,이준현,김나아,010-3054-8946,서울,용산구 원효로1가,일반,식품,커피원두,8.1,26.0,22.0,22.0,2.1,8.1,중형,6000.0,2026-07-16,배송완료,2026-07-16 19:50:00,편의점접수,2026/07/15 17:44,2026-07-16,8.1,26,8.1
3100000439,2026-06-06 13:52:00,31,진주지점,C2CF0FDCA,김수빈,장도연 님,,경기,고양시 일산동구,일반,가구·침구,커튼,2.5,70.0,40.0,34.0,15.87,15.87,대형,9000.0,2026-06-08,배송완료,2026-06-09 20:45:00,대리점,2026-06-06 13:52:00,2026-06-08,2.5,70cm,15.9
2100000856,2026-07-03 19:05:00,21,대전지점,CCB3EBFC6,정예자,정나서,1041993141,울산,남구 삼산동,일반,도서·문구,필기구세트,10.1,23.0,23.0,25.0,2.2,10.1,중형,6000.0,2026-07-06,배송완료,2026-07-06 12:35:00,방문접수,26-07-03 19:05,2026-07-06,10.1,23,10.1
1100002585,2026-06-11 16:52:00,11,서울지점,CB34F6337,오아준,문아식,010-5032-4385,서울,은평구 응암동,일반,의류·패션,청바지,2.4,50.0,23.0,25.0,4.79,4.79,중형,6000.0,2026-06-12,반송,,편의점접수,2026-06-11 16:52:00,2026-06-12,2.4,50,4.8
2100000264,2026-05-25 11:26:00,21,대전지점,C3436A740,이진자,김도경,010-5440-3293,서울,마포구 서교동,일반,식품,과일선물세트,11.1,20.0,28.0,20.0,1.87,11.1,중형,6000.0,2026-05-26,배송완료,2026-05-26 15:53:00,방문접수,2026-05-25 11:26:00,2026-05-26,11.1,20,11.1
2100001320,2026-06-29 18:57:00,21,대전지점,C7120FD0A,이승우,김정서,010-2779-2557,경기,화성시 동탄,일반,도서·문구,문제집,3.6,30.0,24.0,12.0,1.44,3.6,소형,4000.0,2026-06-30,배송완료,2026-06-30 19:52:00,인터넷접수,2026-06-29 18:57:00,2026-06-30,3.6,30,3.6
4100001290,2026-05-05 15:01:00,41,울산지점,C284C8539,류시우,최연희,010-7065-9427,강원,원주시 무실동,일반,도서·문구,필기구세트,0.4,29.0,29.0,26.0,3.64,3.64,중형,6000.0,2026-05-06,배송완료,2026-05-06 18:17:00,편의점접수,2026-05-05 15:01:00,2026-05-06,0.4,29,3.6
1100000743,2026-06-09 16:57:00,11,서울지점,C55B2F688,이유진,김우진,,광주,서구 치평동,일반,전자·디지털,충전기,5.6,35.0,29.0,14.0,2.37,5.6,중형,6000.0,2026-06-10,미배송,,편의점접수,2026-06-09 16:57:00,2026-06-10,5.6,35,5.6
2100001462,2026-08-04 16:31:00,21,대전지점,C010EBBF8,황호식,이규자,1082329270,부산,동래구 온천동,일반,도서·문구,필기구세트,4.5,37.0,17.0,25.0,2.62,4.5,소형,4000.0,2026-08-05,간선상차,,인터넷접수,2026/08/04 16:31,2026-08-05,4.5,37,4.5
2100000663,2026-05-01 17:44:00,21,대전지점,CF60E3691,김시환,이주영,010-2394-6401,대구,달서구 상인동,일반,의류·패션,가방,0.9,41.0,27.0,32.0,5.9,5.9,중형,6000.0,2026-05-04,배송완료,2026-05-04 15:05:00,인터넷접수,2026-05-01 17:44:00,2026-05-04,0.9,41,5.9
2100000647,2026-05-05 15:31:00,21,대전지점,C101077F7,박호란,김우자,010-4248-8714,제주,제주시 노형동,제주,식품,김치,7.1,35.0,19.0,14.0,1.55,7.1,중형,9000.0,2026-05-07,배송완료,2026-05-11 17:21:00,방문접수,2026-05-05 15:31:00,2026-05-07,7.1,35,7.1
1100002961,2026-05-06 17:10:00,11,서울지점,C4C8940C3,이도아,김지영 님,010-2018-9364,대전,유성구 노은동,일반,의류·패션,향수,0.7,46.0,23.0,12.0,2.12,2.12,중형,6000.0,2026-05-07,미배송,2026-05-07 15:56:00,편의점접수,2026-05-06 17:10:00,2026-05-07,0.7,46,2.1
1100002912,2026-07-30 17:31:00,11,서울지점,C512AE4AE,조준환,김준철,010-9055-5257,서울,용산구 한남동,일반,식품,쌀(햅쌀),6.6,28.0,23.0,15.0,1.61,6.6,중형,6000.0,2026-07-31,배송완료,2026-07-31 9:56:00,편의점접수,2026/07/30 17:31,2026-07-31,6.6,28,6.6
2100000180,2026-08-03 11:31:00,21,대전지점,CC134F8A9,박진빈,양현원,010-3762-4772,경남,진주시 충무공동,일반,식품,커피원두,10.5,25.0,28.0,25.0,2.92,10.5,중형,6000.0,2026-08-04,배송완료,2026-08-04 15:17:00,대리점,2026-08-03 11:31:00,2026-08-04,10.5,25,10.5
2100002746,2026-06-22 17:15:00,21,대전지점,C0447433E,김예연,김주경,010-2438-1099,경남,김해시 장유동,일반,의류·패션,코트,1.7,37.0,42.0,28.0,7.25,7.25,중형,6000.0,2026-06-23,배송완료,2026-06-23 15:22:00,인터넷접수,2026-06-22 17:15:00,2026-06-23,1.7,37,7.3
2100001160,2026-05-27 14:18:00,21,대전지점,C1DF86E20,오도원,김은원,010-4515-7852,경남,진주시 충무공동,일반,의류·패션,청바지,0.6,43.0,27.0,30.0,5.8,5.8,중형,6000.0,2026-05-28,배송완료,,인터넷접수,2026-05-27 14:18:00,2026-05-28,0.6,43,5.8
3100001097,2026-07-31 19:51:00,31,진주지점,C53D9810E,임준빈,송채아,,대전,유성구 노은동,일반,의류·패션,청바지,0.7,32.0,22.0,29.0,3.4,3.4,중형,6000.0,2026-08-03,반품,,편의점접수,2026-07-31 19:51:00,2026-08-03,0.7,32,3.4
1100000445,2026-05-04 16:35:00,11,서울지점,C88B4F715,권성원,이준숙,1044689481,전남,순천시 조례동,일반,생활용품,수납함,3.6,44.0,30.0,25.0,5.5,5.5,중형,6000.0,2026-05-05,배송완료,2026-05-05 12:42:00,편의점 접수,2026-05-04 16:35:00,2026-05-05,3.6,44,5.5
4100000240,2026-08-04 16:29:00,41,울산지점,CD69FDCCA,박윤환,임우자,,서울,마포구 서교동,일반,의류·패션,반팔티,,34.0,36.0,29.0,5.92,5.92,중형,6000.0,2026-08-05,간선하차,,편의점접수,2026-08-04 16:29:00,2026-08-05,-1,34,5.9
2100001014,2026-06-17 16:39:00,21,대전지점,C292523D7,이정미,김승경,010-9753-8950,전남,순천시 조례동,일반,도서·문구,문제집,11.3,22.0,17.0,13.0,0.81,11.3,중형,6000.0,2026-06-18,배송완료,2026-06-18 15:25:00,편의점접수,2026-06-17 16:39:00,2026-06-18,11.3,22,11.3
1200001710,2026-06-10 15:34:00,12,용산지점,C4C33A5A7,한윤란,유현우,010-4203-7198,경기,남양주시 다산동,일반,식품,김치,6.0,21.0,30.0,16.0,1.68,6.0,중형,6000.0,2026-06-11,배송완료,2026-06-12 15:19:00,편의점접수,2026-06-10 15:34:00,2026-06-11,6,21,6
3100001718,2026-07-22 14:47:00,31,진주지점,CBC66CB45,이수서,양승연,010 4143 6021,부산,동래구 온천동,일반,의류·패션,가방,2.4,39.0,34.0,12.0,2.65,2.65,중형,6000.0,2026-07-23,배송완료,2026-07-23 17:20:00,대리점,2026-07-22 14:47:00,2026-07-23,2.4,39,2.7
1100000623,2026-07-09 12:07:00,11,서울지점,CDF82F3AA,권규희,박승란,010-2614-2514,경기,용인시 기흥구,일반,의류·패션,패딩,1.3,40.0,25.0,24.0,4.0,4.0,중형,6000.0,2026-07-10,배송완료,2026-07-14 14:20:00,편의점접수,2026-07-09 12:07:00,2026/07/10,1.3,40,4
1100002525,2026-06-12 14:45:00,11,서울지점,C18E8CC96,이지영,이준원,010-3076-9276,제주,서귀포시 중문동,제주,생활용품,빨래건조대,6.8,47.0,35.0,26.0,7.13,7.13,중형,9000.0,2026-06-16,배송완료,2026-06-16 15:51:00,편의점접수,2026-06-12 14:45:00,2026-06-16,6.8,47,7.1
3100002726,2026-06-22 11:48:00,31,진주지점,C5A9F6732,이성준,이태진,010-3275-9182,울산,중구 성남동,일반,도서·문구,문제집,9.7,21.0,21.0,19.0,1.4,9.7,중형,6000.0,2026-06-23,배송완료,2026-06-24 12:20:00,방문접수,2026-06-22 11:48:00,2026-06-23,9.7kg,21,9.7
3100000418,2026-06-22 17:27:00,31,진주지점,C2D88FC4B,이은미,서승자,010-2907-5338,경남,김해시 장유동,일반,식품,라면박스,4.6,38.0,23.0,27.0,3.93,4.6,중형,6000.0,,배송완료,2026-06-23 17:01:00,방문접수,2026-06-22 17:27:00,,4.6,38,4.6
3200001702,2026-07-03 16:55:00,32,거제지점,C176F1945,이하경,정영숙,010-3936-6370,대전,중구 은행동,일반,생활용품,빨래건조대,3.0,42.0,40.0,14.0,3.92,3.92,중형,6000.0,2026-07-06,배송완료,,편의점접수,2026-07-03 16:55:00,2026-07-06,3,42,3.9
4100002901,2026-06-15 16:44:00,41,울산지점,CB51D28AD,윤영진,박시철,010-9525-4347,대구,수성구 범어동,일반,도서·문구,노트류,9.6,34.0,29.0,19.0,3.12,9.6,중형,6000.0,2026-06-16,배송완료,2026-06-17 10:59:00,방문접수,2026-06-15 16:44:00,2026-06-16,9.6,34,9.6
1100002473,2026-06-08 10:04:00,11,서울지점,C740D6B80,이호빈,손연식,1041311773,충남,서산시 동문동,일반,식품,된장,1.2,22.0,17.0,24.0,1.5,1.5,소형,4000.0,2026-06-09,배송완료,2026-06-09 11:40:00,방문접수,2026-06-08 10:04:00,2026-06-09,1.2,22,1.5
1200001617,2026-08-05 10:09:00,12,용산지점,CB6CD848C,이윤진,김진란(경비실),010-6998-7969,경기,남양주시 다산동,일반,전자·디지털,태블릿케이스,4.3,28.0,28.0,17.0,2.22,4.3,소형,4000.0,2026-08-06,간선상차,,편의점접수,2026-08-05 10:09:00,2026-08-06,4.3,28cm,4.3
2100001285,2026-07-12 12:48:00,21,대전지점,CBD52768D,김태희,이정란,010-8889-6326,서울,용산구 후암동,일반,가구·침구,쿠션,4.3,52.0,36.0,26.0,8.11,8.11,중형,6000.0,,배송완료,2026-07-14 17:39:00,방문접수,2026-07-12 12:48:00,,4.3,52,8.1
4100002256,2026-07-14 16:33:00,41,울산지점,C995150A2,김아우,이현영,010-2005-8731,경기,남양주시 다산동,일반,식품,김치,4.1,26.0,17.0,,,4.1,소형,4000.0,2026-07-15,배송완료,2026-07-15 16:15:00,방문접수,2026-07-14 16:33:00,2026-07-15,4.1,26,4.1
3200001536,2026-07-01 13:52:00,32,거제지점,CBDE34D25,오유우,강현연,010-8327-1126,경남,거제시 옥포동,일반,의류·패션,모자,1.0,33.0,36.0,28.0,5.54,5.54,중형,6000.0,2026-07-02,미배송,,방문접수,2026-07-01 13:52:00,2026-07-02,1,33,5.5
4100002938,2026-06-15 15:02:00,41,울산지점,C0AF153EF,이하호,김준경,010-6081-4153,대구,수성구 범어동,일반,생활용품,주방용품,1.2,40.0,32.0,13.0,2.77,2.77,중형,6000.0,2026-06-16,배송완료,2026-06-16 18:49:00,인터넷접수,2026-06-15 15:02:00,2026-06-16,1.2,40,2.8
1100001562,2026-07-02 10:10:00,11,서울지점,CDE523539,이우영,김윤란,010-2894-5153,서울,용산구 청파동,일반,반려동물,장난감,1.1,24.0,18.0,10.0,0.72,1.1,극소형,3500.0,2026-07-03,배송완료,2026-07-06 10:51:00,편의점접수,2026-07-02 10:10:00,2026-07-03,1.1,24,1.1
4100002361,2026-07-24 18:02:00,41,울산지점,C8205C165,이연연,송도영,010-6718-3284,울산,중구 성남동,일반,생활용품,주방용품,1.2,30.0,29.0,29.0,4.2,4.2,중형,6000.0,2026-07-27,배송완료,2026-07-27 18:08:00,편의점접수,2026/07/24 18:02,2026-07-27,1.2,30,4.2
1100002932,2026-08-04 16:23:00,11,서울지점,C575BFE34,최연우,최나식,105600506,부산,해운대구 우동,일반,도서·문구,문제집,11.5,25.0,21.0,18.0,1.58,11.5,중형,6000.0,2026-08-05,집화처리,,인터넷접수,26-08-04 16:23,2026-08-05,11.5,25,11.5
4100001820,2026-07-23 16:42:00,41,울산지점,C86E2233F,강진현,한연철,,대구,북구 침산동,일반,반려동물,고양이모래,7.4,26.0,29.0,20.0,2.51,7.4,중형,6000.0,2026-07-24,배송완료,2026-07-27 15:04:00,편의점접수,2026-07-23 16:42:00,2026-07-24,7.4,26,7.4
4100001656,2026-05-25 17:06:00,41,울산지점,C5972ABFE,문정연,이태영(직접수령),010-2422-8428,경기,고양시 일산동구,일반,생활용품,수납함,6.2,34.0,37.0,14.0,2.94,6.2,중형,6000.0,2026-05-26,배송완료,2026-05-28 16:27:00,방문접수,2026-05-25 17:06:00,2026-05-26,6.2,34,6.2
1100001427,2026-06-01 09:53:00,11,서울지점,C66B7B8CD,김호경,윤호철,1051127525,경남,진주시 평거동,일반,식품,과일선물세트,1.5,33.0,27.0,13.0,1.93,1.93,소형,4000.0,2026-06-02,배송완료,2026-06-02 20:52:00,인터넷접수,2026/06/01 9:53,2026-06-02,1.5,33,1.9
1100002587,2026-07-22 18:13:00,11,서울지점,C146823E7,최연자,김예빈,010-8872-5001,경남,진주시 충무공동,일반,화장품·미용,스킨케어세트,2.2,33.0,14.0,21.0,1.62,2.2,소형,4000.0,2026-07-23,배송완료,2026-07-23 19:45:00,인터넷접수,2026-07-22 18:13:00,2026-07-23,2.2,33,2.2
3100001318,2026-07-01 19:04:00,31,진주지점,CA7DC15AE,박도아,박현미(경비실),010-7295-8597,경남,양산시 물금읍,일반,식품,김치,8.6,23.0,28.0,25.0,2.68,8.6,중형,6000.0,2026-07-02,미배송,,편의점접수,26-07-01 19:04,2026-07-02,8.6,23cm,8.6
4100001921,2026-05-04 11:04:00,41,울산지점,C0754EF95,김성철,안준연,103239799,경남,진주시 초전동,일반,식품,건어물,10.1,26.0,29.0,17.0,2.14,10.1,중형,6000.0,2026-05-05,배송완료,2026-05-07 17:35:00,편의점접수,2026-05-04 11:04:00,2026-05-05,10.1,26,10.1
2100000293,2026-05-26 19:57:00,21,대전지점,C22860011,임승율,김예연,010-7013-8497,울산,울주군 범서읍,일반,의류·패션,가방,2.4,40.0,39.0,21.0,5.46,5.46,중형,6000.0,2026-05-27,배송완료,2026-05-29 20:59:00,편의점접수,2026-05-26 19:57:00,2026-05-27,2.4,40,5.5
1200001866,2026-06-30 11:32:00,12,용산지점,CEBD0BCF8,김지희,박정율,010-5412-2429,서울,용산구 후암동,일반,식품,된장,9.9,29.0,21.0,13.0,1.32,9.9,중형,6000.0,2026-07-01,배송완료,2026-07-01 19:13:00,편의점접수,2026-06-30 11:32:00,2026-07-01,9.9,29,9.9
1100001857,2026-07-14 10:06:00,11,서울지점,CBDE34D25,오유우,윤현호,010 7724 5334,울산,북구 명촌동,일반,가구·침구,이불세트,1.2,63.0,55.0,33.0,19.06,19.06,대형,9000.0,2026-07-15,배송완료,2026-07-17 10:31:00,대리점,2026-07-14 10:06:00,2026-07-15,1.2,63,19.1
1200001489,2026-05-11 13:55:00,12,용산지점,C0FB8FD70,이도아,김시현,010-2167-9909,경기,부천시 원미구,일반,식품,커피원두,8.4,28.0,17.0,12.0,0.95,8.4,중형,6000.0,2026-05-12,배송완료,2026-05-13 16:33:00,편의점접수,2026-05-11 13:55:00,2026-05-12,8.4,28,8.4
1200001808,2026-05-15 14:06:00,12,용산지점,CC7177731,김준서,임연서,010-6071-9055,서울,용산구 한남동,일반,의류·패션,가방,1.3,29.0,40.0,12.0,2.32,2.32,중형,6000.0,2026-05-18,배송완료,2026-05-18 19:38:00,방문접수,2026.05.15 14시06분,2026-05-18,1.3,29,2.3
2100001956,2026-06-16 09:31:00,21,대전지점,C0A080520,조민철,권시미,010-4916-2002,인천,남동구 구월동,일반,화장품·미용,샴푸,2.9,27.0,29.0,9.0,1.17,2.9,소형,4000.0,2026-06-17,배송완료,2026-06-19 11:09:00,,2026-06-16 9:31:00,2026-06-17,2.9,27,2.9
1100002074,2026-07-21 12:44:00,11,서울지점,C257711D3,허진영,이유호,010-3258-8800,인천,남동구 구월동,일반,의류·패션,원피스,0.8,31.0,24.0,29.0,3.6,3.6,중형,6000.0,2026-07-22,배송완료,2026-07-22 16:23:00,방문접수,2026-07-21 12:44:00,2026-07-22,0.8,31,3.6
1100000044,2026-07-27 16:44:00,11,서울지점,C0CD97F99,박아숙,김승란,109496868,울산,남구 옥동,일반,생활용품,빨래건조대,2.4,41.0,23.0,15.0,2.36,2.4,소형,4000.0,2026-07-28,배송완료,2026-07-28 15:22:00,편의점접수,2026-07-27 16:44:00,2026-07-28,0,41,2.4
3100000990,2026-07-13 17:15:00,31,진주지점,C59B431E3,장우연,권예서,010-2294-3333,서울,용산구 원효로1가,일반,의류·패션,모자,2.3,32.0,30.0,13.0,2.08,2.3,소형,4000.0,2026-07-14,배송완료,2026-07-14 19:50:00,방문접수,2026-07-13 17:15:00,2026-07-14,2.3,32,2.3
3100000220,2026-05-18 11:06:00,31,진주지점,C9E011E9D,이윤숙,김아호,010-9377-5131,대구,수성구 범어동,일반,의류·패션,원피스,0.5,49.0,41.0,30.0,10.04,10.04,중형,6000.0,2026-05-19,배송완료,2026-05-19 11:17:00,편의점접수,2026-05-18 11:06:00,2026-05-19,0.5,49,0.5
2100002476,2026-07-08 12:14:00,21,대전지점,C6791BE3E,정준아,김나미,010-9781-8404,서울,은평구 응암동,일반,식품,과일선물세트,3.4,26.0,28.0,13.0,1.58,3.4,소형,4000.0,2026-07-09,배송완료,2026-07-09 16:57:00,편의점접수,2026-07-08 12:14:00,2026-07-09,3.4,26,3.4
1100000938,2026-07-06 09:34:00,11,서울지점,C2A40795A,이유원,최진빈,010-6862-7766,경남,거제시 장승포동,일반,식품,된장,6.1,29.0,21.0,23.0,2.33,6.1,중형,6000.0,2026-07-07,미배송,,인터넷접수,2026-07-06 9:34:00,2026-07-07,6.1,29,6.1
4100000586,2026-06-08 17:57:00,41,울산지점,CEA600DD3,김주원,서지자,010-9971-9864,서울,은평구 응암동,일반,의류·패션,청바지,0.5,47.0,32.0,16.0,4.01,4.01,중형,6000.0,2026-06-09,배송완료,2026-06-09 10:06:00,편의점접수,2026-06-08 17:57:00,2026-06-09,0.5,47,4
1100000045,2026-07-06 19:05:00,11,서울지점,CF59BBD05,김호우,김연아,010-7836-3797,경기,성남시 분당구,일반,반려동물,사료,2.4,38.0,22.0,24.0,3.34,3.34,중형,6000.0,2026-07-07,배송완료,2026-07-07 17:16:00,인터넷접수,2026-07-06 19:05:00,2026-07-07,2.4,38,3.3
2100002829,2026-05-26 15:38:00,21,대전지점,CBD5E7CA6,이호빈,권정철,,경북,안동시 옥동,일반,전자·디지털,라이터,5.1,35.0,27.0,13.0,2.05,5.1,중형,6000.0,2026-05-27,미배송,2026-06-03 14:33:00,방문접수,2026-05-26 15:38:00,2026-05-27,5.1,35,5.1
1200002210,2026-07-19 12:15:00,12,용산지점,C44773A28,김나아,정채식,109462550,서울,용산구 이태원동,일반,도서·문구,문제집,7.1,24.0,19.0,26.0,1.98,7.1,중형,6000.0,2026-07-20,배송완료,2026-07-20 14:19:00,편의점접수,2026-07-19 12:15:00,2026-07-20,7.1,24,7.1
4100002195,2026-05-15 13:30:00,41,울산지점,C854432FE,김예빈,전연미,010-5872-1255,경북,경주시 황성동,일반,의류·패션,티셔츠,1.4,33.0,41.0,13.0,2.93,2.93,중형,6000.0,2026-05-18,미 배송,,대리점,2026-05-15 13:30:00,2026-05-18,1.4,33,2.9
2100002645,2026-05-08 17:43:00,21,대전지점,CF40EED8E,이서진,문규아,1051046703,서울,용산구 이태원동,일반,식품,쌀(햅쌀),4.0,38.0,21.0,12.0,1.6,4.0,소형,4000.0,2026-05-11,배송완료,2026-05-11 19:48:00,인터넷접수,2026-05-08 17:43:00,2026-05-11,-1,38,4
1100000074,2026-05-20 13:05:00,11,서울지점,CC7E3147B,허나서,김예영,010-8383-6681,울산,울주군 범서읍,일반,도서·문구,책(중고),11.2,27.0,28.0,21.0,2.65,11.2,중형,6000.0,2026-05-21,배송완료,2026-05-22 15:34:00,방문접수,2026-05-20 13:05:00,2026-05-21,11.2,27,11.2
1100001547,2026-06-14 15:11:00,11,서울지점,CAB394272,김서경,임호진,010-3592-9815,대전,서구 둔산동,일반,반려동물,강아지옷,6.0,27.0,29.0,18.0,2.35,6.0,중형,5000.0,2026-06-15,배송완료,2026-06-15 9:56:00,대리점,2026-06-14 15:11:00,2026-06-15,6,27,6
1200000294,2026-05-18 12:14:00,12,용산지점,C98A4BF3B,박윤경,김수호,010-8992-9950,경기,화성시 동탄,일반,식품,건어물,6.1,34.0,29.0,28.0,4.6,6.1,중형,6000.0,2026-05-19,배송완료,2026-05-19 10:45:00,편의점접수,2026-05-18 12:14:00,2026-05-19,6.1,34,6.1
2100001520,2026-05-06 17:06:00,21,대전지점,C053CFB7C,김시원,박지아,010-9885-1156,서울,용산구 이태원동,일반,의류·패션,원피스,1.8,30.0,34.0,21.0,3.57,3.57,중형,6000.0,2026-05-07,배송완료,2026-05-11 11:25:00,편의점접수,2026-05-06 17:06:00,2026-05-07,1.8,30,3.6
1100000451,2026-07-03 16:00:00,11,서울지점,C7652ECDD,임시철,김정연 님,1041329184,서울,용산구 한남동,일반,전자·디지털,충전기,0.2,19.0,22.0,24.0,1.67,1.67,소형,4000.0,2026-07-06,배송완료,2026-07-06 12:58:00,편의점접수,2026-07-03 16:00:00,2026-07-06,0.2,19,1.7
2100002913,2026-05-20 17:52:00,21,대전지점,CE1F67DF0,김태숙,조민준,010-7033-2546,부산,부산진구 부전동,일반,생활용품,휴지 30롤,2.7,49.0,35.0,12.0,3.43,3.43,중형,6000.0,2026-05-21,배송완료,2026-05-28 9:24:00,대리점,2026-05-20 17:52:00,2026-05-21,2.7,49,3.4
3100001105,2026-07-29 19:43:00,31,진주지점,C942A9BE7,황채철,최유숙,010-6332-6076,경기,수원시 영통구,일반,전자·디지털,모니터,0.6,20.0,18.0,8.0,0.48,0.6,극소형,3500.0,2026-07-30,배송완료,2026-07-30 15:26:00,인터넷접수,2026/07/29 19:43,2026-07-30,0.6,20cm,0.6
4100001779,2026-07-17 16:14:00,41,울산지점,C3F653E22,임진란,박현현,010-2572-3573,울산,동구 방어동,일반,반려동물,장난감,1.7,33.0,31.0,18.0,3.07,3.07,중형,6000.0,2026-07-20,배송완료,2026-07-21 12:37:00,편의점접수,2026-07-17 16:14:00,2026-07-20,1.7,33,3.1
4100001809,2026-07-20 13:39:00,41,울산지점,C00CF4F70,권하호,최준원,1060958025,서울,강남구 역삼동,일반,가구·침구,쿠션,2.9,53.0,43.0,32.0,12.15,12.15,대형,9000.0,2026-07-21,배송완료,2026-07-21 11:31:00,대리점,2026-07-20 13:39:00,2026-07-21,2.9,53,12.2
3200001082,2026-07-06 10:39:00,32,거제지점,CAD2C2D3E,정우호,이정호,010-3333-4143,서울,용산구 한남동,일반,식품,쌀,11.4,27.0,18.0,22.0,1.78,11.4,중형,6000.0,2026-07-07,배송완료,2026-07-07 19:13:00,인터넷접수,2026-07-06 10:39:00,2026-07-07,11.4,27,11.4
1200002430,2026-06-16 17:05:00,12,용산지점,C79052336,이연호,박서율,010-7131-9718,울산,울주군 범서읍,일반,화장품·미용,샴푸,1.2,31.0,30.0,9.0,1.4,1.4,소형,4000.0,2026-06-17,배송완료,2026-06-17 20:37:00,방문접수,2026-06-16 17:05:00,2026-06-17,1.2,31,1.4
1100002308,2026-05-05 13:46:00,11,서울지점,C931420E1,김성미,손현미,010-5684-8202,경남,진주시 충무공동,일반,식품,된장,6.6,29.0,21.0,23.0,2.33,6.6,중형,6000.0,2026-05-06,배송완료,2026-05-06 17:04:00,방문접수,2026-05-05 13:46:00,2026-05-06,6.6,29,6.6
4100002886,2026-07-11 14:41:00,41,울산지점,C22D3DCB8,강진희,이도서(경비실),010-6547-3481,경남,김해시 장유동,일반,생활용품,세제(대용량),5.4,49.0,32.0,17.0,4.44,5.4,중형,6000.0,2026-07-13,배송완료,,편의점접수,2026-07-11 14:41:00,2026-07-13,5.4,49,5.4
4100002208,2026-06-22 14:57:00,41,울산지점,C8FD2B166,박유연,정아율,010-4337-4403,경기,화성시 동탄,일반,화장품·미용,샴푸,2.1,22.0,26.0,15.0,1.43,2.1,소형,4000.0,2026-06-23,배송완료,2026-06-24 13:17:00,방문접수,2026-06-22 14:57:00,2026-06-23,2.1,22,2.1
4100002034,2026-07-12 12:57:00,41,울산지점,CF136A60F,이성영,윤수호,010-4668-3384,서울,용산구 원효로1가,일반,생활용품,빨래건조대,6.7,47.0,32.0,16.0,4.01,6.7,중형,6000.0,,배송완료,2026-07-13 14:58:00,대리점,2026-07-12 12:57:00,,6.7,47,6.7
3200001231,2026-07-10 19:49:00,32,거제지점,C6B6819DF,강승환,김도원,010-5088-7440,경기,부천시 원미구,일반,도서·문구,다이어리,13.3,33.0,15.0,16.0,1.32,13.3,중형,6000.0,2026-07-13,배송완료,2026-07-20 10:16:00,인터넷접수,2026-07-10 19:49:00,2026-07-13,13.3,33,13.3
1200001818,2026-05-24 09:45:00,12,용산지점,C46365A28,권은미,정수경 님,010-7621-7616,서울,용산구 청파동,일반,생활용품,수납함,5.3,38.0,36.0,13.0,2.96,5.3,중형,6000.0,2026-05-25,배송완료,2026-05-27 9:49:00,인터넷접수,2026/05/24 9:45,2026-05-25,5.3,38,5.3
1100001230,2026-07-16 16:00:00,11,서울지점,C0A9D22DD,최호서,김우아,010-8879-3977,충북,충주시 연수동,일반,생활용품,세제,2.5,42.0,35.0,18.0,4.41,4.41,중형,6000.0,2026-07-17,배송완료,2026-07-20 19:06:00,방문접수,2026-07-16 16:00:00,2026-07-17,2.5,42,4.4
1100002420,2026-05-19 15:28:00,11,서울지점,CCF31E316,김아빈,김진율,010-6025-4734,서울,강남구 역삼동,일반,가구·침구,쿠션,5.5,60.0,50.0,42.0,21.0,21.0,대형,9000.0,2026-05-20,배송완료,2026-05-20 10:14:00,방문접수,2026-05-19 15:28:00,2026-05-20,5.5,60,21
3200001399,2026-07-13 12:54:00,32,거제지점,C06119256,이영연,이호경,010-5541-5106,광주,서구 치평동,일반,생활용품,빨래건조대,1.5,38.0,23.0,12.0,1.75,1.75,소형,4000.0,2026-07-14,배송완료,2026-07-15 13:59:00,인터넷접수,2026-07-13 12:54:00,2026-07-14,1.5,38,1.7
4100002301,2026-05-11 11:58:00,41,울산지점,C70287B48,김예식,김진빈,010-3139-6231,경남,거제시 고현동,일반,도서·문구,필기구세트,0.4,31.0,25.0,26.0,3.36,3.36,중형,6000.0,2026-05-12,배송완료,2026-05-12 16:21:00,대리점,2026-05-11 11:58:00,2026-05-12,0.4,31,3.4
1100001893,2026-07-31 16:14:00,11,서울지점,C8205C165,이연연,이현호,010-5635-2395,대전,중구 은행동,일반,생활용품,세제,0.8,37.0,42.0,30.0,7.77,7.77,중형,6000.0,2026-08-03,배송완료,2026-08-03 15:05:00,편의점접수,2026-07-31 16:14:00,2026-08-03,0.8,37,7.8
1200002266,2026-05-04 11:11:00,12,용산지점,CED32B643,이준율,박민철,010-7628-1713,서울,용산구 원효로1가,일반,식품,과일선물세트,10.6,21.0,24.0,13.0,1.09,10.6,중형,6000.0,2026-05-05,배송 완료,2026-05-05 19:56:00,편의점접수,2026-05-04 11:11:00,2026-05-05,10.6,21,10.6
2100000564,2026-06-28 09:44:00,21,대전지점,CE9F87781,안호원,김은율,010-5769-6861,울산,남구 삼산동,일반,의류·패션,운동화(박스포함),1.2,44.0,30.0,26.0,5.72,5.72,중형,6000.0,2026-06-29,배송완료,2026-06-29 14:52:00,방문접수,2026.06.28 09시44분,2026-06-29,1.2,44,5.7
4100002747,2026-07-20 15:18:00,41,울산지점,C18A3EC41,최현철,고승호,1093706575,대전,유성구 봉명동,일반,식품,김,4.8,31.0,21.0,25.0,2.71,4.8,소형,4000.0,2026-07-21,배송완료,2026-07-22 19:50:00,편의점접수,2026-07-20 15:18:00,2026-07-21,4.8,31,4.8
2100001450,2026-06-16 17:52:00,21,대전지점,CD0C9CCE0,정규미,이태란,010-9147-2088,경기,성남시 분당구,일반,의류·패션,청바지,1.3,47.0,36.0,19.0,5.36,5.36,중형,6000.0,2026-06-17,배송완료,,인터넷접수,2026-06-16 17:52:00,2026-06-17,1.3,47,5.4
1100000739,2026-05-26 10:32:00,11,서울지점,C8D3D00A2,정규숙,홍지환,010-2553-9236,충남,아산시 배방읍,일반,의류·패션,원피스,0.6,33.0,28.0,31.0,4.77,4.77,중형,6000.0,2026-05-27,배송완료,2026-05-27 18:14:00,방문접수,2026-05-26 10:32:00,2026-05-27,0.6,33,4.8
3100001649,2026-06-08 18:06:00,31,진주지점,C7480FE74,강태희,문하진,010-9204-9955,경기,부천시 원미구,일반,식품,건어물,1.8,22.0,17.0,22.0,1.37,1.8,소형,4000.0,2026-06-09,반송,,편의점접수,2026-06-08 18:06:00,2026-06-09,1.8,22,1.8
1100002402,2026-07-23 10:54:00,11,서울지점,C53835E8C,정승호,이우식,010 8963 2692,전북,전주시 덕진구,일반,의류·패션,향수,1.2,31.0,28.0,14.0,2.03,2.03,소형,4000.0,2026-07-24,배송완료,2026-07-31 17:27:00,방문접수,2026-07-23 10:54:00,2026-07-24,1.2,31,2
3200000012,2026-07-08 14:55:00,32,거제지점,C5829A5CC,이진숙,장진경,103477884,서울,용산구 이태원동,일반,화장품·미용,향수,0.9,21.0,32.0,9.0,1.01,1.01,소형,4000.0,2026-07-09,배송완료,2026-07-13 10:34:00,편의점접수,2026-07-08 14:55:00,2026-07-09,0.9,21,1
2100000673,2026-06-12 14:54:00,21,대전지점,C504ED17E,김지자,박연식,010-8705-1879,대구,달서구 상인동,일반,생활용품,빨래건조대,1.6,37.0,28.0,18.0,3.11,3.11,중형,6000.0,2026-06-15,배송완료,2026-06-15 18:01:00,편의점접수,2026-06-12 14:54:00,2026-06-15,1.6,37,3.1
2100002845,2026-05-19 17:33:00,21,대전지점,C0F85F6F5,이서식,양주아,010-3399-6506,서울,용산구 청파동,일반,의류·패션,가방,0.5,40.0,33.0,25.0,5.5,5.5,중형,6000.0,2026-05-20,배송 완료,2026-05-27 16:01:00,인터넷접수,2026-05-19 17:33:00,2026-05-20,0.5,40cm,5.5
3200002106,2026-06-29 14:56:00,32,거제지점,CCFDE1786,윤예아,이정진,010-2895-7555,대전,대덕구 송촌동,일반,생활용품,화장지,0.9,43.0,35.0,26.0,6.52,6.52,중형,6000.0,2026-06-30,배송완료,2026-07-06 20:43:00,편의점접수,2026-06-29 14:56:00,2026-06-30,0.9,43,6.5
4100000657,2026-07-22 16:04:00,41,울산지점,C3CC62E32,김규희,류연미,102660746,경남,진주시 평거동,일반,식품,과일선물세트,6.5,30.0,18.0,18.0,1.62,6.5,중형,6000.0,2026-07-23,배송완료,2026-07-24 9:16:00,편의점접수,2026-07-22 16:04:00,2026-07-23,6.5,30,6.5
1200001794,2026-05-06 16:21:00,12,용산지점,CDECD029D,권유숙,김시연,010-6701-5779,경기,부천시 원미구,일반,도서·문구,노트류,13.5,20.0,15.0,16.0,0.8,13.5,중형,6000.0,2026-05-07,미배달,,인터넷접수,2026-05-06 16:21:00,2026-05-07,13.5,20,13.5
1100002181,2026-06-26 10:25:00,11,서울지점,CAF82F690,최윤식,서도준,010-8855-3966,대구,수성구 범어동,일반,식품,라면박스,2.4,31.0,21.0,16.0,1.74,2.4,소형,4000.0,2026-06-29,배송완료,2026-06-29 14:51:00,편의점접수,2026-06-26 10:25:00,2026-06-29,2.4,31,2.4
1100001901,2026-06-13 15:48:00,11,서울지점,C352156C7,이재호,김지연,010-7443-6759,대전,중구 은행동,일반,전자·디지털,충전기,2.2,22.0,14.0,22.0,1.13,2.2,소형,4000.0,2026-06-15,배송완료,2026-06-15 12:13:00,방문접수,2026-06-13 15:48:00,2026/06/15,2.2,22,2.2
1100000295,2026-07-27 12:48:00,11,서울지점,C4F6299D8,이현호,정하아,010-4093-7088,충북,제천시 하소동,일반,의류·패션,모자,1.5,40.0,25.0,21.0,3.5,3.5,중형,6000.0,2026-07-28,배송완료,2026-07-28 18:00:00,방문접수,2026-07-27 12:48:00,2026-07-28,1.5,40,3.5
2100002556,2026-05-15 17:58:00,21,대전지점,CAF08B9B1,허현영,최준우,010-9309-8066,경남,거제시 고현동,일반,생활용품,청소기필터,4.5,45.0,32.0,14.0,3.36,4.5,중형,6000.0,2026-05-18,배송완료,2026-05-18 12:07:00,방문접수,2026-05-15 17:58:00,2026-05-18,4.5,45,4.5
1200002063,2026-05-04 15:53:00,12,용산지점,CDB48D910,김수미,박우빈,010 2791 6825,대구,북구 침산동,일반,화장품·미용,향수,1.3,33.0,15.0,15.0,1.24,1.3,소형,4000.0,2026-05-05,배송완료,2026-05-05 10:49:00,인터넷접수,2026-05-04 15:53:00,2026-05-05,1.3,33,1.3
4100001349,2026-05-14 10:46:00,41,울산지점,CCF31E316,김아빈,임진철,010-5505-8859,부산,사하구 하단동,일반,도서·문구,노트 10권,13.9,23.0,23.0,22.0,1.94,13.9,중형,6000.0,2026-05-15,배송완료,2026-05-15 13:09:00,방문접수,2026-05-14 10:46:00,2026-05-15,13.9,23,13.9
1200002322,2026-06-01 12:27:00,12,용산지점,CB721C86B,홍채란,김승현,010 7699 6741,경남,거제시 고현동,일반,도서·문구,문제집,3.6,33.0,19.0,24.0,2.51,3.6,소형,4000.0,2026-06-02,배송완료,,편의점접수,2026-06-01 12:27:00,2026-06-02,3.6,33,3.6
4100000537,2026-05-04 15:55:00,41,울산지점,CD902870B,이정숙,강은원,010-4795-4465,울산,북구 명촌동,일반,의류·패션,원피스,0.6,29.0,37.0,23.0,4.11,4.11,중형,6000.0,2026-05-05,배송완료,2026-05-07 12:34:00,인터넷접수,2026-05-04 15:55:00,2026-05-05,0.6,29,4.1
1100000535,2026-08-03 10:42:00,11,서울지점,CD7513A8A,조정호,권유우,,광주,북구 운암동,일반,화장품·미용,샴푸,1.9,39.0,30.0,9.0,1.76,1.9,소형,4000.0,2026-08-04,배송완료,2026-08-04 16:24:00,편의점접수,2026-08-03 10:42:00,2026-08-04,1.9,39,1.9
1100002498,2026-06-02 13:06:00,11,서울지점,C29AA50BF,김재미,김윤란,010-2241-2810,대구,수성구 범어동,일반,반려동물,강아지옷,6.1,32.0,24.0,16.0,2.05,6.1,중형,6000.0,2026-06-03,배송완료,2026-06-03 12:32:00,방문접수,2026-06-02 13:06:00,2026-06-03,6.1,32,6.1
2100000102,2026-05-18 16:39:00,21,대전지점,CE102BD38,백진경,이수빈,010-5930-4995,세종,조치원읍,일반,의류·패션,청바지,0.6,50.0,22.0,27.0,4.95,4.95,중형,6000.0,2026-05-19,배송완료,2026-05-19 19:55:00,편의점접수,2026-05-18 16:39:00,2026-05-19,0.6,50,5
4100000910,2026-05-20 16:11:00,41,울산지점,C7B160AC0,윤영율,이민우,010-5933-4302,서울,용산구 후암동,일반,식품,쌀 20kg,7.1,22.0,22.0,15.0,1.21,7.1,중형,6000.0,2026-05-21,배송완료,2026-05-21 9:16:00,대리점,2026/05/20 16:11,2026-05-21,7.1,22,7.1
2100002455,2026-05-07 12:34:00,21,대전지점,CD5F03AF1,최은숙,김윤서,010-8676-7681,인천,부평구 부평동,일반,반려동물,강아지옷,9.4,30.0,14.0,9.0,0.63,9.4,중형,6000.0,2026-05-08,배송완료,2026-05-11 10:30:00,방문접수,2026-05-07 12:34:00,2026-05-08,9.4,30,9.4
2100001295,2026-07-13 19:29:00,21,대전지점,C35D79120,이서현,강윤경,010-2513-8168,서울,용산구 원효로1가,일반,가구·침구,러그,1.4,48.0,38.0,41.0,12.46,12.46,대형,9000.0,2026-07-14,배송완료,2026-07-14 13:21:00,편의점접수,2026-07-13 19:29:00,2026-07-14,1.4,48,12.5
2100001983,2026-06-01 17:05:00,21,대전지점,CDBCCC91D,김규자,김윤희,010-6816-3555,인천,서구 청라동,일반,식품,건어물,11.0,32.0,15.0,23.0,1.84,11.0,중형,6000.0,2026-06-02,배송완료,2026-06-02 15:46:00,인터넷접수,2026-06-01 17:05:00,2026-06-02,11,32,11
1100000502,2026-06-01 18:16:00,11,서울지점,CFF26F44F,백우현,김서철,010 6948 5817,경남,김해시 장유동,일반,생활용품,냉동식품,1.5,41.0,35.0,12.0,2.87,2.87,중형,6000.0,2026-06-02,반품,2026-06-03 19:13:00,편의점접수,2026-06-01 18:16:00,2026-06-02,1.5,41,2.9
2100000049,2026-06-23 13:06:00,21,대전지점,C67EED03A,이채자,최예자,010-2690-4511,경북,안동시 옥동,일반,도서·문구,책 30권,11.3,24.0,22.0,20.0,1.76,11.3,중형,6000.0,,배송완료,2026-06-24 9:19:00,편의점접수,2026-06-23 13:06:00,,11.3,24,11.3
3200000513,2026-05-12 16:01:00,32,거제지점,CB6202612,김민영,오윤철,010-3107-4573,전남,목포시 하당,일반,생활용품,세제,2.4,42.0,24.0,28.0,4.7,4.7,중형,6000.0,2026-05-13,배송완료,2026-05-17 14:21:00,편의점접수,26-05-12 16:01,2026-05-13,2.4,4200,4.7
4100001095,2026-05-28 10:35:00,41,울산지점,CE50F91D1,박현현,이아자 님,010-9583-3010,인천,서구 청라동,일반,식품,커피원두,2.6,35.0,20.0,19.0,2.22,2.6,소형,4000.0,2026-05-29,배송완료,2026-05-29 16:59:00,방문접수,2026-05-28 10:35:00,2026-05-29,2.6,35,2.6
3100001549,2026-06-25 14:04:00,31,진주지점,C22EF91BE,오은우,조아원,1043409373,충남,아산시 배방읍,일반,전자·디지털,충전기,0.3,24.0,14.0,10.0,0.56,0.56,극소형,3500.0,2026-06-26,배송완료,2026-06-26 12:17:00,편의점접수,2026-06-25 14:04:00,2026-06-26,0.3,24,0.6
1200002735,2026-05-05 14:45:00,12,용산지점,C1090A303,이주진,박유철 님,1029326547,경남,거제시 장승포동,일반,전자·디지털,공유기,4.7,19.0,31.0,19.0,1.87,4.7,소형,4000.0,2026-05-06,배송완료,2026-05-06 15:50:00,편의점접수,2026-05-05 14:45:00,2026-05-06,4.7,19,4.7
1200000325,2026-06-22 16:42:00,12,용산지점,C08D6A03D,이현철,배현란,010-5049-2409,대전,동구 가양동,일반,가구·침구,커튼,2.9,55.0,44.0,43.0,17.34,17.34,대형,9000.0,2026-06-23,배송완료,2026-06-23 19:21:00,대리점,2026-06-22 16:42:00,2026-06-23,2.9,55,17.3
1200001585,2026-07-03 15:42:00,12,용산지점,CCD3CBA93,김호희,강은철,010-9554-2851,서울,노원구 상계동,일반,의류·패션,가방,0.8,46.0,34.0,26.0,6.78,6.78,중형,6000.0,2026-07-06,배송완료,2026-07-06 14:09:00,편의점접수,2026-07-03 15:42:00,2026-07-06,0.8,46,6.8
1100001926,2026-06-25 17:15:00,11,서울지점,C663FE002,이주자,조서철,010-5152-1650,인천,서구 청라동,일반,식품,건어물,9.3,28.0,30.0,22.0,3.08,9.3,중형,6000.0,2026-06-26,배송완료,2026-06-26 11:41:00,대리점,2026-06-25 17:15:00,2026-06-26,9.3,28,9.3
1100002722,2026-06-21 14:32:00,11,서울지점,CB0A50FB3,김영식,안재우,010-4827-5109,경남,창원시 성산구,일반,생활용품,휴지,8.0,38.0,39.0,18.0,4.45,8.0,중형,6000.0,2026-06-22,배송완료,2026-06-22 17:24:00,편의점접수,2026-06-21 14:32:00,2026-06-22,8,38,8
2100000903,2026-05-11 11:16:00,21,대전지점,CB5A8A574,정하아,이윤자,,경남,진주시 충무공동,일반,생활용품,청소기필터,3.0,50.0,23.0,32.0,6.13,6.13,중형,6000.0,2026-05-12,배송완료,2026-05-12 14:12:00,편의점접수,05/11/2026 11:16,2026-05-12,3,50,6.1
4100000377,2026-05-06 15:56:00,41,울산지점,CFAD55352,김연환,오시서,010-2313-6797,대전,서구 둔산동,일반,식품,된장,10.5,23.0,21.0,26.0,2.09,10.5,중형,6000.0,2026-05-07,배송완료,2026-05-07 16:51:00,편의점접수,2026-05-06 15:56:00,2026-05-07,10.5,23,10.5
1100001596,2026-06-11 11:14:00,11,서울지점,CF40EED8E,이서진,강태영,010-5966-2280,전남,순천시 조례동,일반,의류·패션,모자,1.4,34.0,23.0,26.0,3.39,3.39,중형,6000.0,2026-06-12,배송완료,2026-06-12 19:31:00,방문,2026-06-11 11:14:00,2026-06-12,1.4,34,3.4
3100000662,2026-06-30 10:10:00,31,진주지점,CB6CD848C,이윤진,김성철,010-4011-1417,인천,연수구 송도동,일반,전자·디지털,공유기,0.8,33.0,24.0,20.0,2.64,2.64,소형,4000.0,2026-07-01,배송완료,2026-07-02 19:07:00,인터넷접수,2026-06-30 10:10:00,2026-07-01,0.8,33,2.6
3100001313,2026-06-26 16:18:00,31,진주지점,C81D8AF89,최예서,이태경,010-6007-1291,서울,용산구 후암동,일반,의류·패션,모자,1.1,47.0,32.0,28.0,7.02,7.02,중형,6000.0,2026-06-29,배송완료,2026-06-29 13:15:00,인터넷접수,2026-06-26 16:18:00,2026.06.29,1.1,47,7
1100002761,2026-05-29 10:24:00,11,서울지점,CEC6B2E89,조태준,정호식,010-6963-6034,대전,서구 둔산동,일반,생활용품,빨래건조대,2.0,38.0,36.0,19.0,4.33,4.33,중형,6000.0,2026-06-01,배송완료,2026-06-02 20:26:00,편의점접수,2026-05-29 10:24:00,2026-06-01,2,38,4.3
1100001316,2026-05-04 17:48:00,11,서울지점,C1F55BB3A,문규환,이은진,010-7801-8675,부산,사하구 하단동,일반,의류·패션,운동화(박스포함),1.0,33.0,41.0,30.0,6.76,6.76,중형,6000.0,2026-05-05,배송완료,2026-05-05 10:14:00,편의점접수,2026-05-04 17:48:00,2026-05-05,1,33,6.8
4100000667,2026-06-06 19:26:00,41,울산지점,C0487656B,박우원,조호철,010-2228-7182,경기,성남시 분당구,일반,식품,라면박스,10.5,35.0,29.0,22.0,3.72,10.5,중형,6000.0,2026-06-08,배송완료,2026-06-09 12:23:00,편의점접수,2026-06-06 19:26:00,2026-06-08,10.5,35,10.5
2100002915,2026-06-15 18:33:00,21,대전지점,C2EA022E5,최성호,김지숙,,경북,안동시 옥동,일반,생활용품,세제,1.3,44.0,26.0,25.0,4.77,4.77,중형,6000.0,2026-06-16,배송완료,2026-06-17 20:32:00,편의점접수,2026-06-15 18:33:00,2026-06-16,1.3,44,4.8
1200000863,2026-07-24 10:01:00,12,용산지점,CBB74D958,전은호,박우환,010-6987-9236,충남,천안시 서북구,일반,식품,된장,1.4,23.0,26.0,14.0,1.4,1.4,소형,7000.0,2026-07-27,반송,,방문접수,26-07-24 10:01,2026-07-27,1.4,23,1.4
4100000640,2026-07-16 18:34:00,41,울산지점,CD50D6F9F,문도환,박아숙,010-6780-7504,경기,성남시 분당구,일반,생활용품,주방용품,5.2,45.0,31.0,28.0,6.51,6.51,중형,6000.0,2026-07-17,배송완료,2026-07-17 14:08:00,편의점접수,2026-07-16 18:34:00,2026-07-17,5.2,45,6.5
1100000660,2026-05-11 10:48:00,11,서울지점,C6EDB81C0,강태식,최하영,010-8008-8176,경기,남양주시 다산동,일반,의류·패션,운동화,1.7,30.0,42.0,13.0,2.73,2.73,중형,6000.0,2026-05-12,배송완료,2026-05-12 18:13:00,편의점접수,2026-05-11 10:48:00,2026/05/12,1.7,30,2.7
1100002259,2026-06-15 14:45:00,11,서울지점,C6270A27C,김아자,김재아,010-6483-9479,경북,경주시 황성동,일반,생활용품,주방용품,1.0,30.0,25.0,25.0,3.12,3.12,소형,7000.0,2026-06-16,배송완료,2026-06-17 14:27:00,방문접수,2026-06-15 14:45:00,2026-06-16,1,30,3.1
3200002970,2026-05-18 15:49:00,32,거제지점,C8529ABF7,임유우,강준숙,010-8002-6866,경남,양산시 물금읍,일반,생활용품,휴지,3.5,43.0,32.0,27.0,6.19,6.19,중형,6000.0,2026-05-19,미배송,,편의점접수,2026-05-18 15:49:00,2026-05-19,3.5,43,6.2
1100000474,2026-06-22 14:33:00,11,서울지점,C289F79D5,이승식,김재영,010-8374-2540,경남,거제시 옥포동,일반,식품,된장,4.6,23.0,24.0,18.0,1.66,4.6,소형,4000.0,,반품,,대리점,2026-06-22 14:33:00,,4.6,23,4.6
4100001253,2026-05-01 12:34:00,41,울산지점,CE38C61B0,안하호,김민진,010-9277-4450,강원,강릉시 교동,일반,의류·패션,운동화,,49.0,33.0,29.0,7.82,7.82,중형,6000.0,2026-05-04,배송완료,2026-05-04 9:45:00,방문,2026-05-01 12:34:00,2026-05-04,999,49,7.8
2100001296,2026-07-20 15:20:00,21,대전지점,CA351B918,박호미,김연호,010-9767-8040,경남,창원시 성산구,일반,생활용품,휴지,1.7,50.0,35.0,27.0,7.88,7.88,중형,6000.0,2026-07-21,배송완료,2026-07-22 16:08:00,방문접수,2026-07-20 15:20:00,2026-07-21,1.7,50,7.9
3200001962,2026-06-22 12:11:00,32,거제지점,CB40FC860,안시우,임규철,010-7034-3793,울산,남구 삼산동,일반,의류·패션,반팔티,2.4,48.0,25.0,20.0,4.0,4.0,중형,6000.0,2026-06-23,배송완료,2026-06-27 9:22:00,편의점접수,2026-06-22 12:11:00,2026-06-23,2.4,48,4
2100000880,2026-06-08 15:15:00,21,대전지점,CFEA5600F,박아서,전채현,010-8026-2728,인천,연수구 송도동,일반,전자·디지털,이어폰,3.3,20.0,23.0,10.0,0.77,3.3,소형,4000.0,2026-06-09,배송완료,2026-06-11 18:50:00,대리점접수,06/08/2026 15:15,2026-06-09,3.3,20,3.3
3100002140,2026-06-04 18:14:00,31,진주지점,CA811C1AF,이현경,류시미,010-3443-7958,서울,송파구 잠실동,일반,식품,백미,3.6,25.0,17.0,12.0,0.85,3.6,소형,4000.0,2026-06-05,배송완료,2026-06-08 9:19:00,편의점접수,2026-06-04 18:14:00,2026-06-05,3.6,25,3.6
1100000881,2026-07-20 12:34:00,11,서울지점,C0574FA2F,김우율,김민아,010-2271-9436,경남,김해시 장유동,일반,의류·패션,패딩,0.6,40.0,42.0,22.0,6.16,6.16,중형,6000.0,2026-07-21,배송완료,2026-07-22 20:23:00,편의점접수,2026-07-20 12:34:00,2026-07-21,0.6,40,6.2
2100002478,2026-07-09 10:58:00,21,대전지점,C0296DF5A,손연식,최도진,010-3139-3777,인천,연수구 송도동,일반,의류·패션,가방,0.9,28.0,30.0,28.0,3.92,3.92,중형,6000.0,2026-07-10,배송완료,2026-07-10 10:26:00,편의점접수,2026-07-09 10:58:00,2026-07-10,0.9,28,3.9
1100000225,2026-07-05 11:28:00,11,서울지점,CF1134FFC,김시숙,임재준,010-2491-8478,서울,용산구 후암동,일반,식품,김,9.0,34.0,22.0,26.0,3.24,9.0,중형,6000.0,2026-07-06,배송완료,2026-07-06 17:21:00,편의점접수,07/05/2026 11:28,2026-07-06,9,34,9
1100000698,2026-07-31 12:40:00,11,서울지점,CDDD8D099,고현준,김재연,010-8296-5203,경남,진주시 평거동,일반,의류·패션,가방,2.3,30.0,40.0,22.0,4.4,4.4,중형,6000.0,2026-08-03,배송완료,2026-08-03 15:10:00,인터넷접수,2026-07-31 12:40:00,2026-08-03,2.3,30,4.4
1200000779,2026-05-22 18:56:00,12,용산지점,C020CAE71,박은자,안우우,010-9241-2703,경기,남양주시 다산동,일반,의류·패션,패딩,1.3,44.0,36.0,31.0,8.18,8.18,중형,6000.0,2026-05-25,배송완료,2026-05-25 17:40:00,방문접수,2026-05-22 18:56:00,2026-05-25,1.3,44,8.2
1100001468,2026-05-13 10:53:00,11,서울지점,C30FE5A75,이성율,최서영,010-5177-3875,경기,부천시 원미구,일반,도서·문구,책 30권,13.2,34.0,21.0,23.0,2.74,13.2,중형,6000.0,2026-05-14,배송완료,2026-05-14 11:44:00,방문접수,26-05-13 10:53,2026-05-14,13.2,34,13.2
1200001195,2026-07-29 10:57:00,12,용산지점,C66EA60B7,김영철,안성연,010-7322-6969,경기,수원시 영통구,일반,의류·패션,운동화,0.3,30.0,28.0,24.0,3.36,3.36,중형,6000.0,2026-07-30,배송완료,2026-07-30 18:41:00,방문접수,2026-07-29 10:57:00,2026-07-30,0.3,30,3.4
3100002441,2026-08-02 16:41:00,31,진주지점,CF136A60F,이성영,오재연,010-6620-8172,전북,군산시 나운동,일반,의류·패션,패딩,2.2,32.0,34.0,30.0,5.44,5.44,중형,6000.0,2026-08-03,배송완료,2026-08-03 15:50:00,인터넷접수,2026-08-02 16:41:00,2026-08-03,2.2,32,5.4
4100002602,2026-06-02 17:18:00,41,울산지점,C35D79120,이서현,강시영,1087245291,경기,화성시 동탄,일반,전자·디지털,태블릿케이스,2.1,35.0,26.0,25.0,3.79,3.79,중형,6000.0,,반송,2026-06-03 15:11:00,인터넷접수,2026-06-02 17:18:00,,2.1,35,3.8
4100002096,2026-05-18 14:20:00,41,울산지점,CDA73C743,정우아,김은자,010-5729-4294,서울,용산구 원효로1가,일반,식품,쌀,8.3,23.0,17.0,28.0,1.82,8.3,중형,6000.0,2026-05-19,배송완료,2026-05-20 17:48:00,편의점접수,2026-05-18 14:20:00,2026-05-19,8.3,23,8.3
1100000536,2026-06-01 18:05:00,11,서울지점,C3B88A34F,이윤영,김규환,010-8283-7331,도서산간,흑산도 예리,도서산간,전자·디지털,이어폰,2.4,32.0,21.0,26.0,2.91,2.91,소형,9000.0,2026-06-04,배송완료,2026-06-08 19:13:00,방문접수,2026-06-01 18:05:00,2026-06-04,2.4,32,2.9
3100000041,2026-06-08 17:28:00,31,진주지점,CFC4D6EBF,윤예란,정승철,010-7699-6342,전북,익산시 영등동,일반,화장품·미용,샴푸,2.0,39.0,28.0,21.0,3.82,3.82,중형,6000.0,2026-06-09,배송완료,2026-06-10 16:25:00,편의점접수,2026-06-08 17:28:00,2026-06-09,2,39,3.8
1200000036,2026-07-29 17:45:00,12,용산지점,C94D694CD,김채우,박호준(경비실),010-7964-3511,대전,중구 은행동,일반,식품,된장,11.1,37.0,22.0,19.0,2.58,11.1,중형,6000.0,2026-07-30,배송완료,2026-07-30 17:22:00,방문접수,2026-07-29 17:45:00,2026-07-30,11.1,37,11.1
1100002995,2026-07-14 16:27:00,11,서울지점,CFA11B6FF,이호란,최서빈,010-6661-3962,충남,서산시 동문동,일반,도서·문구,의약품,7.2,36.0,20.0,17.0,2.04,7.2,중형,6000.0,2026-07-15,배송완료,2026-07-15 12:11:00,인터넷접수,2026-07-14 16:27:00,2026-07-15,7.2,36,7.2
3100001855,2026-06-29 10:44:00,31,진주지점,CAA47C122,황아현,정도경,010-8826-7711,충북,청주시 흥덕구,일반,의류·패션,모자,0.7,49.0,37.0,12.0,3.63,3.63,중형,6000.0,2026-06-30,배송완료,2026-07-01 14:40:00,대리점접수,2026-06-29 10:44:00,2026-06-30,0.7,49,3.6
1200001679,2026-05-07 14:23:00,12,용산지점,C16B8F7F7,김예서,박연진,010-9576-8502,부산,동래구 온천동,일반,화장품·미용,스킨케어세트,0.7,32.0,23.0,10.0,1.23,1.23,소형,4000.0,2026-05-08,배송완료,2026-05-08 9:15:00,편의점접수,2026-05-07 14:23:00,2026-05-08,0.7,32,0.7
1200000363,2026-06-09 16:23:00,12,용산지점,C003F2642,김수철,강규아,010-5062-3998,서울,용산구 한남동,일반,전자·디지털,이어폰,2.6,22.0,22.0,20.0,1.61,2.6,소형,4000.0,,배송완료,2026-06-10 12:41:00,인터넷접수,2026-06-09 16:23:00,,2.6,22,2.6
3100000148,2026-07-08 14:01:00,31,진주지점,CD691CA7B,김서연,임예원,010-5550-9148,인천,부평구 부평동,일반,의류·패션,코트,2.1,36.0,26.0,29.0,4.52,4.52,중형,6000.0,2026-07-09,배송완료,2026-07-09 16:46:00,편의점접수,2026-07-08 14:01:00,2026-07-09,2.1,36,4.5
3100000688,2026-05-27 10:55:00,31,진주지점,C26607215,김은준,김도연,108167320,전남,순천시 조례동,일반,의류·패션,원피스,1.1,48.0,41.0,28.0,9.18,9.18,중형,6000.0,2026-05-28,배송완료,2026-05-28 14:30:00,방문접수,2026-05-27 10:55:00,2026-05-28,1.1,48,9.2
3100001978,2026-07-22 16:20:00,31,진주지점,C3F9A2591,이나식,정규호,010-7154-4148,전북,익산시 영등동,일반,생활용품,빨래건조대,1.3,33.0,37.0,14.0,2.85,2.85,중형,6000.0,2026-07-23,배송완료,2026-07-24 13:31:00,인터넷접수,2026-07-22 16:20:00,2026-07-23,1.3,33,2.8
3100000201,2026-07-06 16:46:00,31,진주지점,CCC4B1991,박지빈,강아철,010-3828-2179,서울,마포구 서교동,일반,의류·패션,운동화,0.6,43.0,36.0,13.0,3.35,3.35,중형,6000.0,2026-07-07,배송완료,2026-07-07 19:49:00,방문접수,2026-07-06 16:46:00,2026-07-07,0.6,43,3.4
4100000839,2026-05-22 18:28:00,41,울산지점,CCF5FF8E0,정준서,오유자,1093426273,서울,용산구 청파동,일반,식품,된장,7.4,27.0,16.0,15.0,1.08,7.4,중형,6000.0,2026-05-25,배송완료,2026-05-25 18:34:00,방문접수,2026-05-22 18:28:00,2026-05-25,7.4,27,7.4
3100002009,2026-07-20 18:00:00,31,진주지점,C4A539359,최아자,김현란,010-9491-6051,서울,용산구 한남동,일반,식품,쌀,7.4,31.0,22.0,19.0,2.16,7.4,중형,6000.0,2026-07-21,배송완료,2026-07-22 17:24:00,편의점접수,2026-07-20 18:00:00,2026/07/21,0,31,7.4
4100000690,2026-06-01 18:59:00,41,울산지점,C55B2F688,이유진,류아자,010-4869-6061,서울,강남구 역삼동,일반,전자·디지털,키보드,2.2,20.0,30.0,17.0,1.7,2.2,소형,4000.0,2026-06-02,배송완료,2026-06-02 18:31:00,편의점접수,2026-06-01 18:59:00,2026-06-02,2.2,20,2.2
1100001517,2026-07-15 15:09:00,11,서울지점,C02849667,김재진,이예자,010-7785-8938,서울,강남구 역삼동,일반,생활용품,휴지,5.9,31.0,31.0,18.0,2.88,5.9,중형,6000.0,2026-07-16,배송완료,2026-07-16 16:57:00,편의점접수,2026-07-15 15:09:00,2026-07-16,5.9,31,5.9
3100000094,2026-05-04 14:21:00,31,진주지점,C8DC413E5,김진숙,이연란,010-5802-2696,대전,동구 가양동,일반,식품,된장,11.7,21.0,26.0,20.0,1.82,11.7,중형,6000.0,2026-05-05,반품,,편의점접수,2026-05-04 14:21:00,2026-05-05,11.7,21,11.7
1100000436,2026-06-01 17:12:00,11,서울지점,C88A644B2,강태빈,이정환,010-6235-1362,경기,성남시 분당구,일반,반려동물,강아지옷,8.9,20.0,21.0,10.0,0.7,8.9,중형,6000.0,2026-06-02,배송완료,2026-06-02 9:26:00,편의점접수,2026-06-01 17:12:00,2026-06-02,8.9,20,8.9
1100000453,2026-06-29 11:14:00,11,서울지점,C2AEE3318,김윤경,권승빈,010-7169-5192,서울,송파구 잠실동,일반,전자·디지털,모니터,1.3,25.0,16.0,10.0,0.67,1.3,극소형,3500.0,2026-06-30,배송완료,2026-06-30 15:45:00,편의점접수,2026-06-29 11:14:00,2026-06-30,1.3,25,1.3
1100001588,2026-06-26 14:22:00,11,서울지점,C26CCE590,조아빈,강민현,010-2560-6811,전남,목포시 하당,일반,의류·패션,신발,2.1,44.0,39.0,30.0,8.58,8.58,중형,6000.0,2026-06-29,배송완료,2026-06-29 18:25:00,인터넷접수,2026-06-26 14:22:00,2026-06-29,2.1,44,8.6
2100001651,2026-06-12 14:41:00,21,대전지점,CF8A2A311,김성진,박도준,010-8120-6996,충북,충주시 연수동,일반,식품,건어물,7.6,29.0,27.0,14.0,1.83,7.6,중형,6000.0,2026-06-15,배송완료,,대리점,2026-06-12 14:41:00,2026-06-15,7.6,29,7.6
1100002569,2026-08-04 13:14:00,11,서울지점,C6488CB8E,김현율,이정우,010-4317-4891,서울,용산구 후암동,일반,식품,김,7.9,23.0,27.0,23.0,2.38,7.9,중형,6000.0,2026-08-05,간선상차,,방문접수,2026-08-04 13:14:00,2026-08-05,999,23,7.9
3100000373,2026-07-09 14:00:00,31,진주지점,C4A9D925C,김서희,김태철,1052203848,충남,아산시 배방읍,일반,식품,김,4.9,23.0,27.0,27.0,2.79,4.9,소형,4000.0,2026-07-10,배송완료,2026-07-10 10:20:00,방문접수,2026-07-09 14:00:00,2026-07-10,4.9,23,4.9
2100002703,2026-07-23 16:22:00,21,대전지점,CFFDB980C,한아자,서호란,1039134231,충남,천안시 서북구,일반,전자·디지털,모니터,5.3,21.0,14.0,24.0,1.18,5.3,중형,6000.0,2026-07-24,배송완료,2026-07-24 17:23:00,인터넷접수,2026-07-23 16:22:00,2026-07-24,5.3,21,5.3
3100002253,2026-07-15 15:14:00,31,진주지점,C931420E1,김성미,정지연,1034867593,경북,구미시 인동,일반,식품,주류,10.7,32.0,17.0,15.0,1.36,10.7,중형,6000.0,2026-07-16,미배송,2026-07-16 10:55:00,편의점접수,2026-07-15 15:14:00,2026-07-16,10.7,32,10.7
3100000808,2026-06-01 14:55:00,31,진주지점,CB1B775B4,이규숙,황진자,010-4499-3812,대전,동구 가양동,일반,생활용품,휴지,4.9,43.0,33.0,18.0,4.26,4.9,중형,6000.0,2026-06-02,배송완료,2026-06-02 15:18:00,대리점,2026-06-01 14:55:00,2026-06-02,4.9,43,4.9
4100000324,2026-06-22 18:27:00,41,울산지점,C99096780,이지현,김주연,010-4878-4813,경기,부천시 원미구,일반,의류·패션,청바지,1.5,48.0,27.0,15.0,3.24,3.24,중형,6000.0,2026-06-23,배송완료,2026-06-23 19:29:00,인터넷접수,06/22/2026 18:27,2026-06-23,1.5,48,3.2
1100000086,2026-06-06 14:11:00,11,서울지점,CC9B96933,박민연,한연환,010-9609-6900,강원,춘천시 퇴계동,일반,의류·패션,반팔티,2.5,48.0,33.0,26.0,6.86,6.86,중형,6000.0,2026-06-08,배송완료,2026-06-08 17:51:00,편의점접수,2026-06-06 14:11:00,2026-06-08,2.5,48,6.9
1200001925,2026-07-07 16:35:00,12,용산지점,C1EF6CAB6,정현숙,이은진,010-8116-7456,서울,용산구 한남동,일반,의류·패션,모자,1.1,34.0,42.0,13.0,3.09,3.09,중형,6000.0,2026-07-08,배송완료,2026-07-08 17:41:00,편의점접수,2026-07-07 16:35:00,2026-07-08,1.1,34,3.1
1100000016,2026-07-29 16:59:00,11,서울지점,C385D1FC3,한은호,박현빈,010-8205-2388,서울,은평구 응암동,일반,전자·디지털,공유기,5.0,18.0,17.0,23.0,1.17,5.0,소형,4000.0,2026-07-30,배송완료,2026-07-31 16:51:00,대리점,2026-07-29 16:59:00,2026-07-30,5.0kg,18,5
1100001898,2026-07-20 17:53:00,11,서울지점,C67EED03A,이채자,윤유준,010-3157-8565,충남,서산시 동문동,일반,식품,김,2.2,36.0,28.0,14.0,2.35,2.35,소형,4000.0,2026-07-21,배송완료,2026-07-22 19:35:00,편의점접수,2026-07-20 17:53:00,2026-07-21,2.2,36,2.4
2100002627,2026-07-18 15:40:00,21,대전지점,C77D07313,조채경,김우연,010-8323-5645,대전,중구 은행동,일반,생활용품,세탁세제,6.1,46.0,27.0,31.0,6.42,6.42,중형,6000.0,2026-07-20,배송완료,2026-07-20 18:48:00,방문접수,2026-07-18 15:40:00,2026-07-20,6.1,46,6.4
1200000391,2026-08-03 15:05:00,12,용산지점,C476B75A3,양태란,전영숙,010-8774-6955,전남,순천시 조례동,일반,식품,커피원두,7.5,32.0,21.0,20.0,2.24,7.5,중형,6000.0,2026-08-04,배송완료,,방문접수,2026-08-03 15:05:00,2026-08-04,7.5,32,7.5
1100001889,2026-07-13 15:41:00,11,서울지점,CF5E18C22,서수호,김서호,010-8149-8582,전남,목포시 하당,일반,가구·침구,러그,4.1,45.0,44.0,35.0,11.55,11.55,대형,9000.0,2026-07-14,배송완료,2026-07-15 20:39:00,편의점접수,2026-07-13 15:41:00,2026-07-14,4.1,45,4.1
1100000581,2026-06-08 17:20:00,11,서울지점,C3D8C8E6C,김연희,박유철,1056231510,대구,수성구 범어동,일반,전자·디지털,이어폰,0.8,34.0,26.0,21.0,3.09,3.09,중형,6000.0,2026-06-09,배송완료,2026-06-11 13:29:00,편의점접수,2026-06-08 17:20:00,2026-06-09,0.8,34,3.1
2100000058,2026-08-05 18:06:00,21,대전지점,CDDA3FA27,전서자,박예경,010-5915-7564,경기,고양시 일산동구,일반,식품,된장,12.0,38.0,29.0,27.0,4.96,12.0,중형,6000.0,2026-08-06,간선상차,,편의점접수,2026-08-05 18:06:00,2026-08-06,12,38,12
2100001566,2026-07-23 13:19:00,21,대전지점,C2C6CF88C,김현율,이은우,010-9456-9128,경남,진주시 충무공동,일반,의류·패션,청바지,1.6,36.0,28.0,15.0,2.52,2.52,소형,4000.0,2026-07-24,배송완료,2026-07-24 17:30:00,편의점접수,2026-07-23 13:19:00,2026-07-24,1.6,36,2.5
2100000083,2026-05-11 15:44:00,21,대전지점,C12C29DEE,조민희,이아연,010-8401-8178,서울,용산구 원효로1가,일반,가구·침구,이 불,5.0,57.0,32.0,35.0,10.64,10.64,대형,9000.0,2026-05-12,배송완료,2026-05-12 13:21:00,인터넷접수,2026-05-11 15:44:00,2026-05-12,5,57,10.6
1100000914,2026-05-18 16:29:00,11,서울지점,CC2FA3573,박예철,이하식,010-6431-8102,서울,용산구 한남동,일반,의류·패션,모자,1.1,31.0,37.0,15.0,2.87,2.87,중형,6000.0,2026-05-19,배송완료,2026-05-19 13:41:00,인터넷접수,2026-05-18 16:29:00,2026-05-19,1.1,31,2.9
1100002540,2026-05-24 18:09:00,11,서울지점,C8F1F2A23,김현철,김아연,010-8066-2456,서울,강남구 역삼동,일반,식품,커피원두,4.4,30.0,27.0,24.0,3.24,4.4,중형,6000.0,2026-05-25,배송완료,2026-05-27 16:25:00,인터넷접수,2026-05-24 18:09:00,2026-05-25,4.4,30,4.4
4100001635,2026-07-31 11:06:00,41,울산지점,CBC52CDCF,김윤우,김재진,,부산,사하구 하단동,일반,도서·문구,문제집,3.3,35.0,26.0,23.0,3.49,3.49,중형,6000.0,2026-08-03,배송완료,2026-08-05 11:45:00,인터넷접수,07/31/2026 11:06,2026-08-03,3.3,35,3.5
4100002184,2026-07-13 17:24:00,41,울산지점,CD89D702A,김나식,김우자,010-6310-8704,전북,전주시 덕진구,일반,의류·패션,운동화,1.2,28.0,31.0,12.0,1.74,1.74,소형,4000.0,2026-07-14,배송완료,2026-07-14 13:06:00,편의점접수,2026-07-13 17:24:00,2026.07.14,1.2,28,1.7
1100000128,2026-07-28 11:24:00,11,서울지점,C864F1C01,박예환,임윤아,010-8088-1504,인천,남동구 구월동,일반,의류·패션,반팔티,0.5,41.0,33.0,30.0,6.76,6.76,중형,6000.0,2026-07-29,배송완료,2026-07-29 10:37:00,편의점접수,2026-07-28 11:24:00,2026-07-29,0.5,41,6.8
3200001261,2026-06-26 16:53:00,32,거제지점,CEB4C8966,고호원,신은아,010-2361-9098,경남,거제시 고현동,일반,의류·패션,운동화,0.7,37.0,35.0,22.0,4.75,4.75,중형,6000.0,2026-06-29,배송완료,2026-07-01 15:08:00,편의점접수,2026-06-26 16:53:00,2026-06-29,0.7,37,4.7
1200000713,2026-07-02 09:16:00,12,용산지점,C3910EC34,김성희,박호영,,부산,동래구 온천동,일반,도서·문구,책(중고),12.7,34.0,20.0,21.0,2.38,12.7,중형,6000.0,2026-07-03,배송완료,2026-07-03 20:34:00,방문접수,2026-07-02 9:16:00,2026-07-03,12.7,34,12.7
1100001844,2026-06-14 18:34:00,11,서울지점,C2EEC641D,김나호,김호율,010-6640-5389,인천,연수구 송도동,일반,가구·침구,베개,3.1,47.0,39.0,48.0,14.66,14.66,대형,9000.0,2026-06-15,배송완료,2026-06-15 17:46:00,방문접수,2026-06-14 18:34:00,2026-06-15,3.1,47,14.7
1100000717,2026-07-06 16:49:00,11,서울지점,CFA615E5A,이채식,정진희,010-4375-2409,경남,진주시 평거동,일반,의류·패션,운동화,1.9,48.0,39.0,22.0,6.86,6.86,중형,6000.0,2026-07-07,배송완료,2026-07-07 19:37:00,방문접수,2026-07-06 16:49:00,2026-07-07,1.9,48,6.9
2100001693,2026-07-13 14:58:00,21,대전지점,C4F880654,박유원,박하빈,010-9720-4587,서울,용산구 후암동,일반,화장품·미용,헤어드라이어,2.5,35.0,25.0,21.0,3.06,3.06,중형,6000.0,2026-07-14,배송완료,2026-07-16 13:08:00,편의점접수,26-07-13 14:58,2026-07-14,2.5,35,3.1
1100000366,2026-06-22 11:49:00,11,서울지점,C7FAE69B9,김준율,박도호,010-5850-9787,서울,노원구 상계동,일반,식품,포기김치,3.2,23.0,21.0,25.0,2.01,3.2,소형,4000.0,2026-06-23,배송완료,2026-06-23 15:22:00,인터넷접수,2026-06-22 11:49:00,2026-06-23,3.2,23,3.2
1100001366,2026-06-06 12:28:00,11,서울지점,C29D7490B,정유자,김유란,010 3456 3921,부산,해운대구 우동,일반,의류·패션,신발,1.8,28.0,31.0,30.0,4.34,4.34,중형,6000.0,2026-06-08,배송완료,2026-06-08 15:49:00,방문접수,2026-06-06 12:28:00,2026-06-08,1.8,28,4.3
2100000125,2026-06-01 17:08:00,21,대전지점,CFA3EFCF8,김연빈,이연아,010-2820-6814,전남,목포시 하당,일반,식품,김,5.2,25.0,20.0,12.0,1.0,5.2,중형,6000.0,2026-06-02,반송,,인터넷접수,2026-06-01 17:08:00,2026-06-02,5.2,25,5.2
1200002906,2026-05-01 15:31:00,12,용산지점,C69D027A3,이도희,김유아,010-2629-2443,서울,은평구 응암동,일반,의류·패션,패딩,2.4,46.0,36.0,19.0,5.24,5.24,중형,9000.0,2026-05-04,배송완료,2026-05-05 12:06:00,인터넷접수,2026-05-01 15:31:00,2026-05-04,2.4,46,5.2
3100000347,2026-06-01 14:11:00,31,진주지점,CC4F94665,김은환,김성서,010-6659-6670,강원,강릉시 교동,일반,의류·패션,패딩,1.1,50.0,24.0,30.0,6.0,6.0,중형,6000.0,2026-06-02,배송완료,2026-06-03 12:40:00,인터넷접수,2026-06-01 14:11:00,2026-06-02,1.1,50,6
1100001100,2026-08-03 10:54:00,11,서울지점,C25C82A97,홍서진,강우희,010-7845-8823,서울,용산구 청파동,일반,화장품·미용,향수,0.4,20.0,28.0,17.0,1.59,1.59,소형,4000.0,2026-08-04,배송완료,2026-08-04 11:05:00,편의점접수,26-08-03 10:54,2026-08-04,0.4,20,1.6
1100000523,2026-05-12 19:14:00,11,서울지점,C3F6AE748,박서란,이재호,010-5276-2311,대전,중구 은행동,일반,생활용품,리튬배터리,5.6,33.0,30.0,30.0,4.95,5.6,중형,6000.0,2026-05-13,배송완료,2026-05-13 18:21:00,편의점접수,2026-05-12 19:14:00,2026-05-13,5.6,33,5.6
1100002842,2026-07-02 14:25:00,11,서울지점,C10E4B0D2,정준서,이연연,010-5565-6988,대전,유성구 노은동,일반,의류·패션,패딩,2.4,32.0,32.0,31.0,5.29,5.29,중형,6000.0,2026-07-03,배송완료,2026-07-03 19:38:00,인터넷접수,2026-07-02 14:25:00,2026-07-03,2.4,32,5.3
1100002952,2026-05-27 18:51:00,11,서울지점,C7D39F823,류윤호,양성자 님,010-3128-5911,서울,마포구 서교동,일반,의류·패션,모자,1.9,36.0,28.0,27.0,4.54,4.54,중형,6000.0,2026-05-28,배송완료,2026-05-28 13:53:00,방문접수,2026-05-27 18:51:00,2026-05-28,1.9,36,4.5
4100002006,2026-05-08 18:39:00,41,울산지점,CD137743E,최은현,양현준,010-9083-4247,부산,해운대구 우동,일반,식품,건어물,8.2,32.0,18.0,14.0,1.34,8.2,중형,6000.0,2026-05-11,배송완료,2026-05-11 11:44:00,인터넷접수,2026-05-08 18:39:00,2026-05-11,-1,32,8.2
3100002982,2026-05-25 11:49:00,31,진주지점,CBDE34D25,오유우,안규란,010-9783-8858,서울,마포구 서교동,일반,식품,커피원두,6.1,20.0,29.0,28.0,2.71,6.1,중형,6000.0,2026-05-26,배송완료,2026-05-26 20:22:00,인터넷접수,2026-05-25 11:49:00,2026-05-26,6.1,20,6.1
1200002371,2026-06-12 10:14:00,12,용산지점,C7C5E2AF9,박우미,오하빈,010-6791-6352,부산,동래구 온천동,일반,식품,커피원두,4.2,31.0,28.0,18.0,2.6,4.2,소형,4000.0,2026-06-15,반품,,편의점접수,2026-06-12 10:14:00,2026-06-15,4.2,31,4.2
1100001229,2026-08-03 16:56:00,11,서울지점,C4CEE3425,박규율,전서연,,경남,진주시 평거동,일반,생활용품,수납함,7.2,49.0,31.0,23.0,5.82,7.2,중형,6000.0,2026-08-04,배송완료,2026-08-04 16:18:00,방문접수,2026-08-03 16:56:00,2026-08-04,7.2,49,7.2
1100002461,2026-06-22 10:59:00,11,서울지점,C8FA83D92,황채우,신주영,010-7363-4054,울산,동구 방어동,일반,의류·패션,원피스,1.0,35.0,23.0,14.0,1.88,1.88,소형,4000.0,2026-06-23,배송완료,2026-06-24 13:05:00,인터넷접수,2026-06-22 10:59:00,2026-06-23,1.0kg,35,1.9
1100001929,2026-07-06 17:44:00,11,서울지점,CFD69B19B,김나자,유호서(직접수령),010-3633-3501,광주,광산구 수완동,일반,가구·침구,쿠션,2.8,42.0,44.0,33.0,10.16,10.16,중형,6000.0,2026-07-07,배송완료,2026-07-07 16:20:00,편의점접수,2026-07-06 17:44:00,2026-07-07,2.8,42,10.2
1200000090,2026-07-10 17:13:00,12,용산지점,C44337150,정지식,신아희,010-7956-9182,경남,창원시 성산구,일반,전자·디지털,키보드,1.0,24.0,20.0,26.0,2.08,2.08,소형,4000.0,2026-07-13,배송완료,2026-07-13 19:47:00,편의점접수,2026-07-10 17:13:00,2026/07/13,1,24,2.1
1100001404,2026-05-05 17:38:00,11,서울지점,C64477C18,허서준,권승진,010-9099-7647,부산,동래구 온천동,일반,생활용품,청소기필터,2.3,44.0,34.0,22.0,5.49,5.49,중형,6000.0,2026-05-06,배송완료,2026-05-06 20:52:00,편의점접수,2026-05-05 17:38:00,2026/05/06,2.3,44,5.5
1200002876,2026-07-20 09:56:00,12,용산지점,C23EAC842,박진빈,송규란,010-9991-4403,제주,제주시 연동,제주,생활용품,빨래건조대,3.7,39.0,35.0,19.0,4.32,4.32,중형,9000.0,2026-07-22,배송완료,2026-07-23 18:14:00,인터넷접수,2026-07-20 9:56:00,2026-07-22,3.7kg,39,4.3
1100000147,2026-07-10 16:05:00,11,서울지점,CEF48F134,장준준,유호아,010-4611-9759,서울,마포구 서교동,일반,의류·패션,패딩,1.8,29.0,22.0,25.0,2.66,2.66,소형,4000.0,2026-07-13,배송완료,2026-07-13 13:01:00,편의점접수,2026-07-10 16:05:00,2026-07-13,1.8,29,2.7
1100002113,2026-07-13 11:08:00,11,서울지점,C591B06F2,김호자,조서준,,서울,마포구 서교동,일반,생활용품,수납함,2.3,28.0,25.0,19.0,2.22,2.3,소형,4000.0,2026-07-14,배송완료,2026-07-14 14:30:00,방문접수,2026-07-13 11:08:00,2026-07-14,2.3,28,2.3
1100002060,2026-05-18 12:27:00,11,서울지점,C964587C1,임도환,김진환,010-6838-6498,부산,동래구 온천동,일반,식품,김,8.2,25.0,15.0,22.0,1.38,8.2,중형,6000.0,2026-05-19,배송완료,2026-05-19 12:31:00,방문접수,2026-05-18 12:27:00,2026-05-19,8.2,25,8.2
3100001683,2026-05-11 10:26:00,31,진주지점,C6E578ED8,김아현,박주아(직접수령),,충남,천안시 서북구,일반,의류·패션,원피스,4.4,39.0,26.0,26.0,4.39,4.4,중형,6000.0,2026-05-12,배송완료,2026-05-12 9:40:00,인터넷접수,2026-05-11 10:26:00,2026-05-12,-1,39,4.4
3100000064,2026-07-16 14:30:00,31,진주지점,CF568E6AC,김지진,양유숙,010-2475-7606,경남,진주시 충무공동,일반,전자·디지털,이어폰,2.7,27.0,30.0,25.0,3.38,3.38,중형,6000.0,2026-07-17,배송완료,2026-07-17 10:20:00,방문접수,2026-07-16 14:30:00,2026-07-17,2.7,27,3.4
1200000473,2026-05-25 12:53:00,12,용산지점,C06436893,김시준,김하환,,서울,용산구 후암동,일반,의류·패션,원피스,1.0,42.0,33.0,28.0,6.47,6.47,중형,6000.0,2026-05-26,배송완료,2026-05-26 11:49:00,편의점접수,2026-05-25 12:53:00,2026-05-26,1,42,6.5
3200001672,2026-07-07 10:58:00,32,거제지점,CDF98C3CF,조유우,이태연,010-4024-4993,경기,용인시 기흥구,일반,도서·문구,책 30권,12.9,32.0,19.0,16.0,1.62,12.9,중형,6000.0,2026-07-08,미배송,,인터넷접수,2026-07-07 10:58:00,2026-07-08,12.9,32,12.9
3100001310,2026-06-01 17:03:00,31,진주지점,CC19DBAC2,이채식,박은진(경비실),010-7730-5534,전북,익산시 영등동,일반,의류·패션,원피스,2.2,39.0,26.0,31.0,5.24,5.24,중형,6000.0,2026-06-02,배송완료,2026-06-04 11:55:00,편의점접수,2026-06-01 17:03:00,2026-06-02,2.2,39,5.2
1200002224,2026-07-10 17:56:00,12,용산지점,C7B3C088A,김연숙,고서호,010-4377-5410,울산,동구 방어동,일반,가구·침구,커튼,4.9,59.0,39.0,48.0,18.41,18.41,대형,9000.0,2026-07-13,배송완료,2026-07-13 20:24:00,방문접수,2026-07-10 17:56:00,2026-07-13,4.9,59,18.4
4100001892,2026-06-08 14:42:00,41,울산지점,CDAF7C094,최유영,박호아,010-2852-1646,경기,성남시 분당구,일반,의류·패션,코트,2.4,43.0,30.0,23.0,4.94,4.94,중형,6000.0,2026-06-09,배송완료,2026-06-09 15:49:00,대리점,2026-06-08 14:42:00,2026-06-09,2.4,43,4.9
3100001263,2026-05-11 12:55:00,31,진주지점,C4F880654,박유원,김영아,010-2554-3032,경기,남양주시 다산동,일반,도서·문구,문제집,13.6,21.0,25.0,17.0,1.49,13.6,중형,6000.0,2026-05-12,배송완료,2026-05-12 9:19:00,인터넷접수,2026-05-11 12:55:00,2026-05-12,13.6,21,13.6
4100001235,2026-07-14 15:51:00,41,울산지점,C7D056059,이유원,안윤율,010-9240-7431,서울,강남구 역삼동,일반,전자·디지털,충전기,4.4,24.0,23.0,22.0,2.02,4.4,소형,4000.0,2026-07-15,배송완료,2026-07-15 13:55:00,인터넷접수,2026-07-14 15:51:00,2026-07-15,999,24,4.4
1100002610,2026-07-12 12:01:00,11,서울지점,CFAA7A194,윤우진,강채호,010-7887-7010,경북,경주시 황성동,일반,식품,김,6.2,30.0,27.0,17.0,2.3,6.2,중형,6000.0,2026-07-13,배송완료,2026-07-13 15:36:00,방문접수,2026-07-12 12:01:00,2026-07-13,6.2,30,6.2
3100001019,2026-06-24 10:11:00,31,진주지점,C404E1E82,김재환,김재미,010-3216-4624,경남,거제시 장승포동,일반,의류·패션,코트,2.5,35.0,30.0,28.0,4.9,4.9,중형,6000.0,2026-06-25,배송완료,2026-06-25 13:39:00,편의점접수,2026-06-24 10:11:00,2026-06-25,2.5,35,4.9
1100000864,2026-07-15 12:06:00,11,서울지점,C1DBA5F61,박우철,박규우,010-2064-5093,대구,북구 침산동,일반,식품,김 치,11.8,26.0,28.0,16.0,1.94,11.8,중형,6000.0,2026-07-16,배송완료,2026-07-16 16:55:00,편의점접수,2026-07-15 12:06:00,2026-07-16,11.8,26,11.8
1100001032,2026-06-29 14:09:00,11,서울지점,C0A0D9ECC,김현경,이채현,,제주,제주시 노형동,제주,식품,라면박스,11.0,35.0,28.0,25.0,4.08,11.0,중형,9000.0,2026-07-01,배송완료,,대리점,2026-06-29 14:09:00,2026-07-01,11,35,11
3100002333,2026-05-13 13:15:00,31,진주지점,C22D3DCB8,강진희,정도서,010-4842-4673,서울,마포구 서교동,일반,도서·문구,다이어리,1.1,26.0,20.0,22.0,1.91,1.91,소형,7000.0,2026-05-14,배송완료,2026-05-14 9:11:00,편의점접수,2026-05-13 13:15:00,2026-05-14,1.1,26,1.9
1100000573,2026-05-18 12:27:00,11,서울지점,CC9D8F6D4,이지서,김승란,010-3776-9211,대전,유성구 봉명동,일반,생활용품,세제(대용량),0.9,33.0,22.0,30.0,3.63,3.63,중형,6000.0,2026-05-19,배송완료,2026-05-19 13:21:00,인터넷접수,2026-05-18 12:27:00,2026-05-19,0.9,33,3.6
3100000935,2026-07-06 17:10:00,31,진주지점,C0F1E0F27,이주아,박서철,010-7854-3843,경남,진주시 충무공동,일반,식품,김치,2.7,20.0,29.0,15.0,1.45,2.7,소형,4000.0,2026-07-07,배송완료,2026-07-07 14:30:00,방문접수,2026-07-06 17:10:00,2026-07-07,2.7,20,2.7
4100001384,2026-06-03 10:20:00,41,울산지점,CE5ECC571,손하호,정채준,1037848509,서울,강남구 역삼동,일반,의류·패션,운동화,0.7,38.0,32.0,30.0,6.08,6.08,중형,6000.0,2026-06-04,배송완료,2026-06-04 10:49:00,인터넷접수,2026-06-03 10:20:00,2026-06-04,0.7,38,6.1
4100000971,2026-07-22 15:27:00,41,울산지점,CE3B3DB06,류진아,이현율,1063911476,전북,전주시 덕진구,일반,반려동물,고양이모래,7.9,31.0,16.0,8.0,0.66,7.9,중형,6000.0,2026-07-23,배송완료,2026-07-23 9:05:00,편의점접수,2026-07-22 15:27:00,2026-07-23,7.9,31,7.9
1100002248,2026-07-28 10:50:00,11,서울지점,C2F9F0A2C,정우원,임하현,010-5077-5641,서울,은평구 응암동,일반,전자·디지털,이어폰,0.7,35.0,31.0,15.0,2.71,2.71,중형,6000.0,2026-07-29,반품,2026-07-29 20:05:00,인터넷접수,2026-07-28 10:50:00,2026-07-29,0.7,35,2.7
1200002608,2026-07-30 19:05:00,12,용산지점,CE64BF397,박재호,한우영,010 4662 4120,경기,고양시 일산동구,일반,의류·패션,가방,1.7,39.0,42.0,25.0,6.82,6.82,중형,6000.0,2026-07-31,배송완료,2026-07-31 13:25:00,방문접수,2026-07-30 19:05:00,2026-07-31,1.7,39,1.7
3200002416,2026-08-03 16:49:00,32,거제지점,C2653A92F,박예원,임우호,,경기,용인시 기흥구,일반,의류·패션,청바지,0.8,45.0,33.0,14.0,3.46,3.46,중형,6000.0,2026-08-04,미배송,,방문접수,2026-08-03 16:49:00,2026-08-04,0.8,45,3.5
3100000137,2026-07-24 19:41:00,31,진주지점,C5E80ECA0,김수환,양우철,010-7459-3445,경남,거제시 고현동,일반,식품,김치,4.6,33.0,20.0,21.0,2.31,4.6,소형,4000.0,2026-07-27,배송완료,2026-07-28 14:10:00,대리점,2026.07.24 19시41분,2026-07-27,4.6,33,4.6
1200002206,2026-05-25 17:26:00,12,용산지점,C12C95BDA,권지식,김진준,010-4528-9784,대구,달서구 상인동,일반,의류·패션,코트,0.5,30.0,24.0,32.0,3.84,3.84,중형,6000.0,2026-05-26,배송완료,2026-05-26 20:50:00,인터넷접수,2026-05-25 17:26:00,2026-05-26,0.5,30,3.8
2100002367,2026-08-04 15:44:00,21,대전지점,C6C1BE348,김도아,정규숙,010-6017-6110,대전,대덕구 송촌동,일반,가구·침구,이 불,3.8,50.0,38.0,34.0,10.77,10.77,대형,9000.0,2026-08-05,간선하차,,방문접수,2026-08-04 15:44:00,2026-08-05,3.8,50,10.8
4100001073,2026-06-29 14:54:00,41,울산지점,C7CA2678F,김하연,류은현,010-5138-7147,경기,부천시 원미구,일반,전자·디지털,태블릿케이스,5.6,39.0,21.0,13.0,1.77,5.6,중형,6000.0,2026-06-30,배송완료,2026-06-30 14:44:00,편의점접수,2026-06-29 14:54:00,2026-06-30,5.6,39,5.6
1200002144,2026-05-25 10:22:00,12,용산지점,C05ED114C,이진연,윤영식,1098318893,강원,원주시 무실동,일반,가구·침구,커튼,4.0,60.0,34.0,34.0,11.56,11.56,대형,9000.0,2026-05-26,배송완료,2026-05-26 14:40:00,방문접수,2026-05-25 10:22:00,2026-05-26,4,60,11.6
1100002309,2026-07-28 18:23:00,11,서울지점,C462825F1,장나아,김수현,010-2745-3406,대전,중구 은행동,일반,전자·디지털,공유기,0.6,18.0,17.0,11.0,0.56,0.6,극소형,3500.0,2026-07-29,배송완료,2026-07-29 13:10:00,편의점접수,2026-07-28 18:23:00,2026-07-29,0.6,18,0.6
1100002724,2026-06-12 11:49:00,11,서울지점,C3E78B8D5,김규호,정유빈,010-8160-9427,대구,북구 침산동,일반,의류·패션,운동화,0.5,32.0,33.0,18.0,3.17,3.17,중형,6000.0,2026-06-15,배송완료,2026-06-15 19:20:00,방문접수,2026-06-12 11:49:00,2026-06-15,0.5,32,3.2
1100000941,2026-05-26 14:07:00,11,서울지점,CC3952198,최연진,이진미,010-2201-8396,대전,유성구 봉명동,일반,반려동물,강아지옷,5.5,25.0,21.0,15.0,1.31,5.5,중형,6000.0,2026-05-27,배송완료,2026-05-29 9:56:00,대리점,2026/05/26 14:07,2026-05-27,5.5,25,5.5
3200001619,2026-05-25 18:45:00,32,거제지점,CA5A2F4EB,한영영,최영아,010-9648-7233,경기,남양주시 다산동,일반,생활용품,빨래건조대,7.6,44.0,39.0,26.0,7.44,7.6,중형,6000.0,2026-05-26,배송완료,2026-05-26 9:42:00,편의점접수,2026-05-25 18:45:00,2026-05-26,7.6,44,7.6
1100000948,2026-06-30 15:50:00,11,서울지점,C0487656B,박우원,김나빈,010-4428-5750,인천,부평구 부평동,일반,가구·침구,커튼,2.7,43.0,54.0,32.0,12.38,12.38,대형,9000.0,2026-07-01,배송완료,2026-07-01 19:25:00,방문접수,2026-06-30 15:50:00,2026-07-01,2.7,43,12.4
1200002440,2026-08-03 12:45:00,12,용산지점,CF6C0DC19,강서율,김영율,010-4748-4282,울산,북구 명촌동,일반,화장품·미용,스킨케어세트,3.0,35.0,30.0,11.0,1.92,3.0,소형,4000.0,2026-08-04,배송완료,2026-08-05 16:47:00,인터넷접수,2026-08-03 12:45:00,2026/08/04,3,35,3
3100002708,2026-07-15 18:51:00,31,진주지점,CD39AA131,홍성경,김하영,010-8689-5408,인천,남동구 구월동,일반,반려동물,강아지옷,8.6,25.0,20.0,14.0,1.17,8.6,중형,6000.0,2026-07-16,배송완료,2026-07-16 11:42:00,인터넷접수,2026-07-15 18:51:00,2026-07-16,8.6,25,8.6
1100001197,2026-05-07 15:40:00,11,서울지점,C82217638,손재진,최규진,,대전,중구 은행동,일반,도서·문구,다이어리,4.7,28.0,28.0,15.0,1.96,4.7,소형,4000.0,2026-05-08,배송완료,2026-05-08 20:44:00,편의점접수,2026-05-07 15:40:00,2026-05-08,4.7,28,4.7
4100000987,2026-07-16 15:32:00,41,울산지점,CB1B775B4,이규숙,최승현,010-9315-2727,경남,거제시 옥포동,일반,도서·문구,노트 10권,10.0,37.0,26.0,28.0,4.49,10.0,중형,6000.0,2026-07-17,배송완료,2026-07-17 16:42:00,편의점접수,2026-07-16 15:32:00,2026-07-17,10,37,10
3100001502,2026-06-08 10:51:00,31,진주지점,C8F1F2A23,김현철,이재철,010-8396-1855,충남,아산시 배방읍,일반,식품,라면박스,6.8,20.0,27.0,17.0,1.53,6.8,중형,6000.0,2026-06-09,배송완료,2026-06-09 18:16:00,방문접수,2026-06-08 10:51:00,2026-06-09,6.8,20,6.8
1100001496,2026-07-27 16:44:00,11,서울지점,C68EF7228,김연자,김시진,010 8332 5548,제주,서귀포시 중문동,제주,도서·문구,노트류,6.0,22.0,23.0,13.0,1.1,6.0,중형,9000.0,2026-07-29,배송완료,2026-07-29 11:19:00,편의점접수,2026-07-27 16:44:00,2026-07-29,6,22,6
4100001510,2026-07-03 17:09:00,41,울산지점,CF38EC7F7,최진서,김승율,010-6881-2890,서울,송파구 잠실동,일반,생활용품,휴지,3.3,46.0,26.0,27.0,5.38,5.38,중형,6000.0,2026-07-06,배송완료,2026-07-06 9:27:00,방문접수,2026-07-03 17:09:00,2026-07-06,3.3,46,5.4
1100002468,2026-07-30 17:51:00,11,서울지점,CD3C7173F,최승진,정재율,010-3034-9734,경기,부천시 원미구,일반,생활용품,휴지 30롤,6.3,29.0,35.0,19.0,3.21,6.3,중형,1000.0,2026-07-31,배송완료,2026-07-31 11:33:00,편의점접수,2026-07-30 17:51:00,2026.07.31,6.3,29,6.3
3200000784,2026-06-08 10:57:00,32,거제지점,C0A0D9ECC,김현경,권아철,010-2741-5248,울산,남구 삼산동,일반,식품,백미,4.8,21.0,28.0,20.0,1.96,4.8,소형,7000.0,2026-06-09,배송완료,2026-06-09 9:50:00,편의점접수,2026-06-08 10:57:00,2026-06-09,4.8,21,4.8
1200002162,2026-06-08 15:35:00,12,용산지점,C0574FA2F,김우율,이정자,,서울,노원구 상계동,일반,식품,커피원두,7.2,33.0,29.0,21.0,3.35,7.2,중형,6000.0,2026-06-09,배송완료,2026-06-09 17:46:00,편의점접수,26-06-08 15:35,2026-06-09,7.2,33,7.2
1100000202,2026-05-11 18:41:00,11,서울지점,C8161C26F,이윤미,김하경,1047324312,경남,양산시 물금읍,일반,식품,커피원두,3.5,23.0,29.0,14.0,1.56,3.5,소형,4000.0,2026-05-12,배송완료,2026-05-12 15:55:00,대리점,2026-05-11 18:41:00,2026-05-12,3.5,23,3.5
2100001003,2026-06-03 16:56:00,21,대전지점,C67EED03A,이채자,이연경,1031299110,서울,은평구 응암동,일반,의류·패션,원피스,2.4,48.0,34.0,24.0,6.53,6.53,중형,6000.0,2026-06-04,배송완료,2026-06-04 16:16:00,,2026-06-03 16:56:00,2026-06-04,2.4,48,6.5
4100002122,2026-06-21 16:59:00,41,울산지점,C8C5CA15D,김도현,김규희,010-2784-6747,대전,서구 둔산동,일반,도서·문구,필기구세트,12.5,32.0,24.0,28.0,3.58,12.5,중형,6000.0,2026-06-22,배송완료,2026-06-23 15:49:00,인터넷접수,2026-06-21 16:59:00,2026-06-22,12.5,32,12.5
3100000745,2026-06-05 10:52:00,31,진주지점,CB311F11D,강하희,오호율,010-9813-7641,부산,사하구 하단동,일반,식품,쌀,11.0,34.0,15.0,28.0,2.38,11.0,중형,6000.0,2026-06-08,배송완료,2026-06-08 14:03:00,인터넷접수,2026-06-05 10:52:00,2026-06-08,11,34,11
1100000199,2026-05-04 18:37:00,11,서울지점,CDD4DEF12,이재호,최예원,010-3072-3601,경북,구미시 인동,일반,의류·패션,주류,0.8,47.0,33.0,22.0,5.69,5.69,중형,6000.0,2026-05-05,미배송,2026-05-05 19:07:00,편의점접수,2026-05-04 18:37:00,2026-05-05,0.8,47,5.7
2100000228,2026-07-15 14:54:00,21,대전지점,CD5878FED,김연경,조준미,010-7837-8653,서울,마포구 서교동,일반,의류·패션,청바지,1.1,42.0,32.0,14.0,3.14,3.14,중형,6000.0,2026-07-16,배송완료,2026-07-16 12:43:00,편의점접수,2026-07-15 14:54:00,2026-07-16,1.1,42,3.1
2100002714,2026-05-13 10:37:00,21,대전지점,CFDE8FE58,김하율,정채아,010-5769-2811,경남,거제시 고현동,일반,식품,김,7.3,38.0,16.0,23.0,2.33,7.3,중형,6000.0,2026-05-14,배송완료,,방문접수,2026-05-13 10:37:00,2026/05/14,7.3,38,7.3
1100002686,2026-06-05 16:43:00,11,서울지점,C101077F7,박호란,임진빈,010-9409-1338,전남,순천시 조례동,일반,식품,커피원두,3.9,28.0,15.0,14.0,0.98,3.9,소형,4000.0,,배송완료,2026-06-09 17:07:00,편의점접수,2026-06-05 16:43:00,,3.9,28,3.9
2100002509,2026-07-27 14:31:00,21,대전지점,C57285F15,서지영,최연란,1029506358,경남,창원시 성산구,일반,식품,김치,2.5,25.0,16.0,24.0,1.6,2.5,소형,4000.0,2026-07-28,배송완료,2026-07-28 13:04:00,대리점,2026-07-27 14:31:00,2026-07-28,2.5,25,2.5
2100000231,2026-05-04 16:52:00,21,대전지점,C1EB58EAE,최우란,정서숙,010-4738-3909,대전,대덕구 송촌동,일반,생활용품,수납함,3.6,38.0,36.0,26.0,5.93,5.93,중형,6000.0,2026-05-05,배송완료,2026-05-07 16:45:00,대리점,2026-05-04 16:52:00,2026-05-05,3.6,38,5.9
2100002929,2026-07-22 13:12:00,21,대전지점,C101077F7,박호란,이지진,,서울,송파구 잠실동,일반,전자·디지털,공유기,2.3,36.0,18.0,11.0,1.19,2.3,소형,4000.0,2026-07-23,배송완료,2026-07-23 12:53:00,편의점접수,2026-07-22 13:12:00,2026-07-23,2.3,36,2.3
2100001056,2026-07-31 19:21:00,21,대전지점,C7FE87FAE,조재경,류윤진,010-7362-6287,서울,용산구 청파동,일반,식품,쌀 20kg,5.9,36.0,28.0,28.0,4.7,5.9,중형,6000.0,2026-08-03,배송완료,2026-08-03 14:08:00,인터넷접수,2026-07-31 19:21:00,2026-08-03,5.9,36,5.9
1100002765,2026-06-30 15:31:00,11,서울지점,CE9F87781,안호원,박서율,010-4904-3256,경남,진주시 초전동,일반,의류·패션,티셔츠 2장,1.1,50.0,39.0,31.0,10.07,10.07,중형,6000.0,2026-07-01,배송완료,2026-07-01 15:18:00,대리점,2026-06-30 15:31:00,2026-07-01,1.1,50,10.1
2100000680,2026-05-26 11:11:00,21,대전지점,C4B132738,김준연,최재자,010-9606-2906,경남,진주시 초전동,일반,의류·패션,가방,1.5,49.0,31.0,28.0,7.09,7.09,중형,6000.0,2026-05-27,배송완료,2026-05-28 15:40:00,편의점접수,2026-05-26 11:11:00,2026-05-27,1.5,49,7.1
4100002315,2026-05-26 15:04:00,41,울산지점,CC1633F04,강규진,조윤식,010-2593-8599,경남,진주시 초전동,일반,반려동물,사료,8.8,20.0,30.0,11.0,1.1,8.8,중형,6000.0,2026-05-27,배송완료,2026-05-27 16:40:00,인터넷접수,2026-05-26 15:04:00,2026-05-27,8.8,20,8.8
1200001398,2026-05-19 13:35:00,12,용산지점,C18346016,서준율,김승원,010-2833-2327,울산,북구 명촌동,일반,식품,건어물,11.5,20.0,29.0,14.0,1.35,11.5,중형,6000.0,2026-05-20,배송완료,2026-05-20 17:14:00,편의점접수,2026-05-19 13:35:00,2026-05-20,11.5,20,11.5
3200000802,2026-05-25 16:25:00,32,거제지점,CA4A8B34F,김서숙,최시우,010-5396-4774,서울,마포구 서교동,일반,의류·패션,패딩,0.8,29.0,39.0,18.0,3.39,3.39,중형,6000.0,2026-05-26,미배송,,편의점접수,2026-05-25 16:25:00,2026-05-26,0.8,29,3.4
1200001025,2026-05-25 11:02:00,12,용산지점,C17C09CC1,김호환,이재란,010 7349 9645,서울,용산구 후암동,일반,생활용품,휴지,7.7,39.0,37.0,19.0,4.57,7.7,중형,6000.0,2026-05-26,배송완료,2026-05-26 9:02:00,인터넷접수,2026-05-25 11:02:00,2026-05-26,7.7,39,7.7
4100001419,2026-06-01 11:10:00,41,울산지점,C49D88620,오민란,김태희,010-8681-1467,서울,마포구 서교동,일반,생활용품,세제,7.9,39.0,26.0,27.0,4.56,7.9,중형,6000.0,2026-06-02,배송완료,2026-06-03 17:47:00,온라인,2026-06-01 11:10:00,2026-06-02,7.9,39,7.9
3100002098,2026-05-18 16:36:00,31,진주지점,C12C95BDA,권지식,김채철,010-9496-2687,경남,진주시 초전동,일반,화장품·미용,스킨케어세트,2.7,25.0,30.0,22.0,2.75,2.75,소형,4000.0,2026-05-19,배송완료,2026-05-19 14:38:00,방문접수,2026-05-18 16:36:00,2026-05-19,2.7,25,2.8
3100001875,2026-07-20 17:30:00,31,진주지점,CBEFC1856,전주경,김유연,010-2339-4800,경남,진주시 충무공동,일반,식품,과일선물세트,6.5,22.0,21.0,26.0,2.0,6.5,중형,6000.0,2026-07-21,배송완료,,대리점,2026-07-20 17:30:00,2026-07-21,6.5,22,6.5
1200001015,2026-06-01 11:13:00,12,용산지점,C0FB8FD70,이도아,양영호,010-2968-6008,울산,중구 성남동,일반,화장품·미용,스킨케어세트,1.8,35.0,20.0,9.0,1.05,1.8,소형,7000.0,2026-06-02,배송완료,2026-06-02 9:54:00,인터넷접수,2026-06-01 11:13:00,2026-06-02,1.8,35,1.8
1200000704,2026-05-04 15:07:00,12,용산지점,C6FACCC29,김호준,김규식,010-3244-3182,울산,울주군 범서읍,일반,의류·패션,원피스,2.3,48.0,32.0,27.0,6.91,6.91,중형,6000.0,2026-05-05,배송완료,2026-05-06 11:55:00,방문접수,2026/05/04 15:07,2026-05-05,2.3,48,6.9
2100002375,2026-07-27 15:12:00,21,대전지점,C7FAE69B9,김준율,이윤영,010-5376-2159,인천,부평구 부평동,일반,의류·패션,티셔츠 2장,1.5,45.0,32.0,26.0,6.24,6.24,중형,6000.0,2026-07-28,배송완료,2026-07-28 19:30:00,대리점,2026-07-27 15:12:00,2026-07-28,1.5,45,6.2
1100000263,2026-06-01 15:47:00,11,서울지점,C524419C5,김우원,박규호,010-8295-5035,충남,아산시 배방읍,일반,전자·디지털,키보드,1.8,32.0,20.0,25.0,2.67,2.67,소형,4000.0,2026-06-02,배송완료,2026-06-04 10:12:00,편의점접수,2026-06-01 15:47:00,2026-06-02,1.8,32,2.7
1100002930,2026-07-08 17:38:00,11,서울지점,CD914745D,김영율,김나우,010-7458-5824,전북,전주시 덕진구,일반,식품,된장,6.4,30.0,27.0,23.0,3.1,6.4,중형,6000.0,2026-07-09,배송완료,2026-07-09 19:42:00,인터넷접수,2026.07.08 17시38분,2026-07-09,6.4,30,6.4
3200002222,2026-06-30 10:34:00,32,거제지점,CD41C5065,강규원,박채율,010-2972-7279,제주,서귀포시 중문동,제주,생활용품,청소기필터,1.7,41.0,40.0,28.0,7.65,7.65,중형,9000.0,2026-07-02,배송완료,2026-07-06 9:05:00,인터넷접수,2026-06-30 10:34:00,2026-07-02,1.7,41,7.7
1100002619,2026-07-10 16:55:00,11,서울지점,CD320C09F,박연준,박승숙,010-4524-5915,경북,경주시 황성동,일반,생활용품,청소기필터,5.5,29.0,28.0,19.0,2.57,5.5,중형,6000.0,2026-07-13,배송완료,2026-07-13 16:28:00,인터넷접수,2026-07-10 16:55:00,2026-07-13,5.5,29,5.5
3100000772,2026-05-15 18:57:00,31,진주지점,C428DD654,김승진,이은서,010-4036-8348,전남,순천시 조례동,일반,화장품·미용,샴푸,0.4,19.0,30.0,16.0,1.52,1.52,소형,4000.0,2026-05-18,배송완료,2026-05-18 16:09:00,편의점접수,2026-05-15 18:57:00,2026-05-18,0.4,19,1.5
3100000420,2026-05-04 10:36:00,31,진주지점,CE216882D,박윤철,이하호,010-2083-8521,대전,유성구 봉명동,일반,생활용품,휴지,1.8,43.0,24.0,25.0,4.3,4.3,중형,6000.0,2026-05-05,배송완료,,편의점접수,2026-05-04 10:36:00,2026-05-05,1.8,43,4.3
1100000720,2026-07-02 18:51:00,11,서울지점,CD3E558CF,최준율,최지숙,010-2893-8138,인천,연수구 송도동,일반,식품,김치,10.5,30.0,24.0,19.0,2.28,10.5,중형,6000.0,2026-07-03,배송완료,2026-07-03 15:40:00,대리점접수,2026-07-02 18:51:00,2026-07-03,10.5,30,10.5
3200002864,2026-06-11 18:58:00,32,거제지점,C284C8539,류시우,이태미,010-8451-7817,울산,남구 삼산동,일반,가구·침구,이불 (겨울용),4.8,49.0,44.0,47.0,16.89,16.89,대형,9000.0,2026-06-12,미배송,,인터넷접수,2026-06-11 18:58:00,2026-06-12,4.8,49,16.9
4100000668,2026-05-29 17:33:00,41,울산지점,C56F3DE91,이나호,박서경,010-9096-4812,대전,대덕구 송촌동,일반,의류·패션,반팔티,1.6,41.0,23.0,30.0,4.72,4.72,중형,6000.0,2026-06-01,배송완료,,방문접수,2026-05-29 17:33:00,2026-06-01,1.6,41,1.6
4100001016,2026-07-13 15:15:00,41,울산지점,C16EFA169,김나아,김현준,010-7243-3513,서울,용산구 후암동,일반,식품,건어물,11.4,35.0,29.0,15.0,2.54,11.4,중형,6000.0,2026-07-14,배송완료,2026-07-15 10:58:00,대리점,2026-07-13 15:15:00,2026-07-14,11.4,35,11.4
1200001931,2026-06-06 13:16:00,12,용산지점,CB6A4C007,이정희,김아율,010-6579-7582,서울,송파구 잠실동,일반,의류·패션,운동화,0.9,41.0,33.0,17.0,3.83,3.83,중형,6000.0,2026-06-08,배송완료,2026-06-09 13:17:00,인터넷접수,2026-06-06 13:16:00,2026-06-08,0.9,41,3.8
2100002985,2026-07-04 18:07:00,21,대전지점,C55E2A5FD,안유철,이민서,010-9465-9366,서울,마포구 서교동,일반,도서·문구,의약품,6.7,28.0,27.0,20.0,2.52,6.7,중형,6000.0,2026-07-06,미배송,2026-07-06 14:27:00,편의점접수,2026-07-04 18:07:00,2026-07-06,6.7kg,28,6.7
4100000385,2026-07-22 14:56:00,41,울산지점,CEB7FD892,송민율,손준영,010-8929-6765,인천,부평구 부평동,일반,식품,김,3.2,27.0,27.0,26.0,3.16,3.2,소형,4000.0,2026-07-23,배송완료,2026-07-27 18:59:00,편의점접수,2026-07-22 14:56:00,2026-07-23,3.2,27,3.2
1100001474,2026-07-24 15:46:00,11,서울지점,CF50E1363,김규란,김태서,010 2336 7569,인천,서구 청라동,일반,생활용품,청소기필터,2.0,29.0,42.0,23.0,4.67,4.67,중형,6000.0,2026-07-27,배송완료,,인터넷접수,2026-07-24 15:46:00,2026-07-27,2,29,4.7
3200000958,2026-07-27 17:38:00,32,거제지점,CB957E4E1,김아경,문수우,,인천,남동구 구월동,일반,생활용품,빨래건조대,6.7,36.0,24.0,32.0,4.61,6.7,중형,6000.0,2026-07-28,미배송,,인터넷접수,2026-07-27 17:38:00,2026-07-28,6.7,36,6.7
3200001287,2026-07-31 11:42:00,32,거제지점,C3880B1DD,임우아,신성우,,경남,창원시 성산구,일반,생활용품,빨래건조대,4.0,48.0,32.0,19.0,4.86,4.86,중형,6000.0,2026-08-03,배송완료,2026-08-07 19:37:00,편의점접수,2026-07-31 11:42:00,2026-08-03,4,48,4.9
2100001150,2026-05-25 10:34:00,21,대전지점,C61AE2A89,김지환,이진란,,전남,목포시 하당,일반,반려동물,장난감,3.3,40.0,20.0,12.0,1.6,3.3,소형,4000.0,2026-05-26,배송완료,2026-05-27 15:05:00,편의점접수,2026-05-25 10:34:00,2026-05-26,3.3,40,3.3
3100000618,2026-06-29 11:37:00,31,진주지점,CE1F62419,이아율,박승아,010-7882-6596,대전,동구 가양동,일반,생활용품,주방용품,7.4,37.0,23.0,17.0,2.41,7.4,중형,6000.0,2026-06-30,배송완료,,방문접수,2026-06-29 11:37:00,2026-06-30,7.4,37,7.4
2100000912,2026-07-30 15:16:00,21,대전지점,C6FC49349,조유환,이수우,010-9581-1043,세종,한솔동,일반,식품,과일선물세트,10.6,25.0,30.0,16.0,2.0,10.6,중형,6000.0,2026-07-31,배송완료,2026-07-31 13:25:00,방문접수,2026-07-30 15:16:00,2026-07-31,10.6,25,10.6
1100001323,2026-05-13 19:50:00,11,서울지점,C56F3DE91,이나호,이나식,010-6874-5807,인천,서구 청라동,일반,생활용품,휴지,7.4,31.0,22.0,12.0,1.36,7.4,중형,6000.0,2026-05-14,배송완료,2026-05-14 15:54:00,편의점접수,2026-05-13 19:50:00,2026-05-14,7.4,31,7.4
1200000334,2026-07-24 18:58:00,12,용산지점,C97783300,김재철,장서숙,,울산,동구 방어동,일반,식품,된장,2.5,26.0,27.0,27.0,3.16,3.16,소형,4000.0,2026-07-27,배송완료,2026-07-28 19:09:00,방문접수,2026-07-24 18:58:00,2026-07-27,2.5,26,3.2
1100000666,2026-07-03 18:47:00,11,서울지점,C094A3684,안재아,정나란,010-4824-4086,울산,남구 옥동,일반,전자·디지털,충전기,4.8,33.0,28.0,24.0,3.7,4.8,중형,6000.0,2026-07-06,배송완료,2026-07-06 17:42:00,대리점,2026.07.03 18시47분,2026/07/06,4.8,33,4.8
2100001046,2026-05-08 17:30:00,21,대전지점,C3C46DE84,김은식,이도환,010-5711-7284,경남,진주시 평거동,일반,의류·패션,가방,1.8,49.0,24.0,12.0,2.35,2.35,중형,6000.0,2026-05-11,배송완료,2026-05-11 15:09:00,인터넷접수,2026-05-08 17:30:00,2026-05-11,1.8,49,2.4
1100000718,2026-05-21 14:48:00,11,서울지점,CFF53094F,오정자,남아호,010-9841-9884,경북,구미시 인동,일반,생활용품,주방용품,4.7,47.0,29.0,15.0,3.41,4.7,중형,6000.0,2026-05-22,배송완료,2026-05-22 14:34:00,인터넷접수,2026-05-21 14:48:00,2026-05-22,4.7,47,4.7
1100002572,2026-05-25 09:26:00,11,서울지점,CB9D8DC1D,정성연,김도호,1068776213,대전,유성구 봉명동,일반,가구·침구,쿠션,4.2,41.0,30.0,43.0,8.82,8.82,중형,6000.0,2026-05-26,배송완료,,편의점접수,2026-05-25 9:26:00,2026-05-26,4.2,41,8.8
3100000313,2026-05-11 17:31:00,31,진주지점,C4462B60E,한민현,박유아,010-8089-2603,서울,강남구 역삼동,일반,생활용품,청소기필터,6.4,32.0,37.0,26.0,5.13,6.4,중형,6000.0,2026-05-12,배송완료,,편의점접수,2026-05-11 17:31:00,2026-05-12,6.4,32,6.4
3100000923,2026-06-15 11:31:00,31,진주지점,C532AAAD8,허시영,박민아,010-6221-2099,경기,수원시 영통구,일반,생활용품,세제,0.7,47.0,42.0,26.0,8.55,8.55,중형,6000.0,2026-06-16,배송완료,2026-06-17 10:42:00,편의점접수,2026-06-15 11:31:00,2026-06-16,0.7,47,8.6
4100001615,2026-06-24 18:48:00,41,울산지점,C7B38FAC5,이준준,박채란,010-5801-3362,서울,강남구 역삼동,일반,식품,된장,4.0,25.0,29.0,28.0,3.38,4.0,중형,6000.0,2026-06-25,배송완료,2026-06-26 19:19:00,인터넷접수,2026-06-24 18:48:00,2026-06-25,4,25,4
3200001408,2026-05-12 15:31:00,32,거제지점,C43460007,김준자,이재원,010-4296-5664,울산,동구 방어동,일반,의류·패션,운동화,2.2,31.0,22.0,20.0,2.27,2.27,소형,4000.0,2026-05-13,배송완료,2026-05-15 20:07:00,편의점접수,2026-05-12 15:31:00,2026-05-13,2.2,31,2.3
1100002609,2026-06-22 14:35:00,11,서울지점,CEAF28E81,서성연,정예환,010-3369-2001,서울,노원구 상계동,일반,생활용품,수납함,1.3,42.0,34.0,32.0,7.62,7.62,중형,6000.0,2026-06-23,배송완료,2026-06-23 15:09:00,편의점접수,2026-06-22 14:35:00,2026-06-23,1.3,42,7.6
1200001123,2026-07-06 12:33:00,12,용산지점,C2D352EB4,김도철,김하환,010-2876-9480,서울,강남구 역삼동,일반,생활용품,세탁세제,6.4,34.0,36.0,24.0,4.9,6.4,중형,6000.0,2026-07-07,배송완료,2026-07-07 20:57:00,편의점접수,2026-07-06 12:33:00,2026-07-07,6.4,34,6.4
1200000703,2026-07-13 19:17:00,12,용산지점,C988273E7,김유란,유성미,010-6949-5349,경남,진주시 초전동,일반,의류·패션,모자,1.1,33.0,36.0,24.0,4.75,4.75,중형,6000.0,,배송완료,2026-07-14 16:02:00,편의접수,2026-07-13 19:17:00,,1.1,33,4.8
3100001487,2026-06-10 15:33:00,31,진주지점,C7CA2678F,김하연,박정철,010-5155-3031,서울,마포구 서교동,일반,전자·디지털,공유기,2.9,22.0,27.0,14.0,1.39,2.9,소형,4000.0,2026-06-11,배송완료,2026-06-12 10:15:00,편의점접수,2026-06-10 15:33:00,2026-06-11,2.9,22,2.9
2100000714,2026-07-14 18:59:00,21,대전지점,C5DB023AF,김정원,김태란,,경기,성남시 분당구,일반,의류·패션,운동화,0.6,47.0,25.0,18.0,3.52,3.52,중형,6000.0,2026-07-15,배송완료,2026-07-15 10:13:00,인터넷접수,2026-07-14 18:59:00,2026-07-15,0.6,47,3.5
3200002477,2026-07-14 19:11:00,32,거제지점,C46DA4720,김호우,김호란,010-8586-1174,경기,수원시 영통구,일반,생활용품,휴지 30롤,6.4,39.0,39.0,22.0,5.58,6.4,중형,6000.0,,배송완료,2026-07-19 14:49:00,인터넷접수,2026-07-14 19:11:00,,6.4,39,6.4
2100002288,2026-05-04 13:40:00,21,대전지점,C72D70F44,김성율,김시숙,010-6516-4887,충남,천안시 서북구,일반,의류·패션,신발,1.3,40.0,27.0,18.0,3.24,3.24,중형,6000.0,2026-05-05,배송완료,2026-05-06 18:12:00,인터넷접수,2026-05-04 13:40:00,2026-05-05,1.3,40,3.2
1100002052,2026-07-07 18:34:00,11,서울지점,C009D622E,김승빈,강도진,010-2931-4575,대전,중구 은행동,일반,도서·문구,노트류,4.8,33.0,24.0,23.0,3.04,4.8,소형,4000.0,2026-07-08,배송완료,2026-07-08 19:05:00,인터넷접수,2026-07-07 18:34:00,2026-07-08,4.8,33,4.8
1200001733,2026-07-21 12:19:00,12,용산지점,C7652ECDD,임시철,김연자,1075883690,경남,진주시 평거동,일반,식품,건어물,11.3,27.0,15.0,24.0,1.62,11.3,중형,6000.0,2026-07-22,배송완료,2026-07-22 12:08:00,방문접수,2026-07-21 12:19:00,2026-07-22,11.3,27,11.3
1100000915,2026-08-02 12:52:00,11,서울지점,CA7063596,문지준,김지서,010-2935-5079,부산,사하구 하단동,일반,전자·디지털,공유기,2.0,37.0,14.0,19.0,1.64,2.0,소형,4000.0,2026-08-03,미배송,,편의점접수,2026-08-02 12:52:00,2026-08-03,2,37,2
3200001987,2026-07-17 15:40:00,32,거제지점,CD626C75C,안유우,송유현(경비실),010-6912-8562,제주,서귀포시 중문동,제주,전자·디지털,모니터,5.2,27.0,21.0,22.0,2.08,5.2,중형,9000.0,,배송완료,2026-07-21 15:16:00,인터넷접수,2026-07-17 15:40:00,,5.2,27,5.2
1100000708,2026-05-25 17:24:00,11,서울지점,CAA47C122,황아현,임채아,010-7997-2911,전북,전주시 덕진구,일반,의류·패션,가방,0.8,33.0,34.0,30.0,5.61,5.61,중형,6000.0,2026-05-26,배송완료,2026-05-28 18:18:00,인터넷,2026-05-25 17:24:00,2026-05-26,0.8,33,5.6
1100000832,2026-06-12 17:29:00,11,서울지점,C1BBCEBE2,박주빈,문나율,108339445,대전,서구 둔산동,일반,생활용품,빨래건조대,4.3,48.0,32.0,13.0,3.33,4.3,중형,6000.0,2026-06-15,미 배송,,방문접수,2026-06-12 17:29:00,2026-06-15,4.3,48,4.3
1200000422,2026-06-01 14:24:00,12,용산지점,CD3E558CF,최준율,전민환(경비실),010-5221-7981,울산,남구 옥동,일반,의류·패션,청바지,1.2,39.0,33.0,21.0,4.5,4.5,중형,6000.0,2026-06-02,배송완료,2026-06-02 11:55:00,편의점접수,2026-06-01 14:24:00,2026-06-02,1.2,39,4.5
1100000365,2026-07-29 09:19:00,11,서울지점,CABADDC1A,박주철,고준진,,경기,남양주시 다산동,일반,의류·패션,모자,1.3,46.0,35.0,22.0,5.9,5.9,중형,6000.0,2026-07-30,배송완료,2026-07-31 11:29:00,방문접수,2026-07-29 9:19:00,2026-07-30,1.3,46,5.9
1100002028,2026-05-10 19:27:00,11,서울지점,CDC72B87E,박은경,서호철,010-6867-6293,경기,고양시 일산동구,일반,식품,커피원두,2.3,34.0,24.0,25.0,3.4,3.4,중형,6000.0,2026-05-11,배송완료,2026-05-11 17:34:00,대리점,2026-05-10 19:27:00,2026-05-11,2.3,34,3.4
1100002214,2026-06-09 17:10:00,11,서울지점,CCE2C1D7A,한성란,이민율,010-4196-6635,경기,남양주시 다산동,일반,식품,김,1.4,22.0,20.0,16.0,1.17,1.4,극소형,3500.0,2026-06-10,배송완료,2026-06-10 9:36:00,편의점접수,2026-06-09 17:10:00,2026-06-10,1.4,22,1.4
4100001472,2026-07-07 10:56:00,41,울산지점,C30FE5A75,이성율,김수원,1076789040,서울,용산구 원효로1가,일반,생활용품,빨래건조대,3.5,45.0,31.0,24.0,5.58,5.58,중형,6000.0,2026-07-08,배송완료,2026-07-08 13:24:00,온라인,2026-07-07 10:56:00,2026-07-08,3.5,45,5.6
3100002662,2026-06-18 16:10:00,31,진주지점,C56DE763E,김영서,박은우,010-8589-6397,대전,유성구 봉명동,일반,생활용품,빨래건조대,7.7,37.0,26.0,19.0,3.05,7.7,중형,6000.0,2026-06-19,배송완료,2026-06-19 13:46:00,편의점접수,2026-06-18 16:10:00,2026-06-19,7.7,37,7.7
2100000088,2026-07-14 10:05:00,21,대전지점,CC2FA3573,박예철,장승연,010-4306-9758,부산,해운대구 우동,일반,의류·패션,가방,0.8,36.0,41.0,25.0,6.15,6.15,중형,6000.0,2026-07-15,배송완료,2026-07-15 15:52:00,인터넷접수,2026-07-14 10:05:00,2026/07/15,0.8,36,6.2
3100000554,2026-05-15 15:57:00,31,진주지점,CE61BD650,김시연,안시현,010-7721-8090,전북,익산시 영등동,일반,식품,된장,1.0,27.0,21.0,21.0,1.98,1.98,소형,4000.0,2026-05-18,배송완료,2026-05-18 15:09:00,방문접수,2026-05-15 15:57:00,2026-05-18,1,27,1
3200000755,2026-05-19 17:44:00,32,거제지점,C43460007,김준자,이주환,010-3291-9126,인천,남동구 구월동,일반,의류·패션,원피스,1.8,47.0,39.0,16.0,4.89,4.89,중형,6000.0,2026-05-20,미배송,,인터넷접수,2026-05-19 17:44:00,2026-05-20,1.8,47,4.9
1100001286,2026-05-12 18:23:00,11,서울지점,C0838E327,조도아,이성준,1094339187,인천,연수구 송도동,일반,의류·패션,원피스,1.6,34.0,36.0,25.0,5.1,5.1,중형,6000.0,2026-05-13,배송완료,2026-05-14 17:43:00,인터넷접수,2026-05-12 18:23:00,2026-05-13,1.6,34,5.1
1100000075,2026-06-10 16:16:00,11,서울지점,C9E011E9D,이윤숙,김시아,010-5648-7132,부산,해운대구 우동,일반,생활용품,세제(대용량),1.9,50.0,22.0,29.0,5.32,5.32,중형,6000.0,2026-06-11,배송완료,2026-06-15 11:17:00,대리점,06/10/2026 16:16,2026-06-11,1.9,50,5.3
1200002061,2026-07-06 19:44:00,12,용산지점,C25C8227A,양채숙,이도진,010-9278-2235,울산,중구 성남동,일반,전자·디지털,공유기,3.4,39.0,15.0,9.0,0.88,3.4,소형,4000.0,2026-07-07,배송완료,2026-07-07 12:08:00,편의점접수,2026-07-06 19:44:00,2026-07-07,3.4,39,3.4
3100002351,2026-08-05 15:54:00,31,진주지점,C7231C2B7,김민식,신주우,010-8078-7090,울산,울주군 범서읍,일반,식품,김치,9.1,37.0,23.0,22.0,3.12,9.1,중형,6000.0,2026-08-06,배달중,,인터넷접수,2026-08-05 15:54:00,2026-08-06,9.1kg,37,9.1
4100000652,2026-06-08 09:53:00,41,울산지점,C3CC62E32,김규희,김채현,010-6233-2179,경기,용인시 기흥구,일반,의류·패션,모자,0.4,42.0,39.0,31.0,8.46,8.46,중형,6000.0,2026-06-09,배송완료,2026-06-09 15:09:00,인터넷접수,2026-06-08 9:53:00,2026-06-09,0.4,42,8.5
3100002640,2026-07-10 16:37:00,31,진주지점,CF1D74062,김지율,정연란,010-5862-4475,경남,진주시 충무공동,일반,화장품·미용,샴푸,1.6,34.0,32.0,13.0,2.36,2.36,소형,4000.0,2026-07-13,배송완료,2026-07-15 19:39:00,인터넷접수,2026-07-10 16:37:00,2026-07-13,1.6,34,2.4
1200001597,2026-08-03 16:44:00,12,용산지점,CEF0CDC53,박도숙,박주율,010-3003-3736,전남,목포시 하당,일반,의류·패션,청바지,1.5,44.0,27.0,31.0,6.14,6.14,대형,6000.0,2026-08-04,배송완료,2026-08-04 11:01:00,인터넷접수,2026-08-03 16:44:00,2026-08-04,1.5,44,6.1
1100000399,2026-07-14 10:55:00,11,서울지점,C38F14BE4,김주란,문채철,010-7100-3987,제주,서귀포시 중문동,제주,생활용품,빨래건조대,6.7,31.0,39.0,24.0,4.84,6.7,중형,9000.0,2026-07-16,배송완료,2026-07-17 16:21:00,편의점접수,2026-07-14 10:55:00,2026-07-16,6.7,31,6.7
4100000407,2026-07-27 13:11:00,41,울산지점,CD5D85AE3,김민빈,김현환,010-3817-7678,울산,동구 방어동,일반,의류·패션,가방,0.7,28.0,26.0,28.0,3.4,3.4,중형,6000.0,2026-07-28,배송완료,2026-07-30 16:34:00,인터넷접수,2026-07-27 13:11:00,2026-07-28,0.7,28,3.4
1100002036,2026-06-27 11:25:00,11,서울지점,CBA9A739D,이도율,조현자,1087662627,인천,부평구 부평동,일반,식품,라면박스,2.0,31.0,22.0,21.0,2.39,2.39,소형,4000.0,2026-06-29,배송완료,2026-06-29 16:54:00,편의점접수,2026-06-27 11:25:00,2026-06-29,2,31,2.4
2100000908,2026-07-27 17:34:00,21,대전지점,C48BE692C,류호철,이시식,010 4588 2981,광주,광산구 수완동,일반,전자·디지털,키보드,2.9,29.0,18.0,10.0,0.87,2.9,소형,4000.0,2026-07-28,배송완료,2026-07-28 15:27:00,편의점접수,2026-07-27 17:34:00,2026-07-28,2.9,29,2.9
4100002456,2026-05-11 14:19:00,41,울산지점,C1EF6CAB6,정현숙,이은아,1072405002,부산,동래구 온천동,일반,전자·디지털,이어폰,5.6,19.0,26.0,10.0,0.82,5.6,중형,6000.0,2026-05-12,배송완료,2026-05-12 9:01:00,대리점,2026-05-11 14:19:00,2026-05-12,5.6,19,5.6
1200001937,2026-07-06 12:15:00,12,용산지점,CFAD55352,김연환,김지준,010-5578-8752,경기,고양시 일산동구,일반,전자·디지털,이어폰,3.5,37.0,28.0,20.0,3.45,3.5,중형,6000.0,2026-07-07,배송완료,2026-07-09 16:52:00,방문접수,2026-07-06 12:15:00,2026-07-07,999,37,3.5
1200002803,2026-07-31 16:40:00,12,용산지점,CA5959E5F,이서경,장호희,010-2654-4903,경남,양산시 물금읍,일반,생활용품,휴지,1.6,45.0,28.0,26.0,5.46,5.46,중형,6000.0,2026-08-03,배송완료,2026-08-03 12:50:00,편의점접수,2026-07-31 16:40:00,2026-08-03,1.6,45,5.5
4100002164,2026-07-07 16:48:00,41,울산지점,C9E590C07,김윤환,류진빈,010-5480-1684,서울,용산구 이태원동,일반,생활용품,휴지,0.7,31.0,37.0,12.0,2.29,2.29,소형,4000.0,2026-07-08,배송완료,2026-07-08 19:00:00,대리점,2026-07-07 16:48:00,2026-07-08,0.7,31,2.3
3200000646,2026-08-03 19:13:00,32,거제지점,C02B565C7,김시서,강하원,010-7992-5189,서울,용산구 후암동,일반,식품,커피원두,10.7,35.0,22.0,23.0,2.95,10.7,중형,6000.0,2026-08-04,배송중,,편의점접수,2026-08-03 19:13:00,2026-08-04,10.7,35,10.7
4100001169,2026-07-13 14:17:00,41,울산지점,CC3952198,최연진,박예숙,010-9080-6698,전남,순천시 조례동,일반,생활용품,세제(대용량),4.8,43.0,38.0,22.0,5.99,5.99,중형,6000.0,2026-07-14,배송완료,2026-07-15 14:24:00,방문접수,2026-07-13 14:17:00,2026-07-14,4.8,43,6
3200000437,2026-07-08 14:47:00,32,거제지점,CB9D8DC1D,정성연,정지호,1037083353,서울,노원구 상계동,일반,식품,라면박스,7.8,31.0,18.0,27.0,2.51,7.8,중형,6000.0,2026-07-09,배송완료,,대리점,2026-07-08 14:47:00,2026-07-09,7.8,31,7.8
2100000173,2026-07-31 10:26:00,21,대전지점,C257711D3,허진영,박준빈,,서울,용산구 청파동,일반,식품,라면박스,7.1,24.0,16.0,23.0,1.47,7.1,중형,6000.0,2026-08-03,배송완료,2026-08-03 13:48:00,편의점접수,2026-07-31 10:26:00,2026-08-03,7.1,24,7.1
3200002816,2026-05-18 13:20:00,32,거제지점,C8529ABF7,임유우,윤도율,010-8244-2683,대구,수성구 범어동,일반,의류·패션,운동화,0.4,50.0,41.0,32.0,10.93,10.93,대형,9000.0,2026-05-19,배송완료,2026-05-23 13:12:00,대리점,2026-05-18 13:20:00,2026-05-19,0.4,50,10.9
3100002149,2026-07-23 15:21:00,31,진주지점,C6FACCC29,김호준,김은현,010-6805-6666,전북,전주시 덕진구,일반,의류·패션,원피스,,30.0,25.0,16.0,2.0,2.0,소형,4000.0,2026-07-24,배송완료,2026-07-27 10:36:00,편의점접수,2026-07-23 15:21:00,2026-07-24,0,30,2
1200000233,2026-07-22 16:43:00,12,용산지점,C8F2EE114,김재철,김연호,010-5835-9074,충남,아산시 배방읍,일반,식품,김,5.4,35.0,21.0,28.0,3.43,5.4,중형,6000.0,2026-07-23,배송완료,2026-07-23 12:02:00,인터넷접수,2026-07-22 16:43:00,2026-07-23,5.4,35,5.4
4100002068,2026-08-03 19:19:00,41,울산지점,CD1B96FDB,이채아,김규환,010-6185-4016,경기,용인시 기흥구,일반,의류·패션,현금,2.5,31.0,35.0,21.0,3.8,3.8,중형,6000.0,2026-08-04,배송완료,2026-08-04 12:23:00,방문접수,2026/08/03 19:19,2026-08-04,2.5,31,3.8
1200002230,2026-05-04 12:36:00,12,용산지점,C3599AA39,박채빈,정정연,1085187844,제주,제주시 연동,제주,생활용품,수납함,4.3,44.0,28.0,32.0,6.57,6.57,중형,9000.0,2026-05-06,배송완료,2026-05-06 19:53:00,인터넷접수,2026-05-04 12:36:00,2026-05-06,4.3,44,6.6
1200000504,2026-07-17 12:30:00,12,용산지점,CC0FB2BC2,송현숙,조도식,010-6472-8525,경남,진주시 평거동,일반,생활용품,주방용품,5.5,34.0,,18.0,,5.5,중형,6000.0,2026-07-20,배송완료,2026-07-20 18:44:00,편의점접수,07/17/2026 12:30,2026-07-20,5.5,34,5.5
1100001813,2026-07-14 18:24:00,11,서울지점,CA1509D71,정현숙,이주철,010-5912-1730,제주,서귀포시 중문동,제주,의류·패션,향수,1.9,42.0,32.0,27.0,6.05,6.05,중형,9000.0,2026-07-16,미배송,2026-07-16 15:21:00,인터넷접수,2026-07-14 18:24:00,2026-07-16,1.9,42,6
3200002676,2026-06-15 15:20:00,32,거제지점,CDB48D910,김수미,안윤우,103431729,대구,북구 침산동,일반,식품,포기김치,5.9,25.0,17.0,19.0,1.35,5.9,중형,6000.0,2026-06-16,배송완료,2026-06-19 19:41:00,방문접수,2026-06-15 15:20:00,2026-06-16,5.9,25,5.9
1100000918,2026-07-26 09:33:00,11,서울지점,CA2ED83E0,이나경,권도자,010-3139-7458,울산,남구 삼산동,일반,의류·패션,모자,1.7,34.0,28.0,16.0,2.54,2.54,소형,4000.0,2026-07-27,배송완료,2026-07-27 20:21:00,편의점접수,2026-07-26 9:33:00,2026-07-27,1.7,34,2.5
1200001374,2026-05-19 16:19:00,12,용산지점,C8F1F2A23,김현철,최아서,010-6327-5358,광주,서구 치평동,일반,식품,김치,9.7,38.0,29.0,28.0,5.14,9.7,중형,6000.0,2026-05-20,배송완료,2026-05-20 18:50:00,편의점접수,2026-05-19 16:19:00,2026-05-20,9.7,38,9.7
3100002752,2026-06-03 10:16:00,31,진주지점,C3B6FA727,윤지서,이호숙,010-6271-7712,충남,당진시 수청동,일반,반려동물,강아지옷,0.8,27.0,21.0,11.0,1.04,1.04,극소형,3500.0,2026-06-04,배송완료,2026-06-08 10:34:00,편의점접수,2026-06-03 10:16:00,2026-06-04,0.8,27,1
4100001804,2026-07-06 17:45:00,41,울산지점,C96AAE470,윤아경,윤연호,010-5410-1855,경기,남양주시 다산동,일반,생활용품,수납함,7.9,50.0,23.0,23.0,4.41,7.9,중형,6000.0,2026-07-07,배송완료,2026-07-07 19:40:00,인터넷접수,2026-07-06 17:45:00,2026-07-07,7.9,50,7.9
4100000060,2026-05-11 15:22:00,41,울산지점,C77973EF6,윤민경,이영자,010 4199 8408,인천,서구 청라동,일반,의류·패션,가방,0.5,40.0,24.0,14.0,2.24,2.24,소형,4000.0,2026-05-12,배송완료,2026-05-12 13:10:00,방문접수,2026-05-11 15:22:00,2026-05-12,0.5,40,2.2
1200001459,2026-05-15 16:48:00,12,용산지점,C82217638,손재진,박성희,010-6734-7869,충북,제천시 하소동,일반,전자·디지털,키보드,0.7,21.0,14.0,24.0,1.18,1.18,극소형,3500.0,2026-05-18,배송실패,,방문접수,2026-05-15 16:48:00,2026-05-18,0.7,21,1.2
4100001881,2026-06-22 16:27:00,41,울산지점,C4F880654,박유원,정우빈,010-8368-6186,서울,용산구 한남동,일반,생활용품,빨래건조대,7.8,44.0,29.0,24.0,5.1,7.8,중형,6000.0,2026-06-23,배송완료,2026-06-24 20:08:00,편의점접수,2026-06-22 16:27:00,2026-06-23,7.8,44,7.8
4100000405,2026-07-19 11:34:00,41,울산지점,C94E969BF,김서영,김성식,108019438,인천,부평구 부평동,일반,화장품·미용,헤어드라이어,2.7,18.0,27.0,10.0,0.81,2.7,소형,4000.0,2026-07-20,배송완료,2026-07-20 20:02:00,인터넷접수,2026-07-19 11:34:00,2026-07-20,2.7,18,2.7
2100001712,2026-06-28 18:26:00,21,대전지점,CE861D47B,김규미,박도빈,010 3099 6130,전남,순천시 조례동,일반,화장품·미용,샴푸,1.7,40.0,23.0,13.0,1.99,1.99,소형,4000.0,2026-06-29,배송완료,2026-07-06 11:20:00,편의점접수,2026-06-28 18:26:00,2026-06-29,1.7,40,2
2100001903,2026-07-14 19:23:00,21,대전지점,CBA19DF5B,최나란,안연율,010-7884-8919,경남,창원시 성산구,일반,식품,과일선물세트,9.1,28.0,25.0,20.0,2.33,9.1,중형,6000.0,2026-07-15,배송완료,2026-07-15 18:01:00,방문접수,2026-07-14 19:23:00,2026-07-15,9.1,28,9.1
3200002460,2026-05-07 14:35:00,32,거제지점,C18E8CC96,이지영,김진경,010-4621-7636,전남,순천시 조례동,일반,생활용품,빨래건조대,0.9,37.0,27.0,30.0,5.0,5.0,중형,6000.0,2026-05-08,배송완료,2026-05-12 10:44:00,인터넷접수,2026-05-07 14:35:00,2026-05-08,0.9,37,5
1100001573,2026-05-31 12:11:00,11,서울지점,C4A0E51A1,박영연,오태진,010-5922-5592,경남,거제시 장승포동,일반,의류·패션,코트,1.3,50.0,39.0,13.0,4.22,4.22,중형,6000.0,2026-06-01,배송완료,2026-06-01 10:49:00,편의점접수,2026-05-31 12:11:00,2026-06-01,1.3,50,4.2
1100002589,2026-06-08 18:17:00,11,서울지점,CA3AED0C5,임규경,박주율,010-9626-3083,대구,북구 침산동,일반,의류·패션,라이터,2.2,36.0,37.0,16.0,3.55,3.55,중형,6000.0,2026-06-09,반품,2026-06-09 12:16:00,편의점접수,2026-06-08 18:17:00,2026-06-09,2.2,36,3.6
1100000203,2026-08-05 18:12:00,11,서울지점,CC79FF5C7,김예호,백주연,010-7797-5634,충북,제천시 하소동,일반,전자·디지털,모니터,3.0,33.0,14.0,25.0,1.92,3.0,소형,4000.0,2026-08-06,배송중,,방문접수,2026-08-05 18:12:00,2026-08-06,3,33,3
1200000458,2026-06-23 10:52:00,12,용산지점,C04F94574,강재희,김윤경,010-8841-5912,서울,송파구 잠실동,일반,의류·패션,코트,2.3,36.0,31.0,22.0,4.09,4.09,중형,6000.0,2026-06-24,배송완료,2026-06-24 11:53:00,인터넷접수,2026-06-23 10:52:00,2026-06-24,2.3,36,4.1
1100000622,2026-05-18 15:04:00,11,서울지점,C3B88A34F,이윤영,고연율,010-2091-3113,울산,동구 방어동,일반,식품,된장,1.3,32.0,24.0,12.0,1.54,1.54,소형,4000.0,2026-05-19,배송완료,2026-05-20 16:41:00,편의점접수,2026-05-18 15:04:00,2026-05-19,1.3,32,1.5
3100002739,2026-06-25 11:07:00,31,진주지점,CDBBE6F88,오정율,이규미,010-9188-4896,경기,성남시 분당구,일반,식품,쌀 20kg,5.9,35.0,25.0,27.0,3.94,5.9,중형,6000.0,2026-06-26,배송완료,2026-06-26 16:50:00,방문접수,2026-06-25 11:07:00,2026-06-26,5.9,35,5.9
4100001774,2026-05-18 17:28:00,41,울산지점,CBEFC1856,전주경,강수현,010-2786-9329,서울,용산구 후암동,일반,생활용품,청소기필터,1.5,44.0,25.0,17.0,3.12,3.12,중형,6000.0,2026-05-19,배송완료,2026-05-19 19:53:00,대리점,2026-05-18 17:28:00,2026-05-19,1.5,44,3.1
2100002158,2026-05-18 14:03:00,21,대전지점,C2A40795A,이유원,박민율,010-6683-3525,대전,중구 은행동,일반,식품,쌀(햅쌀),4.6,26.0,17.0,17.0,1.25,4.6,소형,4000.0,2026-05-19,배송완료,2026-05-21 12:33:00,편의점접수,2026-05-18 14:03:00,2026-05-19,4.6,26,4.6
1200002290,2026-05-11 15:20:00,12,용산지점,C176F1945,이하경,권재준,010-6137-3193,강원,속초시 조양동,일반,식품,된장,7.9,34.0,28.0,18.0,2.86,7.9,중형,6000.0,2026-05-12,배송완료,2026-05-12 20:42:00,편의점접수,2026-05-11 15:20:00,2026-05-12,7.9,34,7.9
4100002836,2026-07-28 14:24:00,41,울산지점,C3F6AE748,박서란,이아원,010-7066-5011,서울,용산구 원효로1가,일반,전자·디지털,충전기,4.2,31.0,25.0,26.0,3.36,4.2,중형,6000.0,2026-07-29,배송완료,2026-07-31 12:45:00,인터넷접수,2026/07/28 14:24,2026-07-29,4.2,31,4.2
2100000427,2026-07-06 16:16:00,21,대전지점,C5829A5CC,이진숙,전은우,010-7849-9622,대전,유성구 봉명동,일반,도서·문구,필기구세트,13.4,20.0,29.0,21.0,2.03,13.4,중형,6000.0,2026-07-07,배송완료,2026-07-08 20:43:00,방문접수,2026-07-06 16:16:00,2026-07-07,13.4,20,13.4
2100000065,2026-05-21 13:00:00,21,대전지점,CF731755A,최수경,이아환,010-9547-2631,서울,노원구 상계동,일반,의류·패션,티셔츠,1.3,43.0,39.0,20.0,5.59,5.59,중형,6000.0,2026-05-22,배송완료,2026-05-25 14:24:00,인터넷접수,2026-05-21 13:00:00,2026-05-22,1.3,43,5.6
1100000686,2026-07-02 16:16:00,11,서울지점,C4734EB05,이도식,윤현영,010-5007-4544,서울,용산구 후암동,일반,식품,김 치,7.9,30.0,16.0,15.0,1.2,7.9,중형,6000.0,2026-07-03,미배송,,방문접수,2026-07-02 16:16:00,2026-07-03,7.9,30,7.9
1100002439,2026-06-15 13:53:00,11,서울지점,C4A9D925C,김서희,이진철,010-7763-1866,서울,용산구 이태원동,일반,의류·패션,원피스,1.4,49.0,37.0,22.0,6.65,6.65,중형,6000.0,2026-06-16,배송완료,2026-06-16 9:23:00,편의점접수,2026-06-15 13:53:00,2026-06-16,1.4,49,6.6
1100001831,2026-07-06 13:32:00,11,서울지점,CB311F11D,강하희,김현서,010-2881-4969,대전,서구 둔산동,일반,식품,포기김치,8.2,30.0,20.0,20.0,2.0,8.2,중형,6000.0,2026-07-07,배송완료,2026-07-07 17:59:00,편의점접수,2026-07-06 13:32:00,2026-07-07,8.2,30,8.2
1100000027,2026-05-30 15:20:00,11,서울지점,C7D056059,이유원,김민진,010-3909-2326,울산,중구 성남동,일반,의류·패션,티셔츠,1.8,32.0,27.0,22.0,3.17,3.17,중형,6000.0,2026-06-01,배송완료,2026-06-03 9:12:00,인터넷접수,2026-05-30 15:20:00,2026-06-01,1.8,32,3.2
4100001512,2026-05-17 11:57:00,41,울산지점,C168FFFEB,김승철,이주현,010-8907-7536,대전,동구 가양동,일반,화장품·미용,리튬배터리,0.9,22.0,18.0,21.0,1.39,1.39,소형,4000.0,2026-05-18,배송완료,2026-05-18 17:26:00,방문접수,26-05-17 11:57,2026-05-18,0.9,22,1.4
1100002352,2026-07-20 15:19:00,11,서울지점,CC55DC5C0,최재서,장도철,010-4099-4011,울산,중구 성남동,일반,도서·문구,문제집,5.2,33.0,29.0,26.0,4.15,5.2,중형,6000.0,2026-07-21,미배송,,편의점접수,2026-07-20 15:19:00,2026-07-21,5.2,33,5.2
2100002100,2026-05-14 12:59:00,21,대전지점,C8D25A518,김우철,장우현,010-6863-3557,서울,용산구 청파동,일반,화장품·미용,향수,1.2,22.0,27.0,26.0,2.57,2.57,소형,4000.0,2026-05-15,배송완료,2026-05-22 11:41:00,편의점접수,2026-05-14 12:59:00,2026-05-15,1.2,22,2.6
1200000644,2026-06-14 12:05:00,12,용산지점,CBC9CA22C,김정서,박재현,010-6403-7437,대전,서구 둔산동,일반,전자·디지털,충전기,2.1,18.0,23.0,19.0,1.31,2.1,소형,4000.0,2026-06-15,배송완료,2026-06-15 14:00:00,편의점접수,2026-06-14 12:05:00,2026-06-15,2.1,18,2.1
1200000314,2026-07-06 11:08:00,12,용산지점,C77D07313,조채경,홍민경,010-5752-3509,울산,북구 명촌동,일반,생활용품,청소기필터,3.1,28.0,36.0,30.0,5.04,5.04,극소형,6000.0,2026-07-07,배송완료,2026-07-07 20:37:00,편의접수,2026-07-06 11:08:00,2026/07/07,3.1,28,5
1100002850,2026-08-05 19:01:00,11,서울지점,CC5857DD7,김시란,최태경,010-6597-8132,경남,거제시 고현동,일반,의류·패션,코트,1.1,38.0,30.0,27.0,5.13,5.13,중형,6000.0,2026-08-06,집화처리,,인터넷접수,08/05/2026 19:01,2026-08-06,1.1,38,5.1
4100002057,2026-05-19 09:23:00,41,울산지점,C08365604,박진빈,황주자,010-5483-8712,경남,거제시 고현동,일반,식품,건어물,10.1,31.0,20.0,27.0,2.79,10.1,중형,6000.0,2026-05-20,배송완료,2026-05-20 18:19:00,편의점접수,2026-05-19 9:23:00,2026-05-20,10.1,31,10.1
1100002432,2026-06-18 17:03:00,11,서울지점,C4B022074,황하영,이유준,010-8950-8891,제주,제주시 연동,제주,식품,과일선물세트,3.1,27.0,29.0,16.0,2.09,3.1,소형,7000.0,2026-06-22,배송완료,2026-06-22 15:49:00,방문접수,2026-06-18 17:03:00,2026-06-22,3.1,27,3.1
4100001319,2026-06-24 17:01:00,41,울산지점,CDDA3FA27,전서자,류승희,1094629128,충북,충주시 연수동,일반,식품,건어물,11.3,32.0,28.0,21.0,3.14,11.3,중형,6000.0,2026-06-25,배송완료,2026-06-26 13:10:00,편의점접수,2026-06-24 17:01:00,2026-06-25,11.3,32,11.3
4100001905,2026-06-08 17:26:00,41,울산지점,C9167A3F8,최윤우,오예호,1066315096,경북,경주시 황성동,일반,의류·패션,청바지,1.1,34.0,24.0,13.0,1.77,1.77,소형,4000.0,2026-06-09,배송완료,2026-06-09 17:22:00,인터넷접수,2026-06-08 17:26:00,2026-06-09,1.1,34,1.8
1100000549,2026-07-14 15:38:00,11,서울지점,CFA3EFCF8,김연빈,홍정환 님,010-3771-3081,경기,고양시 일산동구,일반,의류·패션,운동화,2.1,44.0,40.0,28.0,8.21,8.21,중형,6000.0,2026-07-15,배송완료,2026-07-15 16:16:00,편의점접수,2026-07-14 15:38:00,2026-07-15,2.1,44,8.2
1200000277,2026-05-18 18:25:00,12,용산지점,C88F86162,최진식,오정서,010-4363-2871,경남,거제시 장승포동,일반,식품,건어물,10.7,38.0,23.0,21.0,3.06,10.7,중형,6000.0,2026-05-19,미배송,,인터넷접수,2026-05-18 18:25:00,2026-05-19,10.7,38,10.7
1100002811,2026-07-08 18:39:00,11,서울지점,CE197137A,황승준,정아경,010-6215-8948,광주,광산구 수완동,일반,의류·패션,신발,0.6,40.0,30.0,14.0,2.8,2.8,중형,6000.0,2026-07-09,배송완료,2026-07-09 15:15:00,편의점접수,2026-07-08 18:39:00,2026.07.09,0.6,40cm,2.8
3200000488,2026-06-25 11:03:00,32,거제지점,CB02051C0,이진자,김수현,,광주,서구 치평동,일반,도서·문구,문제집,8.7,33.0,20.0,19.0,2.09,8.7,중형,6000.0,2026-06-26,배송완료,2026-06-26 9:43:00,방문접수,2026-06-25 11:03:00,2026-06-26,8.7,33,8.7
2100000979,2026-07-13 11:44:00,21,대전지점,CBB92B612,김준율,임하서,010-8057-8393,대전,서구 둔산동,일반,의류·패션,코트,1.8,43.0,35.0,19.0,4.77,4.77,중형,3000.0,2026-07-14,미배송,,인터넷접수,2026-07-13 11:44:00,2026-07-14,1.8,43,4.8
1100000514,2026-07-17 17:47:00,11,서울지점,C2F7C93A2,김민서,김진준,010-6950-8116,서울,마포구 서교동,일반,식품,김 치,2.4,26.0,18.0,13.0,1.01,2.4,소형,4000.0,2026-07-20,배송완료,2026-07-20 10:44:00,편의점접수,2026-07-17 17:47:00,2026-07-20,2.4,26,2.4
4100000121,2026-07-16 17:09:00,41,울산지점,CB4357A17,김하빈,송유원,010-4703-2837,대전,서구 둔산동,일반,생활용품,청소기필터,0.6,37.0,34.0,13.0,2.73,2.73,중형,6000.0,2026-07-17,배송완료,2026-07-17 20:52:00,방문접수,2026-07-16 17:09:00,2026-07-17,0.6,37,2.7
1100000268,2026-06-29 16:44:00,11,서울지점,C09DC515F,최현아,오주희,010-2970-1177,경기,남양주시 다산동,일반,생활용품,휴지,4.1,43.0,26.0,23.0,4.29,4.29,중형,6000.0,2026-06-30,배송완료,2026-06-30 15:29:00,인터넷접수,2026-06-29 16:44:00,2026-06-30,4.1,43,4.3
2100000367,2026-06-08 17:08:00,21,대전지점,C68A782B0,한채경,김호식,010-3882-2031,경남,양산시 물금읍,일반,전자·디지털,이어폰,1.7,28.0,27.0,19.0,2.39,2.39,소형,4000.0,2026-06-09,배송완료,2026-06-09 18:43:00,편의점접수,2026-06-08 17:08:00,2026-06-09,1.7kg,28,2.4
4100001037,2026-07-02 15:37:00,41,울산지점,CCB11924B,김은원,김윤란,010-5024-4431,제주,제주시 노형동,제주,의류·패션,원피스,1.9,45.0,31.0,23.0,5.35,5.35,중형,9000.0,2026-07-06,반품,,방문접수,2026-07-02 15:37:00,2026-07-06,1.9,45,5.3
1100001301,2026-05-26 09:39:00,11,서울지점,C0CC496E5,최호식,박예율(경비실),010-5082-2647,서울,노원구 상계동,일반,의류·패션,청바지,0.7,39.0,33.0,25.0,5.36,5.36,중형,6000.0,2026-05-27,배송완료,2026-05-27 14:20:00,대리점,2026-05-26 9:39:00,2026-05-27,0.7,39,5.4
1100000226,2026-06-29 10:01:00,11,서울지점,CD69FDCCA,박윤환,이성숙,1079622344,경남,거제시 고현동,일반,전자·디지털,태블릿케이스,6.0,31.0,18.0,15.0,1.4,6.0,중형,6000.0,2026-06-30,배송완료,2026-07-01 18:30:00,편의점 접수,2026-06-29 10:01:00,2026-06-30,6,31,6
1100001424,2026-06-04 13:33:00,11,서울지점,C809CA87C,최준미,양준연,010 5914 8243,대전,유성구 봉명동,일반,화장품·미용,스킨케어세트,1.1,29.0,18.0,16.0,1.39,1.39,소형,4000.0,2026-06-05,배송완료,2026-06-05 13:28:00,인터넷접수,2026-06-04 13:33:00,2026-06-05,1.1,29,1.4
2100002893,2026-07-21 14:27:00,21,대전지점,C238AC123,김승아,정승우,010-7649-8831,대전,유성구 봉명동,일반,생활용품,주방용품,6.1,30.0,38.0,18.0,3.42,6.1,중형,6000.0,2026-07-22,배송완료,2026-07-22 14:30:00,인터넷접수,2026-07-21 14:27:00,2026.07.22,6.1,30,6.1
4100001610,2026-07-25 15:03:00,41,울산지점,C5545AA92,정성경,김정란,,충북,청주시 흥덕구,일반,의류·패션,반팔티,1.6,37.0,39.0,17.0,4.09,4.09,중형,6000.0,2026-07-27,배송완료,2026-07-28 11:34:00,편의점접수,2026-07-25 15:03:00,2026-07-27,1.6,37,4.1
2100001340,2026-07-27 14:13:00,21,대전지점,C12D385BE,장윤희,백지아,010-3151-4691,울산,울주군 범서읍,일반,가구·침구,러그,2.5,68.0,50.0,34.0,19.27,19.27,대형,12000.0,2026-07-28,배송완료,2026-07-28 13:48:00,인터넷접수,2026-07-27 14:13:00,2026-07-28,2.5,68,19.3
3200000018,2026-05-26 12:42:00,32,거제지점,C3596F263,이예식,조예영,010-7023-1390,전북,전주시 덕진구,일반,가구·침구,커튼,5.5,52.0,30.0,28.0,7.28,7.28,중형,6000.0,2026-05-27,배송실패,,방문접수,2026-05-26 12:42:00,2026-05-27,5.5,52,7.3
2100000506,2026-06-03 13:49:00,21,대전지점,C0754EF95,김성철,홍성숙,010-7529-6838,서울,용산구 청파동,일반,의류·패션,패딩,0.8,45.0,31.0,25.0,5.81,5.81,중형,6000.0,2026-06-04,배송완료,2026-06-05 15:02:00,방문접수,2026-06-03 13:49:00,2026-06-04,0.8,45,5.8
1100000630,2026-07-07 12:07:00,11,서울지점,C080A859D,전영경,홍현진,010-5952-9680,경남,거제시 옥포동,일반,가구·침구,화분(생화),1.1,61.0,47.0,48.0,22.94,22.94,대형,9000.0,2026-07-08,배송완료,2026-07-08 13:15:00,인터넷접수,2026-07-07 12:07:00,2026-07-08,1.1,61,22.9
3100000192,2026-07-06 15:05:00,31,진주지점,C6D934C35,송준진,신서란,010-3019-5752,경기,남양주시 다산동,일반,의류·패션,모자,0.4,45.0,36.0,31.0,8.37,8.37,중형,6000.0,2026-07-07,배송완료,2026-07-07 16:31:00,편의점접수,2026.07.06 15시05분,2026-07-07,0.4,45,8.4
3100001519,2026-06-26 16:35:00,31,진주지점,CF3B71D92,강민호,고호식,010-5864-8313,경북,안동시 옥동,일반,전자·디지털,충전기,2.8,38.0,32.0,15.0,3.04,3.04,중형,6000.0,2026-06-29,배송완료,2026-06-30 16:47:00,인터넷접수,2026-06-26 16:35:00,2026-06-29,2.8,38,3
4100001083,2026-05-06 16:11:00,41,울산지점,C6ADB3DE6,최성숙,박정철,010-7170-4953,울산,남구 삼산동,일반,식품,커피원두,11.6,24.0,27.0,23.0,2.48,11.6,중형,6000.0,2026-05-07,배송완료,2026-05-08 18:11:00,방문접수,2026-05-06 16:11:00,2026-05-07,11.6,24,11.6
1100000490,2026-07-14 15:48:00,11,서울지점,C6E85BF03,이호자,김나현,010-3251-3711,울산,남구 옥동,일반,반려동물,장난감,7.4,27.0,29.0,17.0,2.22,7.4,중형,6000.0,2026-07-15,배송 완료,2026-07-15 18:33:00,인터넷접수,07/14/2026 15:48,2026-07-15,7.4,27,7.4
1200002806,2026-06-24 16:20:00,12,용산지점,CED32B643,이준율,김은영,010-6032-3476,대구,북구 침산동,일반,가구·침구,침구/이불,3.1,67.0,33.0,37.0,13.63,13.63,대형,4000.0,2026-06-25,배송완료,2026-06-26 13:07:00,편의점접수,2026-06-24 16:20:00,2026-06-25,3.1,67,13.6
1100002897,2026-06-18 09:50:00,11,서울지점,CB4D919C5,이서아,김정자,010-2382-4386,울산,북구 명촌동,일반,생활용품,수납함,3.0,38.0,24.0,26.0,3.95,3.95,중형,4000.0,2026-06-19,배송완료,2026-06-19 16:57:00,,2026-06-18 9:50:00,2026-06-19,3,38,4
1200000800,2026-05-06 14:13:00,12,용산지점,CEF8F4FF9,안수영,김규빈,010-9987-8728,서울,용산구 이태원동,일반,식품,김,6.1,25.0,21.0,27.0,2.36,6.1,중형,6000.0,2026-05-07,배송완료,2026-05-08 15:45:00,인터넷접수,2026-05-06 14:13:00,2026-05-07,6.1,25,6.1
2100000837,2026-06-25 15:18:00,21,대전지점,CA35D4A51,임주식,김수원,010-6008-5825,세종,새롬동,일반,의류·패션,가방,1.1,47.0,42.0,24.0,7.9,7.9,중형,6000.0,2026-06-26,배송완료,2026-06-26 9:26:00,편의점접수,06/25/2026 15:18,2026-06-26,1.1,47,7.9
4100000766,2026-06-05 16:26:00,41,울산지점,CF783C02C,김민호,양시우,010-6480-3138,경남,창원시 성산구,일반,의류·패션,운동화,1.4,46.0,32.0,14.0,3.43,3.43,중형,6000.0,2026-06-08,배송완료,2026-06-08 20:02:00,대리점,2026-06-05 16:26:00,2026.06.08,1.4,46,3.4
1200000757,2026-07-21 10:07:00,12,용산지점,CFF26F44F,백우현,김지란(직접수령),1035403988,경북,경주시 황성동,일반,식품,된장,6.2,33.0,30.0,25.0,4.12,6.2,중형,6000.0,2026-07-22,배송완료,2026-07-23 19:48:00,인터넷접수,2026-07-21 10:07:00,2026-07-22,6.2,33,6.2
3200001354,2026-05-28 15:25:00,32,거제지점,CD5D85AE3,김민빈,김승우 님,010-8164-7622,서울,용산구 후암동,일반,의류·패션,운동화(박스포함),2.5,28.0,41.0,16.0,3.06,3.06,중형,6000.0,2026-05-29,배송완료,2026-06-06 13:41:00,편의점접수,2026-05-28 15:25:00,2026-05-29,2.5,28,3.1
1100000190,2026-07-24 15:06:00,11,서울지점,CF8A2A311,김성진,배정숙,010-3066-6842,울산,남구 삼산동,일반,의류·패션,운동화,1.3,31.0,23.0,25.0,2.97,2.97,소형,4000.0,2026-07-27,배송완료,2026-07-27 15:13:00,대리점,2026-07-24 15:06:00,2026-07-27,1.3,31,3
2100000525,2026-07-30 12:22:00,21,대전지점,C3E78B8D5,김규호,박도경,010-2664-8179,서울,용산구 청파동,일반,식품,김,3.4,28.0,27.0,23.0,2.9,3.4,소형,4000.0,2026-07-31,배송완료,2026-07-31 11:12:00,인터넷접수,2026-07-30 12:22:00,2026-07-31,3.4,28,3.4
1100001463,2026-06-29 14:08:00,11,서울지점,C575BFE34,최연우,이은준,010-4012-6627,울산,남구 삼산동,일반,전자·디지털,충전기,2.9,27.0,21.0,12.0,1.13,2.9,소형,4000.0,2026-06-30,배송완료,2026-06-30 12:20:00,편의점접수,2026-06-29 14:08:00,2026-06-30,2.9,27,2.9
1100001721,2026-06-15 14:47:00,11,서울지점,C82217638,손재진,이영우,010-5890-5338,경기,부천시 원미구,일반,식품,쌀,6.6,27.0,21.0,17.0,1.61,6.6,중형,6000.0,2026-06-16,배송완료,2026-06-16 9:09:00,편의점접수,2026-06-15 14:47:00,2026-06-16,6.6,27,6.6
1100000629,2026-05-13 15:37:00,11,서울지점,C3C090540,이나경,이준미(경비실),010-8264-7666,강원,속초시 조양동,일반,의류·패션,패딩,1.0,42.0,37.0,26.0,6.73,6.73,중형,6000.0,2026-05-14,배송완료,2026-05-14 9:35:00,대리점접수,2026-05-13 15:37:00,2026-05-14,1,42,6.7
2100002891,2026-06-25 15:10:00,21,대전지점,C3544740B,정현연,정아희,,광주,광산구 수완동,일반,의류·패션,티셔츠 2장,0.9,44.0,24.0,14.0,2.46,2.46,중형,6000.0,2026-06-26,배송완료,2026-06-30 18:27:00,인터넷접수,2026-06-25 15:10:00,2026-06-26,0.9,44,2.5
2100001751,2026-05-21 18:01:00,21,대전지점,CA596C04F,허수자,김하숙,010-7158-9105,대구,수성구 범어동,일반,도서·문구,노트 10권,6.2,38.0,26.0,20.0,3.29,6.2,중형,6000.0,2026-05-22,배송완료,2026-05-22 10:58:00,편의점접수,2026-05-21 18:01:00,2026-05-22,6.2,38,6.2
2100001669,2026-06-22 12:21:00,21,대전지점,C9B60964E,김현호,이유서,010-5139-1813,경남,진주시 초전동,일반,생활용품,빨래건조대,7.1,44.0,24.0,29.0,5.1,7.1,중형,6000.0,2026-06-23,배송완료,2026-06-23 16:24:00,편의점접수,2026-06-22 12:21:00,2026-06-23,7.1,44,7.1
2100000829,2026-06-18 18:34:00,21,대전지점,CB6CD848C,이윤진,송영환,010-4311-6650,대전,동구 가양동,일반,반려동물,장난감,2.0,27.0,21.0,15.0,1.42,2.0,중형,4000.0,2026-06-19,배송완료,2026-06-19 20:17:00,편의점접수,2026-06-18 18:34:00,2026-06-19,2,27,2
4100002364,2026-07-23 15:06:00,41,울산지점,CE168433A,이현숙,김태환,010-9192-5803,울산,울주군 범서읍,일반,전자·디지털,태블릿케이스,4.2,22.0,32.0,10.0,1.17,4.2,소형,4000.0,2026-07-24,배송완료,2026-07-24 10:31:00,편의점접수,2026/07/23 15:06,2026-07-24,4.2,22,4.2
1100002457,2026-05-05 15:39:00,11,서울지점,CEF0CDC53,박도숙,임우자 님,010-9473-3421,경북,안동시 옥동,일반,식품,리튬배터리,9.2,21.0,21.0,17.0,1.25,9.2,중형,6000.0,2026-05-06,배송완료,2026-05-07 17:57:00,인터넷접수,2026-05-05 15:39:00,2026-05-06,9.2,21,9.2
1100000797,2026-07-16 11:10:00,11,서울지점,CBFBB184F,류정자,최아율,1050629390,서울,용산구 이태원동,일반,화장품·미용,헤어드라이어,1.8,23.0,19.0,19.0,1.38,1.8,소형,4000.0,2026-07-17,배송완료,2026-07-20 17:58:00,편의점접수,2026-07-16 11:10:00,2026-07-17,1.8,23,1.8
1200000459,2026-06-11 16:15:00,12,용산지점,C2E974619,류지영,오태식,103355174,강원,강릉시 교동,일반,생활용품,세제,4.9,41.0,35.0,29.0,6.94,6.94,중형,6000.0,2026-06-12,배송완료,2026-06-16 13:42:00,방문접수,2026-06-11 16:15:00,2026-06-12,4.9,41,6.9
3100001521,2026-06-10 11:02:00,31,진주지점,C9AFB582F,김재현,최예란,010-9737-5862,대전,중구 은행동,일반,가구·침구,쿠션,5.9,40.0,47.0,,,5.9,대형,9000.0,2026-06-11,배송완료,2026-06-11 10:32:00,편의점접수,2026-06-10 11:02:00,2026-06-11,5.9,40,11.9
1100002335,2026-05-28 15:39:00,11,서울지점,C4E7BB2DE,김호원,김은자,010-7273-7374,광주,광산구 수완동,일반,식품,김,1.1,26.0,20.0,14.0,1.21,1.21,극소형,3500.0,2026-05-29,미배송,,편의점접수,2026-05-28 15:39:00,2026-05-29,1.1,26,1.2
2100001002,2026-07-23 19:46:00,21,대전지점,C782BA3F7,이성빈,황주숙,010-3780-9500,대전,유성구 봉명동,일반,의류·패션,청바지,0.4,34.0,24.0,12.0,1.63,1.63,소형,4000.0,2026-07-24,배송완료,2026-07-24 19:51:00,편의점 접수,2026-07-23 19:46:00,2026-07-24,0.4,34,1.6
1200000338,2026-07-13 16:05:00,12,용산지점,C909628F7,최연아,황준경,010-5660-7795,울산,남구 삼산동,일반,생활용품,휴지,6.3,31.0,38.0,22.0,4.32,6.3,중형,6000.0,2026-07-14,배송완료,2026-07-16 10:13:00,방문접수,2026-07-13 16:05:00,2026-07-14,6.3,31,6.3
1200001753,2026-06-02 12:04:00,12,용산지점,C3583DD03,한현진,이태빈,010-3494-1390,제주,제주시 노형동,제주,생활용품,세제(대용량),2.9,38.0,35.0,16.0,3.55,3.55,중형,9000.0,2026-06-04,배송완료,2026-06-04 14:18:00,방문접수,2026-06-02 12:04:00,2026-06-04,2.9,38,3.5
2100000598,2026-05-07 13:55:00,21,대전지점,C7FE87FAE,조재경,이나영,010-8264-8088,도서산간,추자도 대서리,도서산간,식품,라면박스,5.8,21.0,25.0,17.0,1.49,5.8,중형,11000.0,2026-05-12,배송완료,2026-05-12 17:10:00,방문접수,2026-05-07 13:55:00,2026-05-12,5.8,21,5.8
3100002494,2026-07-27 18:01:00,31,진주지점,C93401CC5,박호아,윤현원,010-4667-8648,충북,청주시 흥덕구,일반,가구·침구,이불 (겨울용),5.0,51.0,37.0,44.0,13.84,13.84,대형,9000.0,,배송완료,2026-07-29 19:30:00,방문접수,2026-07-27 18:01:00,,5,51,13.8
2100002350,2026-05-07 12:06:00,21,대전지점,CCC1F6348,김규준,이영율,010-6721-4834,경기,남양주시 다산동,일반,도서·문구,노트류,5.4,37.0,27.0,20.0,3.33,5.4,중형,6000.0,2026-05-08,배송완료,2026-05-11 15:39:00,편의점접수,2026-05-07 12:06:00,2026-05-08,5.4,37,5.4
2100001247,2026-06-25 11:29:00,21,대전지점,CB4D919C5,이서아,유태현,010-6308-5784,경북,포항시 남구,일반,식품,쌀,7.7,26.0,18.0,16.0,1.25,7.7,중형,6000.0,2026-06-26,반송,,방문접수,2026-06-25 11:29:00,2026-06-26,7.7,26,7.7
1100001551,2026-06-23 10:38:00,11,서울지점,CA6020EE4,신정호,이도자,010-7130-7105,울산,중구 성남동,일반,생활용품,휴지,0.8,48.0,28.0,19.0,4.26,4.26,중형,6000.0,2026-06-24,배송완료,2026-06-25 18:15:00,편의점접수,2026-06-23 10:38:00,2026-06-24,0.8,48,4.3
2100002385,2026-08-03 19:05:00,21,대전지점,C2EEC641D,김나호,김우미,010-8016-2262,대전,중구 은행동,일반,식품,김치,4.0,33.0,19.0,18.0,1.88,4.0,소형,4000.0,2026-08-04,배송완료,2026-08-04 20:22:00,방문접수,2026-08-03 19:05:00,2026-08-04,4,33,4
3200002185,2026-07-20 16:54:00,32,거제지점,CE65CF329,신나원,김유환,010-7276-6905,경기,화성시 동탄,일반,도서·문구,노트,1.4,38.0,16.0,16.0,1.62,1.62,소형,4000.0,2026-07-21,배송완료,2026-07-25 16:39:00,편의점접수,2026-07-20 16:54:00,2026-07-21,1.4,38,1.6
3200000530,2026-06-12 15:19:00,32,거제지점,CD1620E89,유나희,이준준(직접수령),010-9156-8834,울산,중구 성남동,일반,의류·패션,티셔츠,2.0,39.0,38.0,30.0,7.41,7.41,중형,6000.0,2026-06-15,배송완료,2026-06-20 12:46:00,편의점접수,2026-06-12 15:19:00,2026-06-15,2,39,7.4
1100000565,2026-07-31 18:48:00,11,서울지점,C864F1C01,박예환,정유원,010-2958-1895,경남,거제시 옥포동,일반,화장품·미용,스킨케어세트,0.8,19.0,14.0,25.0,1.11,1.11,극소형,3500.0,2026-08-03,배송완료,2026-08-03 14:30:00,대리점,2026-07-31 18:48:00,2026-08-03,0.8,19,1.1
1200002916,2026-06-29 13:34:00,12,용산지점,C404E1E82,김재환,정호희,103217383,울산,울주군 범서읍,일반,식품,라면박스,10.3,30.0,20.0,20.0,2.0,10.3,중형,6000.0,2026-06-30,배송완료,2026-06-30 11:08:00,편의점접수,2026-06-29 13:34:00,2026-06-30,10.3,30,10.3
1100002900,2026-05-12 10:46:00,11,서울지점,C8C1526AA,이도원,허준우,010-2505-9663,대전,서구 둔산동,일반,식품,라면박스,4.6,28.0,16.0,24.0,1.79,4.6,소형,4000.0,2026-05-13,배송완료,2026-05-13 18:11:00,방문접수,2026-05-12 10:46:00,2026-05-13,4.6,28,4.6
1100002799,2026-06-08 13:22:00,11,서울지점,CDB48D910,김수미,전나란,010-9989-5117,경기,고양시 일산동구,일반,생활용품,휴지 30롤,4.2,34.0,37.0,27.0,5.66,5.66,중형,6000.0,2026-06-09,배송완료,2026-06-09 12:54:00,편의점접수,2026-06-08 13:22:00,2026-06-09,4.2,34,5.7
1100000572,2026-07-20 17:48:00,11,서울지점,CB87DB5FA,류시영,문서경,,경기,남양주시 다산동,일반,도서·문구,노트,6.5,34.0,25.0,12.0,1.7,6.5,중형,6000.0,2026-07-21,배송완료,2026-07-21 19:44:00,인터넷접수,2026-07-20 17:48:00,2026-07-21,6.5,34,6.5
1100002689,2026-07-15 15:38:00,11,서울지점,C6DAD2ACD,박민호,이성철,010-5621-3855,서울,용산구 후암동,일반,전자·디지털,태블릿케이스,3.2,32.0,23.0,8.0,0.98,3.2,소형,4000.0,2026-07-16,배송완료,2026-07-16 11:03:00,인터넷접수,2026-07-15 15:38:00,2026-07-16,3.2,32,3.2
3200002657,2026-07-27 12:04:00,32,거제지점,C69D027A3,이도희,서진아,010-8267-3395,대구,수성구 범어동,일반,식품,라면박스,9.5,23.0,24.0,15.0,1.38,9.5,중형,6000.0,2026-07-28,배송실패,,편의점접수,2026-07-27 12:04:00,2026-07-28,9.5,23,9.5
1100000538,2026-07-15 18:36:00,11,서울지점,CC883B238,이규미,고규숙,010-9847-3051,경기,부천시 원미구,일반,화장품·미용,헤어드라이어,0.8,35.0,22.0,8.0,1.03,1.03,소형,4000.0,2026-07-16,배송완료,2026-07-16 13:54:00,편의점접수,2026-07-15 18:36:00,2026-07-16,0.8,35,1
2100001050,2026-07-14 17:30:00,21,대전지점,C3F7E3CB6,이준아,강지희,010-2070-2194,전남,여수시 학동,일반,생활용품,세탁세제,4.6,37.0,34.0,32.0,6.71,6.71,중형,6000.0,2026-07-15,배송완료,2026-07-16 10:24:00,편의점접수,2026-07-14 17:30:00,2026-07-15,4.6,37cm,6.7
1200002384,2026-05-29 15:07:00,12,용산지점,CC4DB7593,최윤란,최은철,010-6323-8794,울산,중구 성남동,일반,가구·침구,커튼,5.7,58.0,47.0,44.0,19.99,19.99,대형,9000.0,2026-06-01,배송완료,2026-06-01 15:30:00,온라인,2026-05-29 15:07:00,2026-06-01,5.7,58,20
1100000467,2026-06-09 09:36:00,11,서울지점,C6E9F1D26,이유율,신서진,010-6913-9502,광주,광산구 수완동,일반,도서·문구,노트 10권,11.6,35.0,26.0,16.0,2.43,11.6,중형,6000.0,2026-06-10,배송완료,2026-06-10 13:17:00,대리점접수,2026.06.09 09시36분,2026-06-10,11.6,35,11.6
3200002914,2026-07-06 12:54:00,32,거제지점,CA1183266,박준준,황태서,1024451222,경기,용인시 기흥구,일반,의류·패션,모자,1.2,31.0,40.0,30.0,6.2,6.2,중형,6000.0,2026-07-07,미배송,,방문접수,2026-07-06 12:54:00,2026-07-07,1.2,31,6.2
4100000814,2026-06-16 17:04:00,41,울산지점,C4D22026A,조영율,임유아,010-2056-5423,경남,거제시 장승포동,일반,도서·문구,책(중고),2.4,34.0,28.0,15.0,2.38,2.4,소형,4000.0,2026-06-17,배송완료,2026-06-17 14:42:00,인터넷접수,2026-06-16 17:04:00,2026-06-17,2.4,34,2.4
1100001114,2026-07-24 15:50:00,11,서울지점,CD39A2453,최성율,박채현,010-9364-7478,경북,포항시 남구,일반,생활용품,청소기필터,5.6,48.0,22.0,18.0,3.17,5.6,중형,6000.0,2026-07-27,미배송,,방문접수,26-07-24 15:50,2026-07-27,5.6,48,5.6
1100001832,2026-07-07 13:23:00,11,서울지점,C61AC1437,김윤란,이은환,010-8522-9152,부산,사하구 하단동,일반,도서·문구,다이어리,2.4,26.0,25.0,19.0,2.06,2.4,소형,4000.0,2026-07-08,배송실패,,편의점접수,2026-07-07 13:23:00,2026-07-08,2.4,26,2.4
2100000309,2026-06-08 17:42:00,21,대전지점,CED9C27D6,김시란,송주아,010-5173-1369,경북,포항시 남구,일반,의류·패션,모자,1.7,47.0,37.0,19.0,5.51,5.51,중형,6000.0,2026-06-09,배송완료,2026-06-10 13:32:00,편의점접수,26-06-08 17:42,2026-06-09,1.7,47,5.5
1200002229,2026-05-11 14:07:00,12,용산지점,C0A9D22DD,최호서,정은준,010-2172-1578,충남,서산시 동문동,일반,의류·패션,원피스,0.8,32.0,23.0,12.0,1.47,1.47,소형,4000.0,2026-05-12,배송완료,2026-05-12 17:28:00,편의점접수,2026-05-11 14:07:00,2026-05-12,0.8,32,1.5
1100000934,2026-06-29 16:51:00,11,서울지점,C4D159EEA,이성현,이태영,010-2481-8619,서울,마포구 서교동,일반,식품,김,4.9,26.0,20.0,24.0,2.08,4.9,소형,4000.0,2026-06-30,배송완료,2026-06-30 14:51:00,대리점,2026-06-29 16:51:00,2026-06-30,4.9,26,4.9
3200001563,2026-07-24 17:35:00,32,거제지점,CB957E4E1,김아경,김성환,010-5574-5280,경남,창원시 성산구,일반,생활용품,주방용품,2.7,30.0,34.0,24.0,4.08,4.08,중형,6000.0,2026-07-27,미배송,,편의점접수,2026-07-24 17:35:00,2026-07-27,2.7,30,4.1
3100002249,2026-06-25 15:09:00,31,진주지점,CD804CBEB,고은우,이도빈,1025575778,서울,송파구 잠실동,일반,가구·침구,커튼,4.5,64.0,49.0,36.0,18.82,18.82,대형,9000.0,2026-06-26,배송완료,2026-06-26 13:52:00,편의점접수,2026-06-25 15:09:00,2026-06-26,4.5,64,18.8
1100000296,2026-07-03 15:11:00,11,서울지점,CF59BBD05,김호우,송윤숙,010-6646-4340,대전,유성구 봉명동,일반,생활용품,수납함,0.9,40.0,30.0,23.0,4.6,4.6,중형,6000.0,2026-07-06,배송완료,2026-07-06 19:15:00,인터넷접수,2026-07-03 15:11:00,2026-07-06,0.9,40,4.6
3100002213,2026-07-31 10:51:00,31,진주지점,CDBCCC91D,김규자,김도빈,010 9646 6490,대전,유성구 봉명동,일반,식품,건어물,9.5,30.0,26.0,17.0,2.21,9.5,중형,6000.0,2026-08-03,배송완료,2026-08-03 17:31:00,편의점접수,2026-07-31 10:51:00,2026-08-03,9.5,30,9.5
2100000323,2026-08-03 13:04:00,21,대전지점,C504ED17E,김지자,안영현,010-2347-8171,인천,부평구 부평동,일반,생활용품,주방용품,7.3,31.0,39.0,18.0,3.63,7.3,중형,6000.0,2026-08-04,배송완료,2026-08-04 14:14:00,편의점접수,2026-08-03 13:04:00,2026-08-04,7.3,31,7.3
1200001394,2026-07-03 17:02:00,12,용산지점,C86E203C1,김예경,김아희,010-3398-9263,충남,아산시 배방읍,일반,도서·문구,다이어리,13.0,32.0,26.0,21.0,2.91,13.0,중형,6000.0,2026-07-06,배송완료,2026-07-13 10:17:00,편의접수,2026-07-03 17:02:00,2026-07-06,13,32,13
1100002093,2026-08-05 15:08:00,11,서울지점,C77A988E4,김준란,김성서,010-4904-1149,경기,고양시 일산동구,일반,도서·문구,책 30권,10.2,23.0,28.0,28.0,3.01,10.2,중형,6000.0,2026-08-06,배달중,,편의점접수,2026-08-05 15:08:00,2026-08-06,10.2,23,10.2
1100001600,2026-05-11 10:19:00,11,서울지점,CE02B551B,정예자,김연우,010-9747-4942,서울,용산구 후암동,일반,식품,된장,6.9,32.0,24.0,28.0,3.58,6.9,중형,6000.0,2026-05-12,배송완료,2026-05-12 9:30:00,방문접수,2026-05-11 10:19:00,2026-05-12,6.9,32,6.9
3100000599,2026-05-11 16:55:00,31,진주지점,C020CAE71,박은자,윤윤아,010-5681-2871,전남,여수시 학동,일반,도서·문구,책(중고),6.1,24.0,16.0,14.0,0.9,6.1,중형,6000.0,2026-05-12,배송완료,2026-05-14 16:25:00,인터넷접수,2026-05-11 16:55:00,2026-05-12,6.1,24,6.1
4100000595,2026-06-27 14:42:00,41,울산지점,C244BB45C,신주아,이준진,010-6115-8134,경남,김해시 장유동,일반,식품,과일선물세트,7.6,21.0,15.0,19.0,1.0,7.6,중형,6000.0,2026-06-29,배송완료,2026-06-29 11:00:00,편의점접수,2026-06-27 14:42:00,2026-06-29,7.6,21,7.6
1200002883,2026-06-29 16:30:00,12,용산지점,C3B88A34F,이윤영,김정연,010-7185-4500,대전,유성구 봉명동,일반,식품,된장,6.9,38.0,17.0,12.0,1.29,6.9,중형,6000.0,2026-06-30,배송완료,2026-06-30 17:41:00,편의점접수,2026-06-29 16:30:00,2026-06-30,6.9,38,6.9
1100002019,2026-05-25 13:25:00,11,서울지점,C3D0481A0,김영영,윤규숙,,경남,거제시 장승포동,일반,생활용품,청소기필터,1.5,50.0,24.0,21.0,4.2,4.2,중형,6000.0,2026-05-26,배송완료,2026-05-27 17:33:00,편의점접수,2026-05-25 13:25:00,2026/05/26,1.5,50,4.2
4100000084,2026-05-13 15:48:00,41,울산지점,C16EFA169,김나아,이예아,010-4961-9205,제주,제주시 노형동,제주,식품,김 치,3.3,27.0,25.0,22.0,2.48,3.3,소형,7000.0,2026-05-15,배송완료,2026-05-15 17:16:00,대리점,2026-05-13 15:48:00,2026-05-15,3.3,27,3.3
1100001104,2026-05-04 09:08:00,11,서울지점,CCD4ED16A,김준진,강아아,010-5195-5346,강원,원주시 무실동,일반,식품,건어물,8.2,23.0,20.0,26.0,1.99,8.2,중형,6000.0,2026-05-05,배송완료,2026-05-07 9:56:00,대리점,2026-05-04 9:08:00,2026-05-05,8.2,23,8.2
3100001964,2026-06-08 19:06:00,31,진주지점,C101EF832,이도식,최현현,1061389533,대전,유성구 봉명동,일반,의류·패션,티셔츠,1.1,39.0,36.0,21.0,4.91,4.91,중형,6000.0,2026-06-09,배송완료,2026-06-09 10:00:00,편의점접수,2026-06-08 19:06:00,2026-06-09,1.1,39,4.9
1100000778,2026-05-13 15:28:00,11,서울지점,CCD2D12EE,강나연,최나서,010-4885-4204,경기,용인시 기흥구,일반,생활용품,주방용품,4.6,39.0,31.0,,,4.6,중형,6000.0,2026-05-14,배송완료,2026-05-15 19:41:00,대리점,2026-05-13 15:28:00,2026-05-14,4.6,39,5.4
1100002114,2026-06-22 13:34:00,11,서울지점,C77BA4402,조예율,황재진,010-4981-7470,경기,성남시 분당구,일반,의류·패션,운동화,1.0,48.0,34.0,16.0,4.35,4.35,중형,6000.0,2026-06-23,배송완료,2026-06-23 15:48:00,편의점접수,2026-06-22 13:34:00,2026-06-23,1,48,4.4
1100001020,2026-06-07 11:13:00,11,서울지점,CDD6025F9,문도진,김시아,010-7541-3674,경기,용인시 기흥구,일반,전자·디지털,공유기,2.9,38.0,25.0,10.0,1.58,2.9,소형,4000.0,2026-06-08,배송완료,2026-06-08 11:28:00,인터넷접수,2026-06-07 11:13:00,2026-06-08,2.9,38,2.9
3100002321,2026-05-29 10:07:00,31,진주지점,CFBAE3558,이서빈,최주율,010-3604-6364,대구,수성구 범어동,일반,의류·패션,패딩,1.2,34.0,29.0,14.0,2.3,2.3,소형,4000.0,2026-06-01,배송완료,2026-06-01 10:09:00,방문접수,2026-05-29 10:07:00,2026-06-01,1.2,34,2.3
1100001984,2026-05-18 16:16:00,11,서울지점,CAA0A760A,김하미,오호진,010-5010-5397,강원,원주시 무실동,일반,생활용품,주방용품,5.6,30.0,33.0,20.0,3.3,5.6,중형,6000.0,2026-05-19,배송완료,2026-05-19 16:58:00,편의점접수,2026-05-18 16:16:00,2026-05-19,5.6,30,5.6
2100000144,2026-07-15 18:06:00,21,대전지점,C355A626E,박아원,임태우,010-9998-1176,대전,대덕구 송촌동,일반,생활용품,빨래건조대,0.8,30.0,23.0,21.0,2.42,2.42,소형,4000.0,2026-07-16,배송완료,,인터넷접수,2026-07-15 18:06:00,2026-07-16,0.8,30,2.4
2100001836,2026-05-14 17:02:00,21,대전지점,C5CB1FBF3,김진자,김도영,010-4780-9671,전북,군산시 나운동,일반,의류·패션,모자,1.6,30.0,27.0,31.0,4.18,4.18,중형,6000.0,2026-05-15,배송완료,,방문접수,2026-05-14 17:02:00,2026-05-15,1.6,30,4.2
4100000658,2026-05-27 10:08:00,41,울산지점,CC5E5092A,박재란,백민원,010-7173-3858,울산,중구 성남동,일반,의류·패션,가방,1.7,37.0,33.0,15.0,3.05,3.05,중형,6000.0,2026-05-28,배송완료,2026-05-28 10:50:00,인터넷접수,2026-05-27 10:08:00,2026-05-28,1.7,37,3.1
1100000048,2026-07-06 17:05:00,11,서울지점,CFAD55352,김연환,이태연,010-9936-5998,전남,순천시 조례동,일반,의류·패션,모자,0.9,35.0,38.0,17.0,3.77,3.77,중형,6000.0,2026-07-07,배송완료,2026-07-07 13:19:00,편의점접수,2026-07-06 17:05:00,2026-07-07,0.9,35,3.8
2100001796,2026-05-14 13:31:00,21,대전지점,C6D934C35,송준진,이영철,109012123,부산,동래구 온천동,일반,식품,김,3.3,35.0,20.0,27.0,3.15,3.3,중형,6000.0,2026-05-15,배송완료,2026-05-15 14:59:00,인터넷접수,2026-05-14 13:31:00,2026-05-15,3.3,35,3.3
4100000316,2026-06-30 18:42:00,41,울산지점,C76F16F4A,고성현,한아연,010-3640-1323,서울,마포구 서교동,일반,의류·패션,가방,1.5,34.0,33.0,22.0,4.11,4.11,중형,6000.0,2026-07-01,배송완료,2026-07-01 17:34:00,편의점접수,2026-06-30 18:42:00,2026-07-01,1.5,34,1.5
3100000404,2026-07-22 11:39:00,31,진주지점,C2FC3440C,김우철,오정우,010-6598-3718,인천,연수구 송도동,일반,식품,커피원두,6.0,28.0,26.0,16.0,1.94,6.0,중형,6000.0,2026-07-23,배송완료,2026-07-23 14:56:00,편의점접수,2026-07-22 11:39:00,2026-07-23,6,28,6
1200001670,2026-06-09 11:41:00,12,용산지점,CEB61B278,오승준,이진연,102350236,울산,남구 옥동,일반,전자·디지털,공유기,1.5,31.0,,25.0,,1.5,중형,6000.0,2026-06-10,배송완료,2026-06-10 17:28:00,인터넷접수,2026-06-09 11:41:00,2026-06-10,1.5,31,3.6
4100001640,2026-05-25 10:32:00,41,울산지점,C0D2983F8,조예희,강민환,,경남,거제시 장승포동,일반,생활용품,주방용품,6.4,39.0,23.0,29.0,4.34,6.4,중형,6000.0,2026-05-26,배송완료,2026-05-26 14:36:00,대리점접수,2026-05-25 10:32:00,2026.05.26,6.4,39,6.4
2100001479,2026-06-24 16:47:00,21,대전지점,C97783300,김재철,김아숙,010-9390-8767,서울,노원구 상계동,일반,전자·디지털,충전기,2.9,38.0,18.0,17.0,1.94,2.9,소형,4000.0,2026-06-25,배송완료,2026-06-26 17:29:00,인터넷접수,2026-06-24 16:47:00,2026-06-25,2.9,38,2.9
1200001913,2026-07-22 13:59:00,12,용산지점,CCE2C1D7A,한성란,이나희,,경기,용인시 기흥구,일반,의류·패션,코트,1.0,28.0,36.0,14.0,2.35,2.35,소형,4000.0,2026-07-23,배송완료,2026-07-24 13:33:00,인터넷접수,2026-07-22 13:59:00,2026-07-23,1,28,2.4
3100001213,2026-06-24 17:55:00,31,진주지점,CE41FED7D,김정영,이도숙,1077945398,제주,서귀포시 중문동,제주,식품,커피원두,8.4,35.0,24.0,18.0,2.52,8.4,중형,1000.0,2026-06-26,배송완료,2026-06-26 15:11:00,편의점접수,2026-06-24 17:55:00,2026-06-26,8.4,35,8.4
1100002630,2026-08-03 10:13:00,11,서울지점,CF8EF62CE,고성연,이성미,010-7779-4123,인천,부평구 부평동,일반,전자·디지털,키보드,4.5,29.0,16.0,21.0,1.62,4.5,소형,4000.0,2026-08-04,배송완료,2026-08-04 9:00:00,편의점접수,2026-08-03 10:13:00,2026-08-04,0,29,4.5
3100001021,2026-07-27 11:06:00,31,진주지점,C7BB0BF21,이채영,김현연,,서울,용산구 이태원동,일반,생활용품,휴지,4.5,41.0,23.0,15.0,2.36,4.5,소형,4000.0,2026-07-28,배송완료,2026-07-29 10:26:00,인터넷접수,2026.07.27 11시06분,2026-07-28,4.5,41,4.5
1100002462,2026-05-27 13:47:00,11,서울지점,C50E29085,이아숙,백준철,010-3862-7707,울산,중구 성남동,일반,전자·디지털,태블릿케이스,5.4,34.0,28.0,26.0,4.13,5.4,중형,6000.0,2026-05-28,반품,2026-05-29 9:36:00,온라인,05/27/2026 13:47,2026-05-28,5.4,34,5.4
3100001351,2026-06-29 13:25:00,31,진주지점,CE38C61B0,안하호,한은연,010-7698-1896,서울,용산구 청파동,일반,식품,커피원두,5.8,26.0,26.0,27.0,3.04,5.8,중형,6000.0,2026-06-30,배송완료,2026-06-30 20:48:00,방문접수,2026-06-29 13:25:00,2026-06-30,5.8,26,5.8
2100001432,2026-06-02 13:05:00,21,대전지점,C292523D7,이정미,송시연,010-7618-5628,경남,진주시 평거동,일반,식품,향수,3.2,37.0,24.0,12.0,1.78,3.2,소형,4000.0,2026-06-03,배송완료,2026-06-03 19:12:00,편의점접수,2026-06-02 13:05:00,2026-06-03,3.2,37,3.2
2100000006,2026-05-01 14:05:00,21,대전지점,C6B506F61,김수미,안성준,010-7406-2063,서울,은평구 응암동,일반,도서·문구,노트 10권,13.2,26.0,26.0,23.0,2.59,13.2,중형,6000.0,2026-05-04,배송완료,2026-05-06 13:55:00,방문접수,2026-05-01 14:05:00,2026-05-04,13.2,26,13.2
1200002562,2026-06-08 19:20:00,12,용산지점,CA25C893F,조승숙,최하빈,010-2517-6919,충북,충주시 연수동,일반,식품,건어물,7.3,25.0,24.0,23.0,2.3,7.3,중형,6000.0,2026-06-09,배송완료,2026-06-09 10:41:00,인터넷접수,2026-06-08 19:20:00,2026-06-09,7.3,25,7.3
3200000972,2026-05-29 14:50:00,32,거제지점,C16B8F7F7,김예서,홍은철,010-9300-6981,경북,구미시 인동,일반,생활용품,청소기필터,2.5,36.0,22.0,28.0,3.7,3.7,중형,6000.0,2026-06-01,배송완료,2026-06-01 20:47:00,편의점접수,2026-05-29 14:50:00,2026-06-01,2.5,36,3.7
1100002378,2026-05-29 15:02:00,11,서울지점,C788E0C28,이민자,정정연,010-8035-4219,대전,유성구 노은동,일반,반려동물,장난감,7.0,40.0,21.0,26.0,3.64,7.0,중형,6000.0,2026-06-01,배송완료,2026-06-02 9:06:00,인터넷접수,05/29/2026 15:02,2026-06-01,7,40,7
1100001054,2026-06-04 14:53:00,11,서울지점,C5011830F,김태현,손현영,010-4487-1156,대구,북구 침산동,일반,식품,김치,2.1,36.0,19.0,15.0,1.71,2.1,소형,4000.0,2026-06-05,배송완료,2026-06-05 10:45:00,대리점,2026-06-04 14:53:00,2026-06-05,2.1,36,2.1
1200001311,2026-05-19 18:52:00,12,용산지점,C854432FE,김예빈,정우란(직접수령),010-6997-4885,서울,용산구 청파동,일반,전자·디지털,공유기,4.9,24.0,15.0,26.0,1.56,4.9,소형,4000.0,2026-05-20,배송완료,2026-05-20 13:07:00,방문접수,2026-05-19 18:52:00,2026-05-20,4.9,24,4.9
2100002783,2026-07-29 17:24:00,21,대전지점,C58B81E56,김규원,조예경,010-5269-2116,서울,노원구 상계동,일반,생활용품,휴지 30롤,3.5,30.0,24.0,31.0,3.72,3.72,중형,6000.0,2026-07-30,배송완료,2026-07-30 15:54:00,편의점접수,2026-07-29 17:24:00,2026-07-30,3.5,30,3.7
2100002750,2026-06-22 17:38:00,21,대전지점,C4F9F02A3,김시경,김유자,010-9539-5793,경남,거제시 고현동,일반,전자·디지털,충전기,5.1,30.0,22.0,19.0,2.09,5.1,중형,6000.0,2026-06-23,배송완료,2026-06-23 11:46:00,대리점,2026-06-22 17:38:00,2026-06-23,5.1,30,5.1
1100002672,2026-07-10 19:10:00,11,서울지점,CF0099E30,배주란,이태환,010-9094-5036,인천,부평구 부평동,일반,의류·패션,가방,0.4,35.0,29.0,29.0,4.91,4.91,중형,6000.0,2026-07-13,배송완료,2026-07-14 20:58:00,인터넷접수,2026.07.10 19시10분,2026-07-13,0.4,35,4.9
2100000738,2026-06-23 14:43:00,21,대전지점,CD89A8AE3,이연호,황은준,010-7194-5068,울산,중구 성남동,일반,식품,과일선물세트,10.4,32.0,18.0,20.0,1.92,10.4,중형,3000.0,2026-06-24,배송완료,2026-06-24 13:43:00,인터넷접수,2026-06-23 14:43:00,2026-06-24,10.4,32,10.4
1100002488,2026-06-23 12:09:00,11,서울지점,CB18388E6,박예철,김진숙,010-3910-4496,부산,사하구 하단동,일반,식품,김치,8.8,35.0,20.0,18.0,2.1,8.8,중형,6000.0,2026-06-24,배송완료,2026-06-24 11:54:00,방문접수,2026-06-23 12:09:00,2026-06-24,8.8,35,8.8
1200000035,2026-06-15 18:19:00,12,용산지점,CF5E18C22,서수호,박유환,010-2816-4023,경기,성남시 분당구,일반,식품,쌀 20kg,3.5,38.0,15.0,20.0,1.9,3.5,소형,4000.0,2026-06-16,배송완료,2026-06-18 11:11:00,인터넷접수,2026-06-15 18:19:00,2026-06-16,3.5,38,3.5
1200000211,2026-07-14 19:44:00,12,용산지점,C003F2642,김수철,정승숙,010-9319-3196,울산,북구 명촌동,일반,생활용품,빨래건조대,7.0,46.0,35.0,26.0,6.98,7.0,중형,6000.0,,배송완료,2026-07-17 17:42:00,인터넷접수,2026-07-14 19:44:00,,0,46,7
1100000068,2026-06-05 13:37:00,11,서울지점,CFB719E8C,박태희,윤현란,010-4960-6295,부산,부산진구 부전동,일반,전자·디지털,키보드,5.0,31.0,31.0,21.0,3.36,5.0,중형,6000.0,2026-06-08,배송완료,2026-06-09 16:15:00,인터넷접수,2026-06-05 13:37:00,2026-06-08,5,31,5
3200002189,2026-06-05 11:28:00,32,거제지점,CDECD029D,권유숙,이우영,1084784781,전북,전주시 덕진구,일반,의류·패션,청바지,2.1,45.0,23.0,19.0,3.28,3.28,중형,6000.0,2026-06-08,배송완료,2026-06-14 18:57:00,인터넷접수,2026-06-05 11:28:00,2026-06-08,2.1,45,3.3
1100001212,2026-06-24 15:08:00,11,서울지점,C51027BEA,김아원,장수란,1024505853,서울,송파구 잠실동,일반,생활용품,세탁세제,2.7,41.0,40.0,13.0,3.55,3.55,중형,6000.0,2026-06-25,배송완료,2026-06-25 11:09:00,인터넷접수,06/24/2026 15:08,2026-06-25,2.7,41,3.6
2100001883,2026-07-02 10:12:00,21,대전지점,C4F25F7D6,김민우,홍승영,010-4114-5006,경남,김해시 장유동,일반,생활용품,세탁세제,0.6,41.0,26.0,16.0,2.84,2.84,중형,6000.0,2026-07-03,배송완료,2026-07-06 10:30:00,인터넷접수,2026-07-02 10:12:00,2026-07-03,0.6,41,2.8
4100001071,2026-08-04 11:11:00,41,울산지점,CCB67C6BD,이윤진,박민원,010-6514-9662,충북,청주시 흥덕구,일반,식품,리튬배터리,3.7,29.0,20.0,23.0,2.22,3.7,소형,4000.0,2026-08-05,반품,,편의점접수,2026-08-04 11:11:00,2026-08-05,3.7,29,3.7
1200000916,2026-06-01 15:48:00,12,용산지점,C2653A92F,박예원,남시환,,대전,동구 가양동,일반,의류·패션,모자,1.6,40.0,37.0,24.0,5.92,5.92,중형,6000.0,2026-06-02,배송완료,2026-06-02 15:15:00,온라인,2026-06-01 15:48:00,2026-06-02,1.6,40,5.9
1200000019,2026-08-04 15:11:00,12,용산지점,CC85ECD16,정연우,최유진,010-4286-7581,대구,달서구 상인동,일반,전자·디지털,태블릿케이스,5.9,29.0,31.0,15.0,2.25,5.9,중형,6000.0,2026-08-05,간선상차,,편의접수,2026-08-04 15:11:00,2026-08-05,5.9,29,5.9
1200001663,2026-07-16 11:32:00,12,용산지점,C2AEE3318,김윤경,장재연,010-2843-2623,인천,연수구 송도동,일반,생활용품,주방용품,1.6,35.0,25.0,20.0,2.92,2.92,소형,4000.0,2026-07-17,배송완료,2026-07-17 10:08:00,방문접수,2026-07-16 11:32:00,2026-07-17,1.6,35,2.9
3200002620,2026-05-25 09:32:00,32,거제지점,C39C535B9,강현빈,김정현,010-6793-1581,전북,전주시 덕진구,일반,의류·패션,가방,2.0,44.0,39.0,29.0,8.29,8.29,중형,6000.0,2026-05-26,배송완료,2026-05-28 17:25:00,인터넷접수,2026-05-25 9:32:00,2026-05-26,2,44,8.3
4100002182,2026-07-14 13:20:00,41,울산지점,CD1B5132B,이아현,이승서,010-2676-2786,인천,연수구 송도동,일반,의류·패션,가방,1.3,49.0,38.0,12.0,3.72,3.72,중형,6000.0,2026-07-15,배송완료,,방문접수,2026-07-14 13:20:00,2026-07-15,1.3,49,3.7
1100002748,2026-06-15 15:11:00,11,서울지점,CDB8AE49A,강재율,최채영,010-4822-2381,서울,용산구 원효로1가,일반,식품,된장,7.1,25.0,22.0,27.0,2.48,7.1,중형,6000.0,2026-06-16,배송 완료,2026-06-16 16:10:00,편의접수,2026-06-15 15:11:00,2026-06-16,7.1,25,7.1
1100001131,2026-07-24 17:11:00,11,서울지점,C9B205AED,김은숙,전연란,010 5634 6640,부산,해운대구 우동,일반,의류·패션,원피스,0.9,32.0,41.0,21.0,4.59,4.59,중형,6000.0,2026-07-27,배송완료,2026-07-27 9:03:00,방문접수,2026-07-24 17:11:00,2026-07-27,0.9,32,4.6
4100001739,2026-07-06 16:01:00,41,울산지점,C0CD97F99,박아숙,이서율,010-3280-2379,대전,동구 가양동,일반,화장품·미용,스킨케어세트,2.0,40.0,27.0,20.0,3.6,3.6,중형,6000.0,2026-07-07,배송완료,2026-07-07 19:12:00,방문접수,2026-07-06 16:01:00,2026-07-07,2,40,3.6
4100000534,2026-06-24 17:49:00,41,울산지점,CA3AED0C5,임규경,안준서,010-7729-5005,대전,서구 둔산동,일반,식품,과일선물세트,10.5,30.0,18.0,15.0,1.35,10.5,중형,6000.0,2026-06-25,배송완료,2026-06-25 9:37:00,인터넷접수,2026-06-24 17:49:00,2026-06-25,10.5,30,10.5
2100001209,2026-07-20 11:14:00,21,대전지점,CA7D97EC8,송규원,조성율,010-3914-7264,대전,대덕구 송촌동,일반,의류·패션,패딩,1.3,40.0,31.0,14.0,2.89,2.89,중형,6000.0,2026-07-21,배송완료,2026-07-21 12:17:00,대리점,2026-07-20 11:14:00,2026/07/21,1.3,40,2.9
3100000672,2026-06-10 10:21:00,31,진주지점,CEF8F4FF9,안수영,강승환,010-8954-2833,대전,유성구 노은동,일반,도서·문구,필기구세트,3.1,35.0,18.0,23.0,2.42,3.1,소형,4000.0,2026-06-11,배송완료,2026-06-11 14:22:00,편의점접수,2026-06-10 10:21:00,2026-06-11,3.1,35cm,3.1
1200000257,2026-07-27 12:45:00,12,용산지점,C2CFD1F25,오수호,오윤미,010-4291-4087,서울,용산구 원효로1가,일반,의류·패션,티셔츠,1.7,46.0,33.0,15.0,3.8,3.8,중형,6000.0,2026-07-28,배송완료,2026-07-28 16:04:00,인터넷접수,2026-07-27 12:45:00,2026-07-28,1.7,46,3.8
3200000558,2026-05-04 11:22:00,32,거제지점,C406DC71C,이호우,김윤빈,010-8114-5145,충북,충주시 연수동,일반,전자·디지털,키보드,1.9,34.0,19.0,16.0,1.72,1.9,소형,4000.0,2026-05-05,배송완료,2026-05-08 16:10:00,편의점접수,2026-05-04 11:22:00,2026-05-05,1.9,34,1.9
3100000447,2026-05-08 16:10:00,31,진주지점,C77973EF6,윤민경,서서준,,울산,남구 삼산동,일반,의류·패션,모자,2.0,28.0,33.0,24.0,3.7,3.7,중형,6000.0,2026-05-11,배송완료,2026-05-11 18:12:00,편의점접수,2026-05-08 16:10:00,2026-05-11,2,28,3.7
1100000819,2026-07-02 15:58:00,11,서울지점,CA2A6ED3C,김아율,김승경,010-4591-1956,경남,진주시 충무공동,일반,의류·패션,운동화(박스포함),0.3,33.0,30.0,24.0,3.96,3.96,중형,6000.0,2026-07-03,반품,,편의점접수,2026-07-02 15:58:00,2026-07-03,0.3,33,4
1200001360,2026-05-27 11:03:00,12,용산지점,CAFE02E67,이승란,이호영,1050112666,인천,부평구 부평동,일반,식품,김 치,6.4,38.0,26.0,16.0,2.63,6.4,중형,6000.0,2026-05-28,배송완료,2026-05-29 13:03:00,편의점 접수,2026-05-27 11:03:00,2026-05-28,6.4,38,6.4
1200002506,2026-07-06 11:26:00,12,용산지점,C82E40049,손현숙,김서율,,경북,경주시 황성동,일반,생활용품,수납함,6.4,37.0,34.0,23.0,4.82,6.4,중형,6000.0,2026-07-07,미배송,,방문접수,2026-07-06 11:26:00,2026-07-07,6.4,37,6.4
4100001717,2026-07-13 17:37:00,41,울산지점,C2FAD3BE0,권윤서,신정준,010-7589-1952,부산,동래구 온천동,일반,식품,된장,3.7,28.0,19.0,26.0,2.31,3.7,소형,4000.0,2026-07-14,배송완료,2026-07-14 12:09:00,인터넷접수,2026/07/13 17:37,2026-07-14,3.7,28,3.7
1100000238,2026-08-04 14:41:00,11,서울지점,CCBCC9760,오규우,김채원,010-5988-2431,경북,경주시 황성동,일반,의류·패션,반팔티,2.2,44.0,34.0,17.0,4.24,4.24,중형,6000.0,2026-08-05,간선하차,,인터넷접수,2026-08-04 14:41:00,2026-08-05,2.2,44,4.2
1100000143,2026-07-27 16:41:00,11,서울지점,C6900660A,김예영,김재환,010-3526-2938,경기,부천시 원미구,일반,식품,라면박스,1.1,26.0,23.0,14.0,1.4,1.4,대형,4000.0,2026-07-28,배송완료,,방문접수,2026-07-27 16:41:00,2026-07-28,1.1,26,1.4
1100002299,2026-05-11 13:30:00,11,서울지점,CE71E668E,김진진,강연우(직접수령),010-6592-5091,경기,남양주시 다산동,일반,도서·문구,문제집,3.8,38.0,28.0,26.0,4.61,4.61,중형,6000.0,2026-05-12,배송완료,2026-05-13 18:25:00,방문접수,2026-05-11 13:30:00,2026-05-12,3.8,38,4.6
1100000292,2026-08-03 16:03:00,11,서울지점,CC5E5092A,박재란,홍도준,010-2793-8751,경기,성남시 분당구,일반,전자·디지털,모니터,1.3,34.0,14.0,25.0,1.98,1.98,소형,4000.0,2026-08-04,배송완료,2026-08-04 14:34:00,인터넷접수,2026-08-03 16:03:00,2026-08-04,1.3,34,1.3
2100001362,2026-07-20 16:03:00,21,대전지점,C81E2CC1D,김준희,이하우,010-3902-1702,서울,노원구 상계동,일반,도서·문구,살아있는 병아리,13.5,31.0,27.0,21.0,2.93,13.5,중형,6000.0,2026-07-21,배송완료,2026-07-22 17:27:00,방문접수,2026-07-20 16:03:00,2026/07/21,13.5kg,31,13.5
4100002268,2026-05-29 11:37:00,41,울산지점,C7DE21551,정현아,이정란,010-3384-8759,대구,달서구 상인동,일반,의류·패션,운동화(박스포함),1.2,45.0,37.0,31.0,8.6,8.6,중형,6000.0,2026-06-01,배송완료,2026-06-01 12:36:00,인터넷접수,2026-05-29 11:37:00,2026-06-01,1.2,45,8.6
2100000669,2026-06-05 17:37:00,21,대전지점,C3BA0B53F,박규숙,김승원,010-9983-4066,경북,경주시 황성동,일반,식품,김 치,2.7,29.0,21.0,22.0,2.23,2.7,소형,4000.0,,배송완료,2026-06-08 11:22:00,편의점접수,2026-06-05 17:37:00,,2.7,29,2.7
1100001378,2026-06-21 09:00:00,11,서울지점,C03FBD859,이현진,김태식,010-4245-9380,서울,용산구 청파동,일반,의류·패션,운동화,2.5,46.0,40.0,27.0,8.28,8.28,중형,6000.0,2026-06-22,배송완료,2026-06-22 15:50:00,편의점접수,2026-06-21 9:00:00,2026-06-22,2.5,46,8.3
2100002767,2026-06-03 09:19:00,21,대전지점,C2737A4C4,오현빈,김현영,010-9974-4701,충북,청주시 흥덕구,일반,전자·디지털,모니터,1.0,35.0,22.0,11.0,1.41,1.41,소형,4000.0,2026-06-04,배송완료,2026-06-05 20:07:00,인터넷접수,2026-06-03 9:19:00,2026-06-04,1,35,1.4
1100002331,2026-08-04 14:44:00,11,서울지점,CAB511354,이도철,이호진,010-5363-5603,광주,광산구 수완동,일반,의류·패션,라이터,0.4,43.0,40.0,22.0,6.31,6.31,중형,6000.0,2026-08-05,배송완료,,편의점접수,2026-08-04 14:44:00,2026-08-05,0.4,43,6.3
2100002089,2026-07-20 14:52:00,21,대전지점,CFC4D6EBF,윤예란,손윤호,010-6215-6000,강원,속초시 조양동,일반,식품,김치통,6.9,26.0,17.0,24.0,1.77,6.9,중형,6000.0,2026-07-21,배송완료,2026-07-21 20:37:00,편의점접수,2026-07-20 14:52:00,2026-07-21,6.9,26,6.9
1100001904,2026-05-25 15:00:00,11,서울지점,C6D71521B,강영호,이서진,010-5736-6190,서울,용산구 후암동,일반,전자·디지털,키보드,3.9,30.0,31.0,17.0,2.64,3.9,소형,4000.0,,배송완료,2026-05-26 13:17:00,방문접수,26-05-25 15:00,,3.9,30,3.9
1100002855,2026-07-27 16:18:00,11,서울지점,C0754EF95,김성철,오정영,010-2295-3920,대전,서구 둔산동,일반,반려동물,사료,5.7,27.0,30.0,8.0,1.08,5.7,중형,6000.0,2026-07-28,배송완료,2026-07-29 10:53:00,대리점,2026-07-27 16:18:00,2026-07-28,5.7,27,5.7
1200002120,2026-06-01 16:06:00,12,용산지점,CD2876E43,김서원,최규원,010-7473-2104,경남,김해시 장유동,일반,의류·패션,원피스,1.1,32.0,23.0,16.0,1.96,1.96,소형,7000.0,2026-06-02,배송완료,2026-06-02 11:39:00,편의점접수,2026-06-01 16:06:00,2026-06-02,1.1,32,2
4100002252,2026-05-04 14:44:00,41,울산지점,C8F5970B9,김연현,이도현,,대전,대덕구 송촌동,일반,의류·패션,코트,1.5,39.0,35.0,24.0,5.46,5.46,중형,6000.0,2026-05-05,배송완료,2026-05-06 19:20:00,편의점접수,2026-05-04 14:44:00,2026-05-05,1.5,39,5.5
4100001545,2026-05-05 18:08:00,41,울산지점,CFE4920C9,배아연,황민서,010-8513-1992,대전,대덕구 송촌동,일반,의류·패션,반팔티,2.2,45.0,24.0,31.0,5.58,5.58,중형,6000.0,2026-05-06,배송완료,2026-05-06 19:11:00,방문접수,2026-05-05 18:08:00,2026-05-06,2.2,45,5.6
2100001490,2026-07-20 16:06:00,21,대전지점,C289F79D5,이승식,최준진,010-6871-5955,대전,유성구 봉명동,일반,식품,과일선물세트,5.3,27.0,24.0,12.0,1.3,5.3,중형,6000.0,2026-07-21,배송완료,2026-07-21 17:34:00,인터넷접수,2026-07-20 16:06:00,2026-07-21,5.3,27,5.3
1200000591,2026-07-22 11:57:00,12,용산지점,C268C8CBD,김주연,유하희,010-2024-4442,경북,경주시 황성동,일반,식품,커피원두,10.8,30.0,21.0,15.0,1.58,10.8,중형,6000.0,2026-07-23,배송완료,2026-07-23 9:53:00,방문접수,2026-07-22 11:57:00,2026-07-23,10.8,30,10.8
3100000059,2026-06-26 12:42:00,31,진주지점,C2AB7A0E7,이영연,최윤환,010-8329-9520,경남,진주시 평거동,일반,의류·패션,반팔티,1.4,33.0,34.0,28.0,5.24,5.24,중형,6000.0,2026-06-29,배송완료,2026-06-29 17:25:00,인터넷접수,2026-06-26 12:42:00,2026-06-29,1.4,33,5.2
3200001701,2026-05-31 15:53:00,32,거제지점,C08D6A03D,이현철,윤승자,010-4441-9482,전북,전주시 덕진구,일반,의류·패션,원피스,0.9,37.0,38.0,18.0,4.22,4.22,중형,6000.0,2026-06-01,미배송,,방문접수,2026-05-31 15:53:00,2026-06-01,0.9,37,4.2
1100001108,2026-07-07 15:42:00,11,서울지점,CC3F19780,강윤빈,김윤자,010-2979-6660,대구,달서구 상인동,일반,도서·문구,노트,10.1,28.0,16.0,23.0,1.72,10.1,중형,6000.0,2026-07-08,배송완료,2026-07-08 18:34:00,인터넷접수,2026-07-07 15:42:00,2026-07-08,10.1,28,10.1
2100001099,2026-07-13 14:54:00,21,대전지점,CFAD55352,김연환,김나원,010-6602-2285,서울,송파구 잠실동,일반,의류·패션,패딩,1.6,28.0,34.0,22.0,3.49,3.49,중형,6000.0,2026-07-14,배송완료,2026-07-14 17:06:00,편의점접수,2026-07-13 14:54:00,2026-07-14,1.6,28,3.5
1200002797,2026-06-26 15:19:00,12,용산지점,CFD69B19B,김나자,이서자,010 4154 9662,충남,당진시 수청동,일반,전자·디지털,이어폰,3.1,18.0,23.0,26.0,1.79,3.1,소형,4000.0,2026-06-29,배송완료,2026-06-29 13:05:00,편의점접수,2026-06-26 15:19:00,2026-06-29,3.1,18,3.1
1100002241,2026-07-13 12:54:00,11,서울지점,C8C8C562C,김재란,강정식,010-8967-4570,광주,서구 치평동,일반,식품,쌀,7.1,36.0,20.0,14.0,1.68,7.1,중형,6000.0,2026-07-14,배송완료,2026-07-15 14:33:00,방문접수,2026-07-13 12:54:00,2026-07-14,7.1,36,7.1
1200002035,2026-07-20 16:06:00,12,용산지점,CCBFDCE8E,오진호,서재영,010-6886-9803,경남,진주시 초전동,일반,의류·패션,티셔츠,1.3,40.0,32.0,24.0,5.12,5.12,중형,6000.0,2026-07-21,배송완료,2026-07-21 14:04:00,편의점접수,2026-07-20 16:06:00,2026-07-21,1.3,40,5.1
1100002370,2026-07-01 17:54:00,11,서울지점,C4A0E51A1,박영연,유진현,010-5630-9389,경기,용인시 기흥구,일반,화장품·미용,향수,0.5,26.0,25.0,10.0,1.08,1.08,소형,4000.0,2026-07-02,배송완료,2026-07-06 10:51:00,대리점,2026-07-01 17:54:00,2026-07-02,0.5,26,1.1
4100001192,2026-05-16 16:00:00,41,울산지점,CE987FDC2,김아우,조준경,010-2854-8740,서울,마포구 서교동,일반,전자·디지털,키보드,4.4,23.0,17.0,20.0,1.3,4.4,소형,4000.0,2026-05-18,배송완료,2026-05-18 10:18:00,편의점접수,2026-05-16 16:00:00,2026-05-18,4.4,23,4.4
4100002174,2026-06-02 15:27:00,41,울산지점,C7B38FAC5,이준준,이영원,010-7674-1893,대전,유성구 봉명동,일반,반려동물,고양이모래,9.4,29.0,17.0,17.0,1.4,9.4,중형,6000.0,2026-06-03,배송완료,2026-06-03 12:21:00,편의점접수,2026-06-02 15:27:00,2026-06-03,9.4,29,9.4
3100001867,2026-08-04 16:38:00,31,진주지점,C7480FE74,강태희,손서진,010-2800-4048,대전,서구 둔산동,일반,의류·패션,운동화,0.7,28.0,42.0,32.0,6.27,6.27,중형,6000.0,2026-08-05,간선하차,,인터넷접수,08/04/2026 16:38,2026-08-05,0.7,28,6.3
3100000584,2026-05-19 10:43:00,31,진주지점,CF8EF62CE,고성연,박은빈,010-6320-2544,충북,충주시 연수동,일반,생활용품,수납함,5.7,43.0,42.0,17.0,5.12,5.7,중형,6000.0,2026-05-20,배송완료,2026-05-20 16:51:00,인터넷접수,2026/05/19 10:43,2026-05-20,5.7,43,5.7
4100002147,2026-07-06 17:51:00,41,울산지점,CDC33A9E5,신지아,김재미,010-6711-5121,부산,해운대구 우동,일반,의류·패션,가방,1.5,28.0,22.0,29.0,2.98,2.98,소형,4000.0,2026-07-07,배송완료,2026-07-09 19:01:00,인터넷접수,2026-07-06 17:51:00,2026-07-07,1.5,28,3
1100002125,2026-06-08 16:13:00,11,서울지점,CF136A60F,이성영,정아희,010-6495-8082,경남,양산시 물금읍,일반,전자·디지털,키보드,4.8,22.0,19.0,10.0,0.7,4.8,소형,4000.0,2026-06-09,배송완료,2026-06-09 19:40:00,인터넷접수,2026-06-08 16:13:00,2026-06-09,4.8,22,4.8
1100000933,2026-07-31 11:37:00,11,서울지점,C55B9BC42,이우경,김민원,010-9792-6233,서울,강남구 역삼동,일반,의류·패션,운동화,0.7,34.0,30.0,20.0,3.4,3.4,중형,6000.0,2026-08-03,배송완료,2026-08-03 15:43:00,편의점접수,2026-07-31 11:37:00,2026-08-03,0.7,34,3.4
2100000025,2026-07-06 15:49:00,21,대전지점,CC25AF36D,김예자,허유연(경비실),1078415260,서울,용산구 후암동,일반,식품,된장,10.6,25.0,30.0,26.0,3.25,10.6,중형,6000.0,2026-07-07,배송완료,2026-07-14 10:22:00,인터넷접수,2026-07-06 15:49:00,2026-07-07,10.6,25,10.6
4100001122,2026-07-29 18:23:00,41,울산지점,C3910EC34,김성희,임우환,010 6435 7556,부산,해운대구 우동,일반,의류·패션,코트,1.9,28.0,,31.0,,1.9,중형,6000.0,2026-07-30,배송완료,2026-07-30 12:23:00,방문접수,2026-07-29 18:23:00,2026-07-30,1.9,28,5.9
2100002283,2026-07-24 11:38:00,21,대전지점,CACF601DA,이윤연,서은연,010-7745-4524,부산,해운대구 우동,일반,생활용품,수납함,3.1,32.0,34.0,22.0,3.99,3.99,중형,6000.0,2026-07-27,배송완료,2026-07-28 12:04:00,편의점접수,2026-07-24 11:38:00,2026-07-27,3.1,32,4
1100001939,2026-05-10 13:33:00,11,서울지점,C355A626E,박아원,조도준,010-6660-9032,부산,사하구 하단동,일반,식품,건어물,3.7,26.0,28.0,12.0,1.46,3.7,소형,4000.0,2026-05-11,배송완료,2026-05-12 13:32:00,편의점접수,2026-05-10 13:33:00,2026-05-11,3.7,26,3.7
2100002597,2026-07-06 14:35:00,21,대전지점,CAE17EFB9,손성율,정주빈,010-7756-3549,경기,성남시 분당구,일반,가구·침구,베개,1.0,63.0,40.0,49.0,20.58,20.58,대형,9000.0,2026-07-07,배송완료,2026-07-08 16:56:00,편의점접수,2026-07-06 14:35:00,2026-07-07,1,63,20.6
3100001811,2026-05-01 15:08:00,31,진주지점,CD05C3767,유서란,김나우,,부산,동래구 온천동,일반,식품,커피원두,6.4,20.0,27.0,21.0,1.89,6.4,중형,5000.0,2026-05-04,배송완료,2026-05-05 14:29:00,편의점접수,2026-05-01 15:08:00,2026-05-04,6.4,20,6.4
3200001022,2026-08-05 11:00:00,32,거제지점,C5BB22DCC,김유호,고도아,,충북,청주시 흥덕구,일반,의류·패션,원피스,2.4,48.0,38.0,21.0,6.38,6.38,중형,6000.0,2026-08-06,배송중,,편의점접수,2026-08-05 11:00:00,2026-08-06,2.4,48,6.4
1200001497,2026-06-28 10:26:00,12,용산지점,CFF26F44F,백우현,김수미(직접수령),010-4876-7091,경남,진주시 평거동,일반,의류·패션,티셔츠,1.1,30.0,38.0,14.0,2.66,2.66,중형,6000.0,2026-06-29,반품,,인터넷접수,2026-06-28 10:26:00,2026-06-29,1.1,30,2.7
1200001493,2026-05-06 16:05:00,12,용산지점,C078127AE,홍아진,박도영,010-8339-4827,도서산간,백령도 진촌리,도서산간,의류·패션,원피스,1.3,44.0,41.0,13.0,3.91,3.91,중형,11000.0,2026-05-11,배송완료,2026-05-12 11:45:00,인터넷접수,2026-05-06 16:05:00,2026-05-11,1.3,44,3.9
3100001691,2026-06-08 10:26:00,31,진주지점,C09E33777,안우숙,이성미,010-4176-1026,대전,서구 둔산동,일반,가구·침구,쿠션,4.0,56.0,54.0,45.0,22.68,22.68,대형,9000.0,2026-06-09,배송완료,2026-06-09 9:35:00,인터넷접수,2026-06-08 10:26:00,2026-06-09,4,56,22.7
1200000169,2026-07-10 11:24:00,12,용산지점,C5545AA92,정성경,이승철,,경남,거제시 고현동,일반,반려동물,고양이모래,7.3,25.0,32.0,10.0,1.33,7.3,중형,6000.0,2026-07-13,배송완료,2026-07-13 20:23:00,인터넷접수,2026-07-10 11:24:00,2026-07-13,7.3,25,7.3
1100002885,2026-06-03 15:32:00,11,서울지점,C169A63EE,조윤준,이예식,010-6806-1821,경남,진주시 초전동,일반,생활용품,주방용품,1.7,47.0,38.0,22.0,6.55,6.55,중형,6000.0,2026-06-04,배송완료,2026-06-04 9:33:00,방문접수,2026-06-03 15:32:00,2026-06-04,1.7kg,47,6.5
4100000756,2026-05-24 12:19:00,41,울산지점,C11F5EBCE,김성미,강진환,010-6955-4839,충남,서산시 동문동,일반,식품,김,4.5,29.0,20.0,21.0,2.03,4.5,소형,4000.0,2026-05-25,배송완료,2026-05-25 9:03:00,인터넷접수,2026-05-24 12:19:00,2026-05-25,4.5,29,4.5
4100001258,2026-06-19 16:56:00,41,울산지점,C2CFD1F25,오수호,신주원,010-4415-8666,제주,제주시 노형동,제주,도서·문구,다이어리,2.0,27.0,21.0,12.0,1.13,2.0,극소형,6500.0,2026-06-23,배송완료,2026-06-24 10:31:00,인터넷접수,2026-06-19 16:56:00,2026-06-23,2,27,2
3100002644,2026-06-29 17:00:00,31,진주지점,CF9F8EA0D,권우환,손호미,010-4018-1383,충남,서산시 동문동,일반,의류·패션,티셔츠,1.6,37.0,35.0,27.0,5.83,5.83,중형,6000.0,2026-06-30,배송완료,2026-06-30 10:55:00,방문접수,2026-06-29 17:00:00,2026-06-30,1.6,37,5.8
1100002373,2026-05-25 11:01:00,11,서울지점,C6A53E72B,최우준,배승숙,010-8006-5932,도서산간,추자도 대서리,도서산간,의류·패션,원피스,2.0,41.0,26.0,15.0,2.66,2.66,중형,11000.0,2026-05-28,배송완료,2026-05-28 13:56:00,편의점접수,2026/05/25 11:01,2026-05-28,2,41,2.7
1200000087,2026-07-23 16:09:00,12,용산지점,C6E9F1D26,이유율,고은숙,010-4456-8805,서울,용산구 한남동,일반,생활용품,수납함,1.7,43.0,32.0,18.0,4.13,4.13,중형,6000.0,,배송완료,2026-07-24 15:23:00,인터넷접수,2026-07-23 16:09:00,,1.7,43,4.1
3100002699,2026-07-17 13:01:00,31,진주지점,C6345FB7E,남재연,안수란,010-9119-7389,경기,고양시 일산동구,일반,의류·패션,모자,1.9,30.0,36.0,17.0,3.06,3.06,중형,6000.0,2026-07-20,배송완료,2026-07-20 17:57:00,방문접수,2026-07-17 13:01:00,2026-07-20,1.9,30,3.1
1100000931,2026-07-13 11:38:00,11,서울지점,CB941C365,서규준,오도빈,010-6141-8256,전북,군산시 나운동,일반,가구·침구,침구/이불,5.5,59.0,33.0,32.0,10.38,10.38,대형,9000.0,2026-07-14,배송완료,2026-07-14 18:08:00,방문접수,2026-07-13 11:38:00,2026-07-14,5.5,59,10.4
1100002107,2026-06-16 16:16:00,11,서울지점,CA8DF611B,신재미,김성준,010-5383-3549,경북,경주시 황성동,일반,의류·패션,운동화,1.0,44.0,34.0,12.0,2.99,2.99,중형,6000.0,2026-06-17,배송완료,2026-06-17 11:51:00,대리점,2026-06-16 16:16:00,2026-06-17,1,44,3
1100002453,2026-06-04 19:21:00,11,서울지점,C385D1FC3,한은호,박나빈,010-8729-8741,경북,경주시 황성동,일반,식품,건어물,9.5,23.0,16.0,28.0,1.72,9.5,중형,6000.0,2026-06-05,배송완료,2026-06-08 9:13:00,인터넷접수,2026-06-04 19:21:00,2026-06-05,9.5,23,9.5
2100001531,2026-05-26 15:54:00,21,대전지점,C89F8CCED,서태준,임호빈,1032323409,충남,천안시 서북구,일반,식품,라면박스,8.0,21.0,23.0,21.0,1.69,8.0,중형,6000.0,2026-05-27,배송완료,2026-05-27 18:08:00,방문접수,2026-05-26 15:54:00,2026-05-27,8,21,8
4100000574,2026-06-22 10:43:00,41,울산지점,C589FA874,장재희,손예율,010-3861-5330,충남,아산시 배방읍,일반,의류·패션,가방,0.9,40.0,33.0,29.0,6.38,6.38,중형,6000.0,2026-06-23,배송완료,2026-06-23 10:36:00,편의점접수,2026-06-22 10:43:00,2026-06-23,0.9,40,0.9
1100001680,2026-05-19 16:33:00,11,서울지점,C857B8036,서성숙,김도식,010-9528-4307,경북,경주시 황성동,일반,화장품·미용,향수,2.1,21.0,27.0,15.0,1.42,2.1,소형,4000.0,2026-05-20,배송완료,2026-05-20 15:45:00,방문,2026-05-19 16:33:00,2026-05-20,2.1,21,2.1
1100001380,2026-06-08 15:07:00,11,서울지점,CDDD8D099,고현준,허영원,010-4777-7060,경남,창원시 성산구,일반,전자·디지털,이어폰,1.9,22.0,16.0,22.0,1.29,1.9,극소형,3500.0,2026-06-09,배송완료,2026-06-10 14:31:00,방문접수,2026-06-08 15:07:00,2026-06-09,1.9,22,1.9
4100000905,2026-07-17 15:26:00,41,울산지점,C9E011E9D,이윤숙,김승서,,경남,진주시 초전동,일반,식품,과일선물세트,11.8,34.0,17.0,26.0,2.5,11.8,중형,6000.0,,배송완료,2026-07-22 15:18:00,대리점,2026-07-17 15:26:00,,11.8,34,11.8
4100000627,2026-07-24 16:46:00,41,울산지점,CCB11924B,김은원,최아경,,인천,서구 청라동,일반,생활용품,청소기필터,6.2,38.0,29.0,32.0,5.88,6.2,중형,6000.0,2026-07-27,배송완료,2026-07-29 9:00:00,인터넷접수,2026-07-24 16:46:00,2026-07-27,6.2,38,6.2
2100001091,2026-07-20 13:36:00,21,대전지점,C7CCCC2A9,장규현,김호환,010-9071-8275,광주,광산구 수완동,일반,생활용품,휴지,4.9,39.0,29.0,20.0,3.77,4.9,중형,6000.0,2026-07-21,배송완료,2026-07-21 10:53:00,인터넷접수,2026-07-20 13:36:00,2026-07-21,4.9,39,4.9
4100002590,2026-06-10 11:42:00,41,울산지점,C66933097,조수란,최예아,010-8674-8623,경기,남양주시 다산동,일반,의류·패션,코트,0.8,41.0,42.0,25.0,7.18,7.18,중형,6000.0,2026-06-11,배송완료,2026-06-15 14:56:00,인터넷접수,2026-06-10 11:42:00,2026-06-11,0.8,41,0.8
1100000943,2026-07-27 14:47:00,11,서울지점,CCB67C6BD,이윤진,김호우,010-3851-3957,경기,용인시 기흥구,일반,식품,라면박스,7.0,20.0,21.0,20.0,1.4,7.0,중형,6000.0,2026-07-28,배송완료,2026-07-28 11:22:00,인터넷접수,2026-07-27 14:47:00,2026-07-28,7,20,7
2100002433,2026-07-21 10:43:00,21,대전지점,C06E52F57,권규영,남시진,1069075945,충남,아산시 배방읍,일반,전자·디지털,이어폰,1.7,31.0,19.0,16.0,1.57,1.7,소형,4000.0,2026-07-22,배송완료,2026-07-24 14:53:00,방문,2026-07-21 10:43:00,2026-07-22,1.7,31,1.7
2100000986,2026-07-17 17:33:00,21,대전지점,C11F5EBCE,김성미,황시희(경비실),010-4211-2619,서울,용산구 청파동,일반,의류·패션,모자,0.8,38.0,25.0,31.0,4.91,4.91,중형,6000.0,2026-07-20,배송완료,2026-07-20 10:04:00,대리점,2026-07-17 17:33:00,2026-07-20,0.8,38,4.9
1200001445,2026-06-23 18:37:00,12,용산지점,C7120FD0A,이승우,최태우,010-7968-4109,경기,남양주시 다산동,일반,가구·침구,이불 (겨울용),5.7,55.0,38.0,25.0,8.71,8.71,중형,6000.0,2026-06-24,배송완료,2026-06-24 16:31:00,편의점접수,2026-06-23 18:37:00,2026-06-24,5.7,55,8.7
1100001307,2026-07-20 16:44:00,11,서울지점,CD8E64A0F,홍하빈,김지현,010-4618-3935,서울,은평구 응암동,일반,화장품·미용,헤어드라이어,2.9,23.0,18.0,13.0,0.9,2.9,소형,4000.0,2026-07-21,배송완료,2026-07-21 15:21:00,편의점접수,2026-07-20 16:44:00,2026-07-21,2.9,23,2.9
2100002428,2026-06-01 15:33:00,21,대전지점,C2CC517C2,윤아희,김호경,010-7551-1497,경기,고양시 일산동구,일반,생활용품,주방용품,7.3,48.0,36.0,28.0,8.06,8.06,중형,6000.0,2026-06-02,배송완료,2026-06-03 9:08:00,편의점접수,2026-06-01 15:33:00,2026.06.02,7.3,48,8.1
1100001539,2026-07-21 18:34:00,11,서울지점,C80722BD8,김은빈,김태율,010-9023-8502,인천,남동구 구월동,일반,전자·디지털,모니터,2.8,35.0,29.0,20.0,3.38,3.38,중형,6000.0,2026-07-22,반품,,인터넷접수,2026-07-21 18:34:00,2026-07-22,2.8,35,3.4
4100000656,2026-05-05 12:03:00,41,울산지점,C487B0E26,김도율,김지자,010-2083-2221,경기,남양주시 다산동,일반,의류·패션,패딩,1.2,31.0,27.0,18.0,2.51,2.51,소형,4000.0,,배송완료,2026-05-06 9:27:00,인터넷접수,2026-05-05 12:03:00,,1.2,31,2.5
4100002209,2026-06-01 17:58:00,41,울산지점,C3E9F0BA3,정정란,송은미,010-5424-8917,충남,천안시 서북구,일반,의류·패션,원피스,,40.0,40.0,29.0,7.73,7.73,중형,6000.0,2026-06-02,배송완료,2026-06-02 19:16:00,인터넷접수,2026-06-01 17:58:00,2026-06-02,-1,40,7.7
4100002108,2026-06-08 18:54:00,41,울산지점,CD05C3767,유서란,최시미,010-9007-9715,충북,제천시 하소동,일반,전자·디지털,충전기,0.3,31.0,32.0,17.0,2.81,2.81,소형,4000.0,2026-06-09,회수,2026-06-09 15:25:00,편의점접수,2026-06-08 18:54:00,2026-06-09,0.3,31,2.8
2100000149,2026-06-27 11:00:00,21,대전지점,C3883FDC0,이영자,윤호율,010-6892-6336,전남,순천시 조례동,일반,식품,건어물,6.8,25.0,25.0,19.0,1.98,6.8,중형,6000.0,2026-06-29,배송완료,2026-06-30 14:25:00,인터넷접수,2026-06-27 11:00:00,2026-06-29,6.8,25,6.8
4100000175,2026-06-29 09:05:00,41,울산지점,CFC391AA5,조재환,강수연,010-8843-8148,대전,동구 가양동,일반,식품,김치통,4.4,32.0,19.0,25.0,2.53,4.4,소형,4000.0,2026-06-30,배송완료,2026-07-01 13:28:00,방문,2026-06-29 9:05:00,2026-06-30,4.4,32,4.4
3100002137,2026-07-13 11:45:00,31,진주지점,C11BA7985,최하서,이유호,010-6128-4255,경기,부천시 원미구,일반,생활용품,세제,5.2,37.0,22.0,12.0,1.63,5.2,중형,6000.0,2026-07-14,배송완료,2026-07-14 19:22:00,인터넷접수,07/13/2026 11:45,2026-07-14,5.2,37,5.2
2100001441,2026-06-15 14:07:00,21,대전지점,CDFFF94DB,안채진,황규아,1045576299,대구,수성구 범어동,일반,식품,건어물,4.1,32.0,30.0,26.0,4.16,4.16,중형,6000.0,2026-06-16,배송완료,2026-06-16 20:50:00,인터넷접수,2026-06-15 14:07:00,2026-06-16,4.1,32,4.2
2100001030,2026-05-06 09:50:00,21,대전지점,CD7513A8A,조정호,남나아,010-8155-3046,울산,울주군 범서읍,일반,생활용품,세제(대용량),2.8,37.0,28.0,14.0,2.42,2.8,소형,4000.0,2026-05-07,배송완료,2026-05-07 17:56:00,인터넷접수,2026-05-06 9:50:00,2026-05-07,2.8,37,2.8
3200000955,2026-06-23 17:30:00,32,거제지점,CAB511354,이도철,이시희,010-6795-2482,경남,진주시 평거동,일반,식품,백미,3.2,24.0,16.0,12.0,0.77,3.2,소형,4000.0,2026-06-24,배송완료,2026-06-27 16:40:00,편의점접수,2026-06-23 17:30:00,2026-06-24,3.2,24,3.2
1200002775,2026-07-27 11:50:00,12,용산지점,CEF48F134,장준준,황재철,010-6203-3996,대전,서구 둔산동,일반,전자·디지털,공유기,2.0,36.0,16.0,12.0,1.15,2.0,소형,4000.0,2026-07-28,배송완료,2026-07-28 15:26:00,인터넷접수,2026-07-27 11:50:00,2026-07-28,2,36,2
2100000266,2026-06-22 18:45:00,21,대전지점,CB278F99A,최승희,박수경,010-5735-8438,서울,용산구 한남동,일반,생활용품,청소기필터,4.7,34.0,33.0,32.0,5.98,5.98,중형,6000.0,2026-06-23,배송완료,2026-06-23 19:22:00,방문접수,2026-06-22 18:45:00,2026-06-23,4.7,34,6
3100002529,2026-06-09 17:11:00,31,진주지점,C8BA4B298,고태진,박채율,,전남,목포시 하당,일반,식품,라면박스,10.8,20.0,16.0,13.0,0.69,10.8,중형,6000.0,2026-06-10,미배달,,방문접수,2026-06-09 17:11:00,2026-06-10,10.8,20,10.8
1100000067,2026-07-13 17:37:00,11,서울지점,C91FFA8C2,김준경,김성우,010-8110-6852,경남,거제시 옥포동,일반,생활용품,주방용품,3.4,28.0,24.0,14.0,1.57,3.4,소형,4000.0,2026-07-14,배송완료,2026-07-14 14:42:00,편의점접수,2026-07-13 17:37:00,2026-07-14,3.4,28,3.4
1100000210,2026-06-29 15:16:00,11,서울지점,C640E4879,안규호,김영율,010-7686-7226,경기,화성시 동탄,일반,식품,커피원두,2.5,20.0,17.0,18.0,1.02,2.5,소형,4000.0,2026-06-30,배송완료,2026-07-01 18:50:00,인터넷접수,2026-06-29 15:16:00,2026-06-30,2.5,20,2.5
1100001760,2026-06-01 14:51:00,11,서울지점,C4349F5D9,정현자,김진호,,대전,유성구 봉명동,일반,전자·디지털,태블릿케이스,3.1,31.0,21.0,21.0,2.28,3.1,소형,4000.0,,배송완료,2026-06-02 11:00:00,편의점접수,2026-06-01 14:51:00,,3.1,31,3.1
1100002346,2026-06-25 18:25:00,11,서울지점,C97F38933,김영서,박정철,102630788,경기,용인시 기흥구,일반,식품,커피원두,12.0,24.0,18.0,14.0,1.01,12.0,중형,6000.0,2026-06-26,배송완료,2026-06-26 13:05:00,편의점접수,2026-06-25 18:25:00,2026-06-26,12,24,12
4100002205,2026-06-05 10:41:00,41,울산지점,C3B6FA727,윤지서,신주진 님,,대전,유성구 노은동,일반,의류·패션,청바지,2.1,33.0,27.0,14.0,2.08,2.1,소형,4000.0,2026-06-08,배송완료,2026-06-09 18:38:00,편의점접수,2026-06-05 10:41:00,2026-06-08,2.1,33,2.1
1200002046,2026-05-06 12:47:00,12,용산지점,C7FAE69B9,김준율,조승진,010-5021-3198,도서산간,추자도 대서리,도서산간,식품,된장,11.0,36.0,16.0,27.0,2.59,11.0,중형,11000.0,2026-05-11,배송완료,2026-05-11 11:40:00,편의점접수,2026-05-06 12:47:00,2026-05-11,11,36,11
4100002950,2026-05-25 14:19:00,41,울산지점,C3B6FA727,윤지서,박호환,010-4421-1115,충북,청주시 흥덕구,일반,생활용품,수납함,7.5,42.0,33.0,31.0,7.16,7.5,중형,6000.0,,배송완료,2026-05-27 10:43:00,편의점접수,2026-05-25 14:19:00,,7.5,42,7.5
2100002231,2026-05-26 18:07:00,21,대전지점,C66A3E039,권수자,서호영(직접수령),010-5879-2974,서울,용산구 한남동,일반,식품,건어물,8.7,24.0,27.0,22.0,2.38,8.7,중형,6000.0,2026-05-27,배송완료,,편의점접수,2026-05-26 18:07:00,2026-05-27,8.7,24,8.7
2100001686,2026-05-20 12:33:00,21,대전지점,C8EC787C5,최채준,임나경 님,010-2372-3392,부산,사하구 하단동,일반,전자·디지털,충전기,3.1,28.0,26.0,14.0,1.7,3.1,소형,4000.0,2026-05-21,반품,2026-05-21 18:07:00,인터넷접수,2026-05-20 12:33:00,2026-05-21,3.1,28,3.1
1100002749,2026-06-24 18:43:00,11,서울지점,C942A9BE7,황채철,김도숙,,울산,남구 삼산동,일반,의류·패션,코트,2.4,34.0,28.0,14.0,2.22,2.4,소형,4000.0,2026-06-25,배송완료,2026-06-26 10:11:00,편의점접수,2026-06-24 18:43:00,2026-06-25,2.4,34,2.4
1200001368,2026-07-11 12:30:00,12,용산지점,C0574FA2F,김우율,김재미,010-3231-4633,대전,동구 가양동,일반,생활용품,빨래건조대,1.3,40.0,37.0,14.0,3.45,3.45,중형,6000.0,2026-07-13,배송완료,2026-07-13 17:04:00,대리점,2026-07-11 12:30:00,2026-07-13,1.3,40,3.5
2100000932,2026-06-15 17:21:00,21,대전지점,C11155D44,박현호,박윤연,010-6118-6122,인천,연수구 송도동,일반,의류·패션,운동화,2.9,29.0,37.0,16.0,2.86,2.9,중형,6000.0,2026-06-16,배송완료,2026-06-16 19:14:00,인터넷접수,2026-06-15 17:21:00,2026-06-16,999,29,2.9
3200001674,2026-05-19 14:46:00,32,거제지점,C53D9810E,임준빈,김나진,010-7282-3313,충남,당진시 수청동,일반,전자·디지털,공유기,3.5,36.0,27.0,26.0,4.21,4.21,중형,6000.0,2026-05-20,배송완료,2026-05-25 10:51:00,방문접수,2026-05-19 14:46:00,2026-05-20,3.5,36,4.2
1200001344,2026-06-09 17:23:00,12,용산지점,C66B7B8CD,김호경,김태아,,강원,춘천시 퇴계동,일반,의류·패션,원피스,1.8,30.0,,19.0,,1.8,중형,6000.0,2026-06-10,배송완료,2026-06-10 17:19:00,인터넷접수,2026-06-09 17:23:00,2026-06-10,1.8,30,3.5
1200000970,2026-07-01 11:20:00,12,용산지점,CBD79DF4B,서재호,김나란,010-3645-7766,울산,남구 옥동,일반,의류·패션,모자,0.3,35.0,29.0,14.0,2.37,2.37,소형,4000.0,2026-07-02,배송완료,2026-07-02 16:01:00,인터넷접수,2026-07-01 11:20:00,2026-07-02,0.3,35,2.4
1200002979,2026-07-13 15:56:00,12,용산지점,CC8B8AFF5,박지연,이연우(경비실),,광주,광산구 수완동,일반,도서·문구,필기구세트,2.9,35.0,25.0,22.0,3.21,3.21,중형,6000.0,2026-07-14,배송완료,2026-07-14 18:59:00,인터넷접수,2026-07-13 15:56:00,2026-07-14,2.9,35,3.2
2100002366,2026-06-17 19:26:00,21,대전지점,CC040DA52,이도율,강서우,010-8325-9339,서울,노원구 상계동,일반,도서·문구,책 30권,5.2,20.0,26.0,28.0,2.43,5.2,중형,9000.0,2026-06-18,배송완료,2026-06-18 18:46:00,편의점접수,2026-06-17 19:26:00,2026-06-18,5.2,20,5.2
1100000159,2026-06-22 16:39:00,11,서울지점,C931420E1,김성미,김지진,010 4603 1181,서울,마포구 서교동,일반,도서·문구,문제집,1.8,22.0,27.0,24.0,2.38,2.38,소형,4000.0,2026-06-23,배송완료,2026-06-23 18:14:00,인터넷접수,2026-06-22 16:39:00,2026-06-23,1.8,22,2.4
3100002254,2026-07-06 16:09:00,31,진주지점,C3FE6A3FB,이서현,강현서,1029196902,전남,여수시 학동,일반,전자·디지털,모니터,4.7,31.0,17.0,20.0,1.76,4.7,소형,4000.0,2026-07-07,배송완료,2026-07-08 20:23:00,편의점접수,2026-07-06 16:09:00,2026-07-07,4.7,31,4.7
3100002881,2026-06-29 15:04:00,31,진주지점,C57192709,김시호,윤지우,010-9397-2519,충북,청주시 흥덕구,일반,화장품·미용,스킨케어세트,2.6,37.0,22.0,16.0,2.17,2.6,소형,4000.0,2026-06-30,배송완료,2026-06-30 12:15:00,편의점접수,26-06-29 15:04,2026-06-30,2.6,37,2.6
1200001336,2026-07-29 09:12:00,12,용산지점,C6047CAF5,안정철,김지영,010-2716-1484,경남,진주시 충무공동,일반,생활용품,청소기필터,1.9,47.0,40.0,24.0,7.52,7.52,중형,6000.0,2026-07-30,배송완료,2026-07-30 17:57:00,인터넷접수,2026-07-29 9:12:00,2026-07-30,1.9,47,7.5
1100000129,2026-05-18 10:47:00,11,서울지점,CF6832C14,임수서,박규환,010-9150-6766,경남,거제시 장승포동,일반,반려동물,사료,8.8,35.0,27.0,13.0,2.05,8.8,중형,6000.0,2026-05-19,배송완료,2026-05-21 10:13:00,대리점,2026-05-18 10:47:00,2026-05-19,8.8,35,8.8
1100001763,2026-07-09 13:42:00,11,서울지점,C176F1945,이하경,최채경,010-8542-2477,경남,거제시 장승포동,일반,전자·디지털,태블릿케이스,4.0,23.0,14.0,9.0,0.48,4.0,소형,4000.0,2026-07-10,배송완료,2026-07-10 19:21:00,편의점접수,2026-07-09 13:42:00,2026-07-10,4,23,4
3100000091,2026-06-04 12:54:00,31,진주지점,CF3B71D92,강민호,안주진,,서울,용산구 청파동,일반,의류·패션,운동화,2.0,46.0,31.0,24.0,5.7,5.7,중형,6000.0,2026-06-05,배송완료,2026-06-05 9:35:00,편의점접수,2026-06-04 12:54:00,2026.06.05,2,46,5.7
1100002607,2026-06-10 19:24:00,11,서울지점,CD89A8AE3,이연호,송성숙,010-5580-8344,서울,송파구 잠실동,일반,생활용품,빨래건조대,1.2,43.0,27.0,15.0,2.9,2.9,중형,6000.0,2026-06-11,배송완료,,인터넷접수,2026-06-10 19:24:00,2026-06-11,1.2,43,2.9
3200000826,2026-07-17 17:47:00,32,거제지점,C1F55BB3A,문규환,임진환,010-4055-3337,경북,안동시 옥동,일반,전자·디지털,태블릿케이스,3.3,28.0,14.0,24.0,1.57,3.3,소형,4000.0,2026-07-20,배송완료,2026-07-25 9:56:00,인터넷접수,2026-07-17 17:47:00,2026-07-20,3.3,28,3.3
1100002920,2026-05-04 12:49:00,11,서울지점,C702C4381,이호숙,류영율,010-4354-4068,서울,용산구 한남동,일반,생활용품,주방용품,5.4,39.0,36.0,12.0,2.81,5.4,중형,6000.0,2026-05-05,배송완료,2026-05-05 11:27:00,인터넷접수,2026-05-04 12:49:00,2026-05-05,5.4,39,5.4
2100001633,2026-06-23 17:31:00,21,대전지점,CA5959E5F,이서경,김지미,010-8799-9192,경남,진주시 충무공동,일반,화장품·미용,향수,0.5,33.0,27.0,10.0,1.48,1.48,소형,4000.0,2026-06-24,배송완료,2026-06-24 10:13:00,방문접수,2026-06-23 17:31:00,2026-06-24,0.5,33,1.5
4100002219,2026-06-02 11:11:00,41,울산지점,CC6D81BD7,이호빈,이민경 님,010-7737-3583,대구,북구 침산동,일반,전자·디지털,이어폰,3.8,37.0,14.0,19.0,1.64,3.8,소형,4000.0,2026-06-03,배송완료,2026-06-04 10:10:00,방문접수,2026-06-02 11:11:00,2026-06-03,3.8,37,3.8
3200000290,2026-06-02 16:42:00,32,거제지점,C704105DD,오하진,문진우,102665814,광주,북구 운암동,일반,식품,된장,11.4,34.0,20.0,24.0,2.72,11.4,중형,6000.0,2026-06-03,미배송,,편의점접수,2026-06-02 16:42:00,2026-06-03,11.4,34,11.4
1100001277,2026-06-16 15:39:00,11,서울지점,C1384513B,김우호,김승자,,대구,북구 침산동,일반,화장품·미용,샴푸,0.3,27.0,27.0,9.0,1.09,1.09,소형,4000.0,2026-06-17,배송완료,2026-06-18 16:16:00,방문접수,2026/06/16 15:39,2026.06.17,0.3,27,1.1
2100001807,2026-05-05 15:44:00,21,대전지점,C2F7C93A2,김민서,김지희,010-6209-2738,대전,유성구 봉명동,일반,의류·패션,패딩,2.4,33.0,42.0,21.0,4.85,4.85,중형,6000.0,2026-05-06,배송완료,2026-05-06 14:43:00,인터넷접수,2026-05-05 15:44:00,2026-05-06,2.4,33,4.9
2100002239,2026-06-08 16:42:00,21,대전지점,CCEAB9A05,임나란,안도식,010-7243-4982,서울,은평구 응암동,일반,식품,된장,9.5,30.0,29.0,14.0,2.03,9.5,중형,6000.0,2026-06-09,배송완료,2026-06-09 17:54:00,인터넷접수,2026-06-08 16:42:00,2026-06-09,9.5,30,9.5
4100001561,2026-07-24 16:32:00,41,울산지점,C995150A2,김아우,이수영,1042367840,경남,양산시 물금읍,일반,생활용품,빨래건조대,5.6,41.0,39.0,19.0,5.06,5.6,중형,6000.0,2026-07-27,배송완료,2026-07-27 13:58:00,편의점접수,2026-07-24 16:32:00,2026-07-27,5.6,41,5.6
4100000868,2026-06-11 15:57:00,41,울산지점,C21A998D0,조현빈,전아자,106849179,서울,용산구 후암동,일반,의류·패션,원피스,1.1,31.0,41.0,28.0,5.93,5.93,중형,6000.0,2026-06-12,배송완료,2026-06-12 13:53:00,인터넷접수,2026-06-11 15:57:00,2026-06-12,1.1,31,5.9
4100000096,2026-06-30 16:04:00,41,울산지점,C91AE5D79,안주원,김호숙,010-6653-3346,대전,대덕구 송촌동,일반,전자·디지털,키보드,1.3,19.0,15.0,21.0,1.0,1.3,극소형,3500.0,2026-07-01,배송완료,2026-07-03 18:07:00,편의점접수,2026-06-30 16:04:00,2026-07-01,1.3,19,1.3
4100000460,2026-06-15 19:22:00,41,울산지점,CC19DBAC2,이채식,이정서,010-6715-9741,울산,북구 명촌동,일반,반려동물,사료,6.8,37.0,25.0,9.0,1.39,6.8,중형,6000.0,2026-06-16,배송완료,2026-06-16 13:55:00,인터넷접수,2026-06-15 19:22:00,2026-06-16,6.8,37,6.8
3200001607,2026-07-01 11:53:00,32,거제지점,C22D3DCB8,강진희,강서우,108914494,대전,유성구 봉명동,일반,도서·문구,필기구세트,11.0,33.0,16.0,26.0,2.29,11.0,중형,6000.0,2026-07-02,배송완료,2026-07-06 12:44:00,편의점접수,2026-07-01 11:53:00,2026-07-02,11,33,11
1100000272,2026-06-12 16:14:00,11,서울지점,C11BA7985,최하서,김도철,010-4664-4330,경남,거제시 옥포동,일반,생활용품,빨래건조대,1.6,30.0,41.0,21.0,4.3,4.3,중형,6000.0,2026-06-15,배송완료,2026-06-16 14:05:00,인터넷접수,2026-06-12 16:14:00,2026-06-15,1.6,30,4.3
1200001704,2026-05-20 11:48:00,12,용산지점,C4F880654,박유원,김준우,010-9503-7795,서울,송파구 잠실동,일반,의류·패션,청바지,1.8,38.0,41.0,21.0,5.45,5.45,중형,6000.0,2026-05-21,배송완료,2026-05-22 16:53:00,인터넷접수,2026-05-20 11:48:00,2026-05-21,1.8,38,5.5
1100000193,2026-06-22 11:54:00,11,서울지점,CFC79D707,양서영,박하서,107291899,경기,남양주시 다산동,일반,식품,된장,8.4,28.0,20.0,14.0,1.31,8.4,중형,6000.0,2026-06-23,배송완료,2026-06-23 13:16:00,방문접수,26-06-22 11:54,2026-06-23,8.4,28,8.4
2100001909,2026-06-01 14:26:00,21,대전지점,C5F2177D0,임채우,정승호,1044985979,대전,유성구 봉명동,일반,생활용품,빨래건조대,2.2,47.0,34.0,23.0,6.13,6.13,중형,6000.0,2026-06-02,배송완료,,방문접수,2026-06-01 14:26:00,2026-06-02,2.2,47,6.1
3200000434,2026-05-02 12:53:00,32,거제지점,CB11C79CA,김연희,최진빈(경비실),010-6358-6965,강원,원주시 무실동,일반,생활용품,주방용품,7.1,34.0,41.0,29.0,6.74,7.1,중형,6000.0,2026-05-04,배송완료,2026-05-06 14:10:00,편의점접수,2026-05-02 12:53:00,2026-05-04,7.1,34,7.1
4100000725,2026-05-04 12:54:00,41,울산지점,CDB653C5C,김은란,황수연,010-7903-3800,울산,중구 성남동,일반,도서·문구,책,7.7,24.0,20.0,28.0,2.24,7.7,중형,6000.0,2026-05-05,배송완료,2026-05-06 16:50:00,인터넷접수,2026-05-04 12:54:00,2026-05-05,7.7,24,7.7
2100000466,2026-07-03 17:05:00,21,대전지점,C458A08DF,송호식,김성호,010-7152-9333,경기,수원시 영통구,일반,식품,포기김치,2.8,35.0,28.0,20.0,3.27,3.27,중형,6000.0,2026-07-06,배송완료,2026-07-06 11:43:00,방문접수,2026-07-03 17:05:00,2026-07-06,2.8,35,3.3
2100001990,2026-05-18 17:38:00,21,대전지점,CE1587470,양진준,류현식,010-8600-9476,경기,화성시 동탄,일반,가구·침구,베개,3.2,59.0,54.0,31.0,16.46,16.46,대형,9000.0,2026-05-19,배송완료,2026-05-19 13:36:00,인터넷접수,2026-05-18 17:38:00,2026-05-19,3.2,59,16.5
1100000099,2026-06-05 14:47:00,11,서울지점,CAD196612,이시빈,안도서,010-2812-9599,서울,용산구 이태원동,일반,의류·패션,원피스,0.8,47.0,34.0,12.0,3.2,3.2,중형,6000.0,2026-06-08,배송완료,2026-06-08 19:13:00,인터넷접수,2026-06-05 14:47:00,2026-06-08,0.8,47,3.2
1100000593,2026-06-15 15:58:00,11,서울지점,C3EBA19A9,안우영,서지철,106231591,경기,고양시 일산동구,일반,식품,김,10.7,38.0,22.0,15.0,2.09,10.7,중형,6000.0,2026-06-16,배송완료,2026-06-16 15:08:00,편의점접수,2026-06-15 15:58:00,2026-06-16,10.7,38,10.7
3200001466,2026-05-26 09:52:00,32,거제지점,C4B9949E7,황규아,신지현,010-9560-4619,경북,구미시 인동,일반,생활용품,수납함,7.6,36.0,28.0,28.0,4.7,7.6,중형,6000.0,2026-05-27,미배송,,편의점접수,2026-05-26 9:52:00,2026-05-27,7.6,36,7.6
4100000106,2026-08-03 12:40:00,41,울산지점,C136078F7,김성환,박주자,010-2060-1229,충남,당진시 수청동,일반,전자·디지털,충전기,1.9,40.0,14.0,24.0,2.24,2.24,소형,4000.0,2026-08-04,배송완료,2026-08-04 14:30:00,인터넷접수,2026-08-03 12:40:00,2026-08-04,1.9,40,2.2
1200002234,2026-07-20 19:55:00,12,용산지점,C831B3621,장진빈,강유영,010-2995-2240,경기,고양시 일산동구,일반,도서·문구,필기구세트,4.2,30.0,22.0,21.0,2.31,4.2,소형,4000.0,2026-07-21,배송완료,2026-07-21 14:28:00,편의점접수,2026-07-20 19:55:00,2026-07-21,4.2,30,4.2
3200000245,2026-05-25 14:53:00,32,거제지점,C4734EB05,이도식,정시아,010-2751-9855,대전,대덕구 송촌동,일반,식품,건어물,9.8,22.0,24.0,13.0,1.14,9.8,중형,6000.0,2026-05-26,미배송,,편의점접수,2026-05-25 14:53:00,2026-05-26,9.8,22,9.8
3100001543,2026-06-17 14:15:00,31,진주지점,CDB48D910,김수미,조도환,010-8724-9378,경남,거제시 고현동,일반,의류·패션,코트,1.1,28.0,36.0,26.0,4.37,4.37,중형,6000.0,2026-06-18,배송완료,2026-06-18 9:15:00,인터넷접수,2026-06-17 14:15:00,2026-06-18,1.1,28,4.4
1100000843,2026-06-15 19:37:00,11,서울지점,CDBF463CD,김성철,최시진,010-5362-4347,제주,서귀포시 중문동,제주,생활용품,주방용품,6.4,40.0,24.0,18.0,2.88,6.4,중형,9000.0,2026-06-17,배송완료,2026-06-17 18:31:00,편의점접수,2026-06-15 19:37:00,2026-06-17,6.4,40,6.4
2100001976,2026-05-15 15:06:00,21,대전지점,C18FE369E,송수아,김민현,103960517,울산,중구 성남동,일반,전자·디지털,이어폰,5.3,33.0,19.0,21.0,2.19,5.3,중형,6000.0,2026-05-18,배송완료,2026-05-18 9:03:00,편의점접수,2026-05-15 15:06:00,2026-05-18,5.3,33,5.3
3200002186,2026-07-17 11:53:00,32,거제지점,C9EE95090,김호환,박호우,010-7778-6907,대전,서구 둔산동,일반,식품,된장,5.4,,30.0,28.0,,5.4,중형,6000.0,2026-07-20,배송완료,,인터넷접수,2026-07-17 11:53:00,2026-07-20,5.4,0,5.4
1100000039,2026-07-27 19:16:00,11,서울지점,C8D719BED,이진율,황나우,,경기,용인시 기흥구,일반,도서·문구,문제집,5.2,31.0,23.0,14.0,1.66,5.2,중형,6000.0,2026-07-28,배송완료,2026-07-29 14:00:00,편의점접수,2026-07-27 19:16:00,2026-07-28,5.2,31,5.2
4100001434,2026-06-23 15:31:00,41,울산지점,C6FC49349,조유환,김정아,010-6663-7128,경남,김해시 장유동,일반,화장품·미용,헤어드라이어,2.2,20.0,18.0,19.0,1.14,2.2,소형,4000.0,2026-06-24,배송완료,2026-06-24 19:38:00,방문접수,2026-06-23 15:31:00,2026-06-24,2.2,20,2.2
1100001418,2026-06-30 19:41:00,11,서울지점,CEF09C048,이예준,강나식,010-6497-5064,경남,거제시 고현동,일반,도서·문구,문제집,12.8,38.0,23.0,13.0,1.89,12.8,중형,6000.0,2026-07-01,배송완료,2026-07-01 11:38:00,편의점접수,2026.06.30 19시41분,2026-07-01,12.8,38,12.8
4100000469,2026-07-20 15:47:00,41,울산지점,C756A8EC2,배태진,박성율,010 3539 8283,충북,제천시 하소동,일반,식품,김치통,1.5,35.0,26.0,21.0,3.18,3.18,중형,6000.0,2026-07-21,배송완료,2026-07-22 12:00:00,인터넷접수,2026-07-20 15:47:00,2026-07-21,1.5,35,3.2
1200002553,2026-06-05 16:17:00,12,용산지점,C6DAD2ACD,박민호,김현란,010-8337-9157,경기,성남시 분당구,일반,의류·패션,티셔츠,1.7,33.0,38.0,27.0,5.64,5.64,중형,6000.0,2026-06-08,배송완료,2026-06-08 12:29:00,인터넷접수,2026-06-05 16:17:00,2026-06-08,1.7,33,5.6
4100002134,2026-06-16 11:35:00,41,울산지점,C2AB7A0E7,이영연,윤도미,010-9325-5801,제주,제주시 연동,제주,의류·패션,코트,0.4,37.0,34.0,21.0,4.4,4.4,중형,9000.0,2026-06-18,배송완료,2026-06-19 18:01:00,편의점접수,2026-06-16 11:35:00,2026-06-18,0.4,37,4.4
1100000726,2026-05-25 16:46:00,11,서울지점,C5DB023AF,김정원,안채진,010-3219-9629,부산,부산진구 부전동,일반,식품,라면박스,5.0,25.0,15.0,21.0,1.31,5.0,소형,4000.0,2026-05-26,배송완료,2026-05-26 20:37:00,인터넷접수,2026-05-25 16:46:00,2026-05-26,5,25,5
1200002727,2026-05-19 10:56:00,12,용산지점,C97783300,김재철,박현영,010-5806-3227,울산,남구 삼산동,일반,반려동물,고양이모래,5.3,30.0,30.0,11.0,1.65,5.3,중형,6000.0,2026-05-20,배송완료,2026-05-20 9:40:00,편의점접수,2026-05-19 10:56:00,2026-05-20,5.3,30,5.3
